:020000040800F2
:1000000000EF01206102000851300008493000086B
:100010004D300008010B0008A14E00080000000050
:10002000000000000000000000000000A101000826
:10003000350B000800000000FD0100088D47000896
:100040008502000885020008850200088502000874
:100050008502000885020008850200088502000864
:100060008502000885020008850200088502000854
:100070008502000885020008850200088502000844
:100080008502000885020008850200088502000834
:100090008502000885020008850200088502000824
:1000A0008502000885020008850200088502000814
:1000B0008502000885020008B5470008850200088F
:1000C00085020008850200088502000885020008F4
:1000D00085020008894D000885020008994D000836
:1000E00085020008850200088502000885020008D4
:1000F00085020008850200088502000885020008C4
:1001000085020008850200088502000885020008B3
:1001100085020008850200088502000885020008A3
:100120008502000885020008850200088502000893
:10013000050B0008F10B0008850200088502000885
:100140008502000885020008850200088502000873
:100150008502000885020008850200088502000863
:100160008502000885020008850200088502000853
:1001700085020008850200088502000800000000D2
:100180008502000885020008DFF810D000F0CAFBE5
:1001900000480047DDF60008AFF3008000EF0120C3
:1001A0002C4B19680868B0E8F04F80F30988BFF35A
:1001B0006F8F4FF0000080F311887047000000003F
:1001C00008480068006880F308884FF0000080F35A
:1001D000148862B661B6BFF34F8FBFF36F8F00DF35
:1001E00000BF00BF08ED00E0DFF80C00016841F43B
:1001F00070010160704700BF88ED00E0EFF30980F7
:10020000BFF36F8F134B1A681EF0100F08BF20ED5D
:10021000108A20E9F04F106009B44FF0500080F3CD
:100220001188BFF34F8FBFF36F8F1CF0A5FC4FF009
:10023000000080F3118809BC19680868B0E8F04F25
:100240001EF0100F08BFB0EC108A80F30988BFF3CE
:100250006F8F7047E4020020EFF3058070470000C5
:100260000948016841F47001016008488047084866
:100270000047FEE7FEE7FEE7FEE7FEE7FEE7FEE7F4
:10028000FEE7FEE7FEE7000088ED00E0A14700087A
:10029000890100082DE9F05F0546002092469B4643
:1002A00088460646814640241BE02846414647468C
:1002B000224600F087FA53465A46C01A914110D39D
:1002C00011461846224600F06EFA2D1A67EB010817
:1002D0004F4622460120002100F065FA17EB000985
:1002E0004E41201EA4F10104DFDC484631462A4677
:1002F0004346BDE8F09F000000487047CC13020859
:10030000A0F14101192900D8203070470649074A59
:100310000868504343F239021044086040087047AF
:100320000149086070470000640300206D4EC6411B
:1003300010B5431A934209D28318881803E010F8C5
:10034000011D03F8011D521EF9D210BD40EA010340
:100350009B0703D009E008C9121F08C0042AFAD27B
:1003600003E011F8013B00F8013B521EF9D210BD29
:10037000D2B201E000F8012B491EFBD270470022E7
:10038000F6E710B513460A4604461946FFF7F0FF94
:10039000204610BD30B505462A460B4612F8010B23
:1003A00013F8014B08B1A042F8D01CB1002802D0CC
:1003B0006D1CF1E7284630BD10B5044604E00B780B
:1003C00000F8013B03B1491C521EF8D2204610BD73
:1003D000421C10F8011B0029FBD1801A704730B570
:1003E00004460020034600E05B1C934203D2E05C1D
:1003F000CD5C401BF8D030BD2DE9FE4F804681EA30
:100400000300C00F0C46009021F0004123F000458E
:10041000B8EB0200A94105D24046214690461C4651
:100420000B46024623F00040104347D0270DC7F388
:100430000A00C3F30A510290401A019040286BDA77
:10044000C3F3130040F4801B0098924620B10023B0
:10045000D2EB030A63EB0B0B01985946C0F1400243
:10046000504600F0A0F906460D4650465946019AFE
:1004700000F0B8F910EB08006141002487EA11523E
:1004800084EAE7731A4340D0009A62B3019A012AC2
:100490004FEA075215DC001B61EB02014FF00042EE
:1004A00002EA0752CDE90042001C41F580113246B4
:1004B0002B4600F0B8F903B0BDE8F08F4046214666
:1004C000F9E7001B61EB0201001C41F580130018E5
:1004D0005B412018A2F5001747EB030140EAD570F5
:1004E000B6196D4111E06D084FEA360645EAC07550
:1004F0004FEA0752001B61EB0201001C41F580111D
:1005000049084FEA30000019514132462B4603B0EA
:10051000BDE8F04F00F078B90098012240000023B8
:10052000D0EB020263EBE073009821464FEAE074DF
:10053000B8EB000061EB0401E9E783F000435BE7FF
:1005400081F0004158E72DE9FE4F81EA030404F0F1
:10055000004421F0004100944FF0000B23F00043D1
:1005600050EA01045ED052EA03045BD0C3F30A549C
:10057000C1F30A552C44A4F2F3340194A0FB0254B5
:10058000C1F3130141F48011C3F3130343F4801347
:1005900001FB024400FB034E840A970A44EA81549B
:1005A00047EA8357A4FB076802958D0A05FB078578
:1005B0004FEA932C04FB0C542705029D4FEA065882
:1005C00047EA1637B5EB08056EEB070C870E920E5F
:1005D00047EA811742EA8312A7FB0201B6EB0B013F
:1005E00064EB00042B0D43EA0C335E1844EB1C5003
:1005F000DA465146E7FB0201C5F313044FEA0B3319
:1006000043EA14534FEA0432019C43EA0603A4F17F
:100610000C040294009CCDE900B400F004F903B08E
:10062000BDE8F08F00200146F9E72DE9F04D81EAA1
:10063000030404F0004B21F0004514464FF0000A7B
:1006400023F0004150EA050220D054EA01021DD0F7
:10065000C5F30A570246C5F31303C1F31300C1F3F0
:100660000A5640F4801543F48013A7EB0608101BCC
:10067000D64608F2FD3873EB050002D308F10108F5
:1006800001E092185B41B8F1000F03DA0020014647
:10069000BDE8F08D00204FF48011064684460EE040
:1006A000171B73EB050705D3121B63EB050306430A
:1006B0004CEA010C49084FEA300092185B4150EABD
:1006C0000107EDD152EA030012D082EA040083EA66
:1006D0000501084305D0101BAB4106D201220023BF
:1006E00006E000224FF0004302E06FF001025310D9
:1006F0001AEB06004CEB085110EB0A0041EB0B0122
:10070000BDE8F04D00F080B80EB540F233410291E3
:100710000021CDE900110A460B4600F084F803B031
:1007200000BDC1F30A5210B5C1F3130140F2FF330B
:1007300041F480119A4201DA002010BD40F23343A7
:100740009A42A2F2334203DC524200F03BF810BD61
:10075000904010BD00F0004230F000400AD0C10DC2
:1007600001F56071C0F3160042EA0151C20840076A
:100770001143704700200146704730B50B460146D3
:1007800000202022012409E021FA02F59D4205D330
:1007900003FA02F5491B04FA02F52844151EA2F1DA
:1007A0000102F1DC30BD202A04DB203A00FA02F11C
:1007B000002070479140C2F1200320FA03F319434F
:1007C00090407047202A04DB203A21FA02F00021F1
:1007D000704721FA02F3D040C2F120029140084351
:1007E00019467047202A06DBCB17203A41FA02F05F
:1007F00043EAE07306E041FA02F3D040C2F120027E
:10080000914008431946704710B5141E73F1000457
:1008100008DA401C41F1000192185B411A4301D1F2
:1008200020F0010010BD2DE9F04D92469B4611B11C
:10083000B1FA81F202E0B0FA80F220329046FFF77E
:10084000B2FF04460F4640EA0A0041EA0B01534654
:100850005A46084313D0114653EA010019D0C8F193
:1008600040025046FFF7AEFF05460E465046594639
:100870004246FFF798FF084305D0012004E02046D8
:100880003946BDE8F08D0020054346EAE0762C436A
:1008900037430A986305E40AA0EB08000022FD0A2A
:1008A00044EA47540A3002D500200146E9E7010531
:1008B00010196941DDE9084500196941BDE8F04DAD
:1008C000A2E7C1F30A52C1F3130140F2FF3341F42E
:1008D00080119A4202DA00200146704740F2334309
:1008E0009A42A2F2334202DC5242FFF76BBFFFF79B
:1008F0005ABF000030B5041E71F1000404DB4FF054
:100900000044404264EB0101141E73F1000405DB56
:100910001C464FF00043524263EB0403994208BF68
:10092000904230BD064C074D06E0E06840F0010300
:1009300094E8070098471034AC42F6D3FFF728FC40
:100940004C1802086C18020870B58C1810F8015B7E
:1009500015F0070301D110F8013B2A1106D110F858
:10096000012B03E010F8016B01F8016B5B1EF9D15C
:100970002B0705D40023521E0DD401F8013BFAE7E2
:1009800010F8013BCB1A921C03E013F8015B01F84D
:10099000015B521EF9D5A142D8D3002070BD0000E2
:1009A00055494A6822F440324A604A6843681A430B
:1009B0004A600268526822F4807203685A600268D2
:1009C0005368026943EA022203685A600268526867
:1009D00022F0407203685A600268526883681A43C2
:1009E00003685A600268926822F4006203689A60A1
:1009F00002689268C3681A4303689A603F4B826A30
:100A00009A4218D00268926822F0706203689A6075
:100A100002689268836A1A4303689A60026892685F
:100A200022F0405203689A6002689268C36A1A43CF
:100A300003689A600BE00268926822F070620368B3
:100A40009A600268926822F0405203689A600268D5
:100A5000926822F0020203689A6002689368027E3C
:100A600043EA420203689A602022125CA2B1026843
:100A7000526842F4006203685A600268526822F4C5
:100A8000604203685A6002685368426A521E43EA31
:100A9000423203685A6005E00268526822F400623C
:100AA00003685A600268D26A22F470020368DA624C
:100AB0000268D36A828B521E43EA02520368DA62EA
:100AC0000268926822F4007203689A600268936870
:100AD00090F8302043EA422203689A6002689268E4
:100AE00022F4806203689A6002689368426943EA6C
:100AF000822203689A607047002301400100000FC2
:100B000000BFFEE70948006800F0200060B1012046
:100B10000749087000BF05480830006840F0200011
:100B200002490831086000BF7047000004640240B9
:100B3000600000207047016801F58051896921F04B
:100B40000202016801F580518A617047016801F570
:100B50008051896941F00202016801F580518A6182
:100B60007047016801F58051896921F400520168DC
:100B700001F580518A617047016801F580518969EA
:100B800041F40052016801F580518A61704700000C
:100B900008B508490968C9084FF47A72B1FBF2F147
:100BA0004143009100BF00BF00994A1E00920029F6
:100BB000F9D108BD0000002038B50446002000909F
:100BC000206800F58050806940F48011206800F5AD
:100BD00080508161206800F580508069009001207C
:100BE000FFF7D6FF0099206800F58050816138BD7D
:100BF00010B50A49886A08F0E1FC08B10EF02EFC35
:100C00004FF480310548006800F580504161402173
:100C10000248006800F58050416110BD24050020A5
:100C200030B503461479557944EA0520084C0C4444
:100C30002064D4782406957844EA0544557844EA3B
:100C40000524157844EA0500014C0C44606430BD6D
:100C50000080024070B5AEB004460E46002526B1B5
:100C60004FF40061E160C900A16000201190129072
:100C70001390149015901690E06918B94FF48060A5
:100C8000179001E0002017904FF40070189000209A
:100C900019901A901B901C901D9040201E900020CF
:100CA0001F902090219022902390249025902690B0
:100CB000802027900020289029902A902B902C901B
:100CC0002D902068056871480540DDE91101084351
:100CD0001399084314990843A168084315990843D8
:100CE00016990843E168084317990843189908437F
:100CF000199908431A9908431B990843054320682A
:100D0000056020680568012000F068FA2068056029
:100D1000DDE91C0108431E9908431F9908432099E7
:100D200008432199084322990843239908432168DD
:100D3000486020684568012000F050FA206845604E
:100D400024982168886025982168C8602068856992
:100D50004FF641700540DDE9261040EA0140289930
:100D60000843299908432A9908432B9908430543C6
:100D70002068856120688569012000F02FFA2068CD
:100D80008561DDE92C0108432168C8612068C569D7
:100D9000012000F023FA2068C561002001904FF087
:100DA00000700290002003904FF400100490002087
:100DB000059006900790089004200990C0050A90BD
:100DC00040120B9080010C9040120D9080200E90EC
:100DD00000200F901090206800F5805085692C4805
:100DE0000540DDE9010108430399084304990843DC
:100DF0000599084306990843079908430899084349
:100E0000099908430543206800F5805085612068F2
:100E100000F580508569012000F0E0F9206800F5B8
:100E200080508561DDE90A0108430C9908430D995A
:100E300008430E9908430F9940EA8100109908432E
:100E400040F40001206800F580500160206800F542
:100E500080500568012000F0C1F9206800F580503D
:100E60000560A069012809D1206800F58050C0699B
:100E700008490843216801F58051C86100212046D6
:100E80006269FFF7CDFE2EB070BD00000F8120FF1C
:100E9000233FDEF84000010038B5044600200090F2
:100EA0002068006820F0040021680860206800685D
:100EB00000900120FFF76CFE00982168086038BDA3
:100EC00038B50446002000902068006840F0040017
:100ED000216808602068006800900120FFF758FE34
:100EE00000982168086038BD38B50446002000909D
:100EF0002068006820F00800216808602068006809
:100F000000900120FFF744FE00982168086038BD7A
:100F100038B50446002000902068006840F00800C2
:100F2000216808602068006800900120FFF730FE0B
:100F300000982168086038BD70B504461D4600233E
:100F4000B5F5804F13D154F822300C480340D1E955
:100F5000000640EA06108E6840EA06208E8940EAC4
:100F600006408E693043034344F8223003E06FF0BB
:100F7000704044F82200002070BD00000000F0CF57
:100F800010B503460022086853F82020124802409A
:100F9000D1E901042043CC6820430C6920434C690B
:100FA00020438C692043CC6920430C6A20434C6A5F
:100FB00020438C6A2043CC6A2043CC6B20430C6BCB
:100FC000204302438868082801D142F040020868A3
:100FD00043F82020002010BD8000F0FF30B503460C
:100FE0000024501C53F8204004F04044D1E900058F
:100FF00040EA05108D6840EA05208D8940EA0545E4
:10100000088A401E45EA0055087D801E45EA0060BA
:101010008D6928430443501C43F82040002030BD14
:1010200070B5044600250CB9012070BD1549A06AB1
:10103000884200D000BF206C30B9204600F024F870
:101040000020606484F83C00206C00F0100088B937
:10105000206C20F4885040F0020020642046FFF706
:101060009FFC00206064206C20F0020040F0010032
:10107000206400E0012500BF002084F83C0000BF90
:101080002846D2E70100000F10B586B004461B4980
:101090002068884230D100BF00BF0020009018486F
:1010A000006840F48070164908600846006800F443
:1010B0008070009000BF00BF00BF00BF00BF0020D5
:1010C00000900F481438006840F001000C491439B2
:1010D00008600846006800F00100009000BF00BFF3
:1010E00000BF20200190032002900020039001A95E
:1010F000044800F089FD00BF06B010BD002001408B
:10110000443802400000024070B50446A56D00F06E
:101110009BFE064694F83500022808D080206065C2
:1011200000BF002084F8340000BF012070BD20689B
:10113000006820F01600216808602068406920F0EF
:10114000800021684861206C08B9A06C28B1206833
:10115000006820F00800216808602068006820F01E
:101160000100216808600FE000F06EFE801B05287A
:101170000AD92020606500BF002084F8340000BF39
:10118000032084F83500D1E72068006800F00100F2
:101190000028E9D194F85C103F208840A86000BF87
:1011A000002084F8340000BF012084F835000020BE
:1011B000BCE7014691F83500022803D0802048653D
:1011C00001207047052081F835000868006820F08C
:1011D00001000A6810600020F3E7000070B50446C3
:1011E00000F032FE06462546681C10B1044800781F
:1011F000054400BF00F028FE801BA842FAD370BD52
:101200004400002070B504460D461646002200BF7B
:1012100094F84500012801D1022070BD012084F816
:10122000450000BF022084F84400A56200221FE0B0
:1012300005EB42114FF00040086044F2F450486062
:10124000C2EBC21000EB400006EB80008860A06992
:10125000012803D1486820F000404860581E9042A1
:1012600004D905EB42102030C86000E0CD60521C6C
:101270009A42DDD3206800F58050C560012084F8D3
:10128000440000BF002084F8450000BF00BFC4E751
:1012900070B504460D461646002200BF94F845007E
:1012A000012801D1022070BD012084F8450000BF53
:1012B000022084F84400E56200221BE005EB4211A5
:1012C0004FF480100860C2EBC21000EB400006EB48
:1012D00080008860E06918B9086840F44000086040
:1012E000581E904204D905EB42102030C86000E03F
:1012F000CD60521C9A42E1D3206800F58050056110
:10130000012084F8440000BF002084F8450000BF9D
:1013100000BFC8E70146002200BF91F84500012840
:1013200001D102207047012081F8450000BF022052
:1013300081F84400886A006800F00040002838D135
:10134000886A006800F48070F0B1886B401C886384
:10135000886B012801D1886A08638B6A4B63886AAD
:101360000068C0F30D40021FCA63086B83680B64FA
:10137000886AC0688862012081F8440000BF0020AC
:1013800081F8450000BFCDE7886A006800F400706E
:1013900048B1886A086300234B6301238B63886A22
:1013A000C068886205E0886B401C8863886AC068F2
:1013B0008862012081F8440000BF002081F84500C8
:1013C00000BF0120AEE700002DE9FC4104460025E6
:1013D000002001909D4E0027804614B90120BDE8F1
:1013E000FC8194F8440028B9002084F84500204688
:1013F00000F03AF900BF002000909548006840F4E2
:101400008040934908600846006800F480400090DE
:1014100000BF00BF8F48006820F400008D490860BD
:1014200008460068216A08438A490860206800F578
:101430008050006840F00101206800F58050016094
:1014400000F002FD07460FE000F0FEFCC01BB0F507
:10145000FA7F09D9032084F8440000BF002084F8F3
:10146000450000BF0320BAE7206800F580500068FF
:1014700000F001000028E7D12068056925F01C056F
:1014800000F05EFE06467448864205D373488642E5
:1014900002D245F008051AE07048864205D36B4831
:1014A000864202D245F00C0511E06848864203D31B
:1014B0006B48864200D20AE06948864205D36948F3
:1014C000864202D245F0040501E045F0100520688F
:1014D00005614FF400420021204600F04DFB48B169
:1014E0004FF0010841462046FFF7B4FB012084F885
:1014F000440074E7FF20FFF771FE6068002871D098
:1015000000F0A2FC074600BF01AA0121204600F01E
:10151000F9F900F099FCC01B41F2883188420FD9DB
:101520004FF0010841462046FFF794FB012084F864
:10153000440000BF002084F8450000BF03204EE7B0
:10154000019800F004000428DED182020021204628
:1015500000F012FB48B14FF0010841462046FFF76A
:1015600079FB012084F8440039E700F06DFC074660
:1015700000BF01AA0121204600F0C4F900F064FC7C
:10158000C01B41F2883188420FD94FF00108414613
:101590002046FFF75FFB012084F8440000BF0020D5
:1015A00084F8450000BF032019E7019800F02000EF
:1015B0002028DED101AA1121204600F0A3F948B16C
:1015C0004FF0010841462046FFF744FB012084F814
:1015D000440004E7019800F4005020B14FF400618A
:1015E000E16002E00EE00021E16044F210010198A8
:1015F0000840884202D10021A1601EE04FF48041E2
:10160000A1601AE0E068C0F3CF00A168C1F34F0108
:1016100040EA01020021204600F0AEFA48B14FF046
:10162000010841462046FFF715FB012084F84400DD
:10163000D5E640F6FF70FFF7D1FD41462046FFF7A3
:1016400009FB012084F844000020C8E600879303CA
:101650004438024004380140002D3101C00E16020A
:1016600000E1F50580D1F00810B586B0044600BF52
:1016700000BF002000909E48006840F001009C4997
:1016800008600846006800F00100009000BF00BF3D
:1016900000BF00BF00BF002000900846006840F077
:1016A000010008600846006800F00100009000BFDB
:1016B00000BF00BF00BF00BF0020009008460068C8
:1016C00040F0010008600846006800F0010000904A
:1016D00000BF00BF00BF00BF00BF00200090084651
:1016E000006840F0040008600846006800F004004C
:1016F000009000BF00BF00BF00BF00BF00200090EF
:101700000846006840F0040008600846006800F0E1
:101710000400009000BF00BF00BF00BF00BF00205A
:1017200000900846006840F0040008600846006821
:1017300000F00400009000BF00BF00BF00BF00BF6A
:10174000002000900846006840F04000086008460D
:10175000006800F04000009000BF00BF00BF00BF65
:1017600000BF002000900846006840F0400008607C
:101770000846006800F04000009000BF00BF00BFB6
:1017800000BF00BF002000900846006840F0400005
:1017900008600846006800F04000009000BF00BFED
:1017A00000BF00BF00BF002000900846006840F462
:1017B000807008600846006800F48070009000BFE8
:1017C00000BF00BF00BF00BF0020009008460068B7
:1017D00040F0007008600846006800F0007000905B
:1017E00000BF00BF00BF002000900846006840F026
:1017F000806008600846006800F08060009000BFCC
:1018000000BF00BF002000900846006840F0006064
:1018100008600846006800F00060009000BF00BF4C
:1018200000BF02200190029000200390032004904A
:101830000B20059001A92F4800F0E6F90420019043
:1018400001A92C4800F0E0F98020019001A9294865
:1018500000F0DAF90220019001A9274800F0D4F93C
:101860001020019001A9244800F0CEF92020019019
:1018700001A9214800F0C8F94FF40060019001A9C6
:101880001E4800F0C1F94FF40050019001A91B4817
:1018900000F0BAF94FF48040019001A9174800F018
:1018A000B3F908200190012002900020039003204A
:1018B000049001A9124800F0A7F900BF00220821F6
:1018C0000F4800F0B5FA00BF322004F02FFD00BF32
:1018D000012208210A4800F0ABFA00BF00220621CD
:1018E0003D2000F018FB3D2000F005FB06B010BDC8
:1018F0003038024000000240000802400018024058
:10190000000C02402DE9F04104460E461746002522
:10191000A84694F84400822802D10220BDE8F08154
:10192000822084F844002068056905F01C05208A9F
:101930004FF4784101EAC0200543481100EA8610BF
:10194000054325F0020545F001052068056100F01A
:101950007BFA804612E000F077FAA0EB0800B0F5C1
:10196000803F09D3012084F8440000BF002084F8A0
:10197000450000BF0320D1E72068056905F001009C
:101980000028E8D12068406980B23860012084F8DE
:1019900044000020C2E710B5044600BF94F845009B
:1019A000012801D1022010BD012084F8450000BFAC
:1019B000022084F844002046FFF7AAFA2046FFF7E9
:1019C0007FFA2046FFF7F8F82046FFF7D5F82046C3
:1019D000FFF7BCF8012084F8440000BF002084F821
:1019E000450000BF00BFDEE710B5044600BF94F815
:1019F0004500012801D1022010BD012084F84500D6
:101A000000BF022084F844002046FFF7AAF82046D1
:101A1000FFF791F82046FFF73FFA2046FFF7CCF892
:101A20002046FFF761FA012084F8440000BF00203F
:101A300084F8450000BF00BFDEE770B50246002312
:101A40000025002400BF92F84500012801D10220A2
:101A500070BD012082F8450000BF022082F84400DA
:101A600049B9012082F8440000BF002082F84500F7
:101A700000BF0120ECE7D06A006800F0004048B1E8
:101A8000122082F8440000BF002082F8450000BF09
:101A90000120DDE740F2F450814208D9B1FBF0F3B8
:101AA000B1FBF0F600FB161010B15B1C00E0012347
:101AB000012B13D1D06A006840F04050D66A3060E4
:101AC000C1F30C00D66A7060D06A006840F0004034
:101AD000D66A3060D06AC068D06232E000242EE05E
:101AE000D06A006820F04050D66A30602CB9D06AC5
:101AF000006840F08050D66A306040F2F450D66AF8
:101B00007060581EA04210D1D06A006840F00050AA
:101B1000D66A3060581EC0EBC01000EB4000A1EB4D
:101B20008005C5F30C00D66A7060D06A006840F08A
:101B30000040D66A3060D06AC068D062641C9C42A3
:101B4000CED3106800F58050406900F0040048B121
:101B50000426106800F5805046610026106800F5E4
:101B600080504660012082F8440000BF002082F8C7
:101B7000450000BF00BF6BE72DE9F04104460E466B
:101B800017460025A84694F84400422802D10220B6
:101B9000BDE8F081422084F844002068056905F022
:101BA0001C05208A4FF4784101EAC0200543481102
:101BB00000EA8610054345F0020545F00105B8B27C
:101BC000216848612068056100F03EF9804612E016
:101BD00000F03AF9A0EB0800B0F5803F09D30120EE
:101BE00084F8440000BF002084F8450000BF0320B3
:101BF000CEE72068056905F001000028E8D1012042
:101C000084F844000020C3E7F8B502460B460025DF
:101C1000002400200021DEE0012606FA01F51E68FE
:101C200006EA0504AC4275D11E7906F00306012EC2
:101C300004D01E7906F00306022E13D190684F00DF
:101C40000326BE40B0434F00DE68BE403043906084
:101C5000506801268E40B0431E79C6F300168E40B0
:101C6000304350601E7906F00306032E09D0D06879
:101C70004F000326BE40B0434F009E68BE40304335
:101C8000D0601E7906F00306022E13D1CF0802F1B0
:101C9000200656F827004E07F70E0F26BE40B04329
:101CA0004F07FF0E1E69BE403043CF0802F12006E9
:101CB00046F8270010684F000326BE40B0431E7947
:101CC00006F003064F00BE40304310605E6806F029
:101CD0008056B6F1805F7DD100BF00260096404E51
:101CE000366846F480463E4F3E603E46366806F40F
:101CF0008046009600BF00BF3A4E8F0856F8270076
:101D00008E07370F0F26BE40B043374EB24202D186
:101D1000002624E05EE0354EB24201D101261EE0ED
:101D2000334EB24201D1022619E0324EB24201D105
:101D3000032614E0304EB24201D104260FE02F4EAC
:101D4000B24201D105260AE02D4EB24201D106264B
:101D500005E02C4EB24201D1072600E008268F078D
:101D60003F0FBE4030431F4E8F0846F82700264ED7
:101D70003068A0435E6806F48036B6F5803F00D137
:101D80002043214E3060361D3068A0435E6806F463
:101D90000036B6F5003F00D120431B4E361D3060A3
:101DA000361D3068A0435E6806F48016B6F5801FC5
:101DB00000D12043144E08363060361D3068A043F1
:101DC0005E6806F40016B6F5001F00D120430E4EE3
:101DD0000C363060491C1029FFF41EAFF8BD00001E
:101DE000443802400838014000000240000402402C
:101DF00000080240000C02400010024000140240A3
:101E000000180240001C0240003C014002461369D9
:101E10000B400BB1012000E00020704710B5426973
:101E200021EA020302EA010443EA0443836110BD8C
:101E30000AB1816101E00B048361704701480068C9
:101E4000000C7047002004E0014800687047000063
:101E50003C00002003480068034909780844014910
:101E6000086070473C0000204400002010B50D4879
:101E7000006840F400700B4908600846006840F4B0
:101E8000806008600846006840F4807008600320A5
:101E900000F080F80F2000F007F800F02BF8002089
:101EA00010BD0000003C024070B504460E480078AA
:101EB0004FF47A71B1FBF0F00C490968B1FBF0F511
:101EC000284600F09BFC08B1012070BD102C07D201
:101ED00000222146501E00F01EF80548046001E073
:101EE0000120F2E70020F0E744000020000000207D
:101EF00040000020704701460846002809DB00F03A
:101F00001F0301229A4043099B0003F1E023C3F819
:101F1000002100BF70472DE9F05F80460D46164650
:101F2000002702F0F5FF074639462A46334601F0FE
:101F30000700C0F1070ABAF1040F02D94FF0040AF2
:101F400001E0C0F1070AD14600F1040ABAF1070F17
:101F500002D24FF0000A01E0A0F1030AD4464FF08C
:101F6000010A0AFA09FAAAF1010A0AEA020A0AFAB5
:101F70000CFA4FF0010B0BFA0CFBABF1010B0BEA67
:101F8000030B4AEA0B042146404602F0C9FFBDE8B4
:101F9000F09F000000BF00F00702064B19684FF6E3
:101FA000FF031940044B0B4343EA0221014B196024
:101FB00000BF70470CED00E00000FA0570B5044664
:101FC0000D460CB9012070BD5848006800F00700AC
:101FD000A84209D255490D700846006800F0070074
:101FE000A84201D00120EEE7207800F0020002288C
:101FF0001DD1207800F00400042805D14C48006869
:1020000040F4E0504A490860207800F008000828B1
:1020100005D14748006840F460404549086044489D
:10202000006820F0F000A16808434149086020786A
:1020300000F00100A8B36068012807D13C480838C7
:102040000068C0F34040B8B90120BCE760680228CE
:1020500002D06068032807D1354808380068C0F30B
:10206000406048B90120AEE7314808380068C0F345
:10207000400008B90120A6E72D48006820F00300C1
:10208000616808432A490860FFF7DEFE064609E05A
:10209000FFF7DAFE801B41F28831884202D9032023
:1020A00091E707E02248006800F00C006168B0EB9F
:1020B000810FEDD11D48006800F00700A84209D942
:1020C0001A490D700846006800F00700A84201D0C8
:1020D000012078E7207800F00400042807D1144894
:1020E000006820F4E050E168084311490860207856
:1020F00000F00800082808D10D48006820F460406E
:10210000216940EAC1000A49086000F03FF8084927
:102110000968C1F30311074A515CC84006490860C9
:1021200006480068FFF7C0FE00204CE7003C024074
:1021300008380240DCE101080000002040000020D7
:1021400001480068704700000000002000B5FFF75C
:10215000F7FF04490968C1F38221034A515CC84072
:1021600000BD000008380240ECE1010800B5FFF7AF
:10217000E7FF04490968C1F34231034A515CC84092
:1021800000BD000008380240ECE101082DE9F047ED
:10219000002400250026A1462548006800F00C0018
:1021A00020B1042805D008283AD105E0DFF8849052
:1021B00039E0DFF8849036E01D48001F006800F029
:1021C0003F041B48001F006800F4800078B11A48E3
:1021D0001749091F0968C1F38811A0FB0170014666
:1021E000224600233846FEF755F805460EE0114812
:1021F0000F49091F0968C1F38811A0FB017001464E
:10220000224600233846FEF745F805460848001FD9
:102210000068C0F30140401C4600B5FBF6F902E03F
:10222000DFF8109000BF00BF4846BDE8F08700000F
:10223000083802400024F40000127A00F8B5044681
:102240000CB90120F8BD207800F00100002874D0FE
:10225000F948006800F00C0004280DD0F64800682A
:1022600000F00C00082813D1F348001F006800F4A8
:102270008000B0F5800F0BD1EF4808380068C0F33C
:102280004040002859D06068002856D10120D9E785
:1022900000BF6068B0F5803F08D1E74808380068A3
:1022A00040F48030E449083908601EE06068B0F509
:1022B000A02F0DD1E0480838006840F48020DE49A6
:1022C000083908600846006840F4803008600CE077
:1022D000D9480838006820F48030D74908390860A8
:1022E0000846006820F48020086000BF606890B154
:1022F000FFF7AAFD054606E0FFF7A6FD401B642890
:1023000001D903209EE7CC4808380068C0F340405C
:102310000028F1D011E0FFF797FD054606E0FFF732
:1023200093FD401B642801D903208BE7C24808387D
:102330000068C0F340400028F1D1207800F002008E
:1023400002285FD1BC48006800F00C0058B1BA48C0
:10235000006800F00C0008281CD1B748001F006876
:1023600000F48000B0B9B44808380068C0F34000F9
:1023700020B1E068012801D0012063E7AE480838A9
:10238000006820F0F800216940EAC100AA49083934
:10239000086037E0E06800B30120A8490860FFF753
:1023A00053FD054606E0FFF74FFD401B022801D90B
:1023B000032047E7A04808380068C0F34000002821
:1023C000F1D09D480838006820F0F800216940EA03
:1023D000C10099490839086014E000209749086055
:1023E000FFF732FD054606E0FFF72EFD401B0228F1
:1023F00001D9032026E7904808380068C0F3400060
:102400000028F1D1207800F0080008282CD160695C
:10241000A8B101208A490860FFF716FD054606E0CD
:10242000FFF712FD401B022801D903200AE782486A
:102430006C300068C0F340000028F1D014E00020A8
:102440007F490860FFF700FD054606E0FFF7FCFC4A
:10245000401B022801D90320F4E677486C3000685D
:10246000C0F340000028F1D1207800F004000428D7
:1024700070D1002770483830006800F0805090B963
:1024800000BF002000906C483830006840F0805059
:102490006949383108600846006800F080500090B3
:1024A00000BF00BF01276748006800F48070B0B922
:1024B0006448006840F4807062490860FFF7C4FC1B
:1024C000054606E0FFF7C0FC401B022801D90320A7
:1024D000B8E65C48006800F480700028F2D000BFC5
:1024E000A068012808D154486830006840F0010015
:1024F0005149683108601DE0A06805280DD14E489B
:102500006830006840F004004B49683108600846B4
:10251000006840F0010008600CE04748683000683F
:1025200020F001004449683108600846006820F046
:102530000400086000BFA068A8B1FFF785FC05464D
:1025400009E0FFF781FC401B41F28831884202D943
:10255000032077E626E0384868300068C0F3400082
:102560000028EED013E0FFF76FFC054608E0FFF708
:102570006BFC401B41F28831884201D9032061E69F
:102580002D4868300068C0F340000028EFD1012FCB
:1025900007D129483830006820F08050264938316A
:1025A000086000BFA069002845D02348006800F0FB
:1025B0000C0008285DD0A069022845D100201F49E1
:1025C0000866FFF741FC054606E0FFF73DFC401BAF
:1025D000022801D9032035E6174808380068C0F3FF
:1025E00040600028F1D1D4E907010843616A40EA5C
:1025F00081110122A06AC2EB500041EA00412C2067
:10260000005D41EA00600C49091F086001200B4988
:102610000866FFF719FC054606E0FFF715FC401BAE
:10262000022801D903200DE6034808380068C0F3EA
:1026300040600028F1D049E00838024000004742DD
:10264000800E474200700040002021490866FFF7D5
:10265000FBFB054606E0FFF7F7FB401B022801D90C
:102660000320EFE51B480068C0F340600028F2D16A
:102670002CE0A069012800D1E4E51648001D066899
:10268000A069012820D006F48001E06981421BD1B5
:1026900006F03F01206A814216D147F6C0703040F3
:1026A000616AB0EB811F0FD106F440310122A06AAC
:1026B000C2EB5000B1EB004F06D106F070612C2048
:1026C000005DB1EB006F01D00120BBE50020B9E552
:1026D000000047420038024070B504460E461546D9
:1026E0000CB9012070BD94F8490028B9002084F885
:1026F0004800204600F01CF804F108012068FEF7AD
:102700003FFC3146A2682068FEF768FC2946236B2F
:10271000D4E90102FEF710FCA168206850F82100FE
:1027200040F00100A268216841F822000020D9E7AA
:1027300010B586B0044600BF002000902248006813
:1027400040F00100204908600846006800F00100E0
:10275000009000BF00BF00BF002000901A4808385A
:10276000006840F008001849083908600846006809
:1027700000F00800009000BF00BF00BF00200090E4
:102780000846006840F0100008600846006800F045
:102790001000009000BF00BF4CF2037001900220B7
:1027A000029001200390022004900C20059001A9C2
:1027B0000648FFF729FA4FF68070019001A90448F6
:1027C000FFF722FA06B010BD38380240000C024074
:1027D00000100240042808D14FF0E021096941F0BF
:1027E00004014FF0E022116107E04FF0E021096998
:1027F00021F004014FF0E0221161704770B50446EA
:102800002546681EB0F1807F01D301200FE0681ECD
:102810004FF0E02148610F214FF0FF3002F080FBC4
:1028200000204FF0E021886107200861002070BD82
:1028300010B504460CB9012010BD94F83D0028B92C
:10284000002084F83C00204600F025F8022084F89F
:102850003D00211D206801F0CFFF012084F84600D3
:1028600000BF84F83E0001213F2001554020015562
:102870004120015500BF00BF012084F842004320E1
:102880000155442001554520015500BF012084F821
:102890003D000020D0E77047014691F83D00012837
:1028A00001D001207047022081F83D000868C0680F
:1028B00040F001000B68D8601A4B086898421BD0A2
:1028C0000868B0F1804F17D0174B0868984213D0B2
:1028D000164B086898420FD0154B086898420BD0E9
:1028E000144B0868984207D0134B0868984203D0ED
:1028F000124B086898420CD10868806800F0070203
:10290000062A0CD00868006840F001000B681860C7
:1029100005E00868006840F001000B6818600020BE
:10292000C0E7000000000140000400400008004033
:10293000000C00400004014000400140001800402D
:10294000704770472DE9F84F0446206805682068F5
:10295000C668206847694FF00009CA4605F00F09AC
:10296000B9F1000F0AD105F0200038B106F02000BF
:1029700020B1204602F009F8BDE8F88FB9F1000F48
:1029800072D007F0010018B906F4907000286BD0DF
:1029900005F0010030B106F4807018B1206C40F0F1
:1029A0000100206405F0040030B107F0010018B107
:1029B000206C40F00200206405F0020030B107F006
:1029C000010018B1206C40F00400206405F00800FC
:1029D00048B106F0200010B907F0010018B1206CD2
:1029E00040F008002064206C70B305F0200028B18E
:1029F00006F0200010B1204601F0C7FF20684069B2
:102A0000C0F3801A206C00F0080010B9BAF1000F72
:102A100023D0204601F08EFF2068406900F040007E
:102A2000402816D12068406920F0400021684861A4
:102A3000A06B50B15648A16B0865A06BFEF7B9FBBF
:102A400010B1A06B016D88470CE02046FFF779FFBD
:102A500008E02046FFF775FF04E02046FFF771FF0E
:102A60000020206488E7FFE7206B012879D105F07A
:102A70001000002875D006F01000002871D000BFAB
:102A80000020009020680068009020684068009056
:102A900000BF00BF2068406900F04000402839D1E5
:102AA000A06B006840681FFA80F8B8F1000F30D0C2
:102AB000A08D40452DDDA4F82E80A06BC069B0F537
:102AC000807F1FD02068C06820F480702168C860B3
:102AD0002068406920F00100216848612068406951
:102AE00020F0400021684861202084F83E0000204A
:102AF00020632068C06820F010002168C860A06BC7
:102B0000FEF702FBA08DE28D801A81B22046FFF70E
:102B100017FF31E7A08DE18D401A1FFA80F8E08D94
:102B2000E8B1B8F1000F1AD02068C06820F49070A6
:102B30002168C8602068406920F001002168486170
:102B4000202084F83E00002020632068C06820F028
:102B500010002168C86041462046FFF7F1FE0BE7F0
:102B6000FFE705F0800030B106F0800018B1204684
:102B700002F0A3F800E705F0400030B106F0400095
:102B800018B1204601F0F1FEF6E600BFF4E60000C1
:102B90002149000810B504460CB9012010BDA069F8
:102BA00000B100E000BF94F83D0028B9002084F88F
:102BB0003C00204600F028F8242084F83D002068DE
:102BC000C06820F400502168C860204601F03CFF36
:102BD0002068006920F490402168086120684069FD
:102BE00020F02A00216848612068C06840F4005045
:102BF0002168C86000202064202084F83D0084F80B
:102C00003E000020CAE7000010B586B004466549C2
:102C10002068884256D100BF00BF00200090624863
:102C2000006840F01000604908600846006800F045
:102C30001000009000BF00BF00BF00BF00BF002019
:102C4000009059481438006840F001005649143982
:102C500008600846006800F00100009000BF00BF57
:102C600000BF00BF00BF002000900846006840F091
:102C7000010008600846006800F00100009000BFF5
:102C800000BF00BF48150190022002900120039070
:102C9000022004900720059001A94448FEF7B4FFE4
:102CA0004FF4806001900720059001A93F48FEF78E
:102CB000ABFF2520FFF71FF9032211462520FFF760
:102CC0002AF96DE03A492068884269D100BF00BF07
:102CD0000020009034481438006840F00200324967
:102CE000143908600846006800F00200009000BF38
:102CF00000BF00BF00BF00BF002000900846006872
:102D000040F0020008600846006800F002000090F1
:102D100000BF00BF00BF00BF00BF002000902248DE
:102D2000001F006840F480201F49091F0860084602
:102D3000006800F48020009000BF00BF00BF0815AD
:102D400001900220029000200390022004900720AE
:102D5000059001A91748FEF757FF4FF40060019056
:102D6000022002900020039002200490072005908A
:102D700001A91048FEF748FF002211462720FFF75F
:102D8000CAF82720FFF7B7F82068C06840F0200095
:102D90002168C8602068C06840F010002168C860E1
:102DA00006B010BD0010014044380240000002404F
:102DB00000480040000402402DE9F84F04460E464A
:102DC000174699464FF0000A94F83E0020285FD13C
:102DD00006B117B90120BDE8F88F00BF94F83C0098
:102DE000012801D10220F6E7012084F83C0000BF51
:102DF00000202064222084F83E0000202063FFF79A
:102E000023F88246A785E785A068B0F5805F04D1E6
:102E1000206910B90025B04602E035464FF00008A1
:102E200000BF002084F83C0000BF29E05346002288
:102E300020212046CDF8009001F06FFF08B103205B
:102E4000C9E745B920684068C0F30800A8F8000049
:102E500008F1020811E0A068B0F5805F03D0A06817
:102E600028B9206918B920684068287004E02068F3
:102E7000406800F07F0028706D1CE08D401EE085EA
:102E8000E08D0028D2D1202084F83E000020A2E767
:102E90000220A0E770B504460D46164694F83E00A1
:102EA000202816D105B10EB9012070BD00BF94F8DD
:102EB0003C00012801D10220F7E7012084F83C0002
:102EC00000BF0020206332462946204601F0D2FE92
:102ED000EBE70220E9E7000010B50446204920682E
:102EE00088423BD11F48008800F4004088BB1D4841
:102EF000008800F4804070B11B4800780A2803D095
:102F000000201849088024E01648008840F400405A
:102F1000144908801DE0144800780D2806D1114896
:102F2000008840F480400F49088012E00E48007885
:102F30000C490988C1F30D010C4A50540948008816
:102F4000401C0849088008460088C72801DD002089
:102F50000880012204490648FFF79CFF10BD0000CD
:102F600000100140380000203A00002068030020D3
:102F7000300400202DE9F84F04460E4617469946C6
:102F80004FF0000A94F83D0020285AD106B117B935
:102F90000120BDE8F88F00BF94F83C00012801D162
:102FA0000220F6E7012084F83C0000BF00202064E6
:102FB000212084F83D00FEF747FF8246A784E7847E
:102FC000A068B0F5805F04D1206910B90025B04633
:102FD00002E035464FF0000800BF002084F83C00B6
:102FE00000BF1BE05346002280212046CDF8009010
:102FF00001F093FE08B10320CBE745B9B8F8000013
:10300000C0F308002168486008F1020803E028784E
:10301000216848606D1CE08C401EE084E08C002834
:10302000E0D15346002240212046CDF8009001F027
:1030300074FE08B10320ACE7202084F83D00002096
:10304000A7E70220A5E7704700BFFEE700BFFEE745
:10305000704700007CB506460D46002412E0042CA3
:1030600001D2012100E0002105F1140050F82100F7
:1030700004F00301C1F10301C900C840C0B20DF85A
:103080000400641C082CEAD301221CA1284601F08C
:103090003DFB04E001221AA1284601F037FBA88A73
:1030A00000F4FC70B0F5E07FF4D1082269462846B0
:1030B00001F02CFB00240AE0A00855F8200004F0E1
:1030C0000301C1F10301C900C8403055641C142C30
:1030D000F2D30024402105F11C00FDF750F9142122
:1030E0002846FDF74CF900206861A8610090019026
:1030F00005F11C01284600F01BF87CBD8000000093
:103100000000000007490160074941600549C943C3
:1031100081600549C943C16004490161002282619F
:10312000426170470123456789ABCDEFF0E1D2C31F
:103130002DE9F04F91B081468A4601AC40225146BC
:103140002046FDF7F5F8D9F80050D9F80460D9F811
:103150000870D9F80C80D9F810B0207800062168E2
:1031600040EA112000F0FF2120880002226840EA96
:10317000126000F0FF10014387EA0800304080EA47
:10318000080008442160FE490844690141EAD5610C
:1031900008448344B00740EA960620790006616837
:1031A00040EA112000F0FF21A0880002626840EA96
:1031B000126000F0FF10014386EA070028407840C3
:1031C00008446160EE4908444FEA4B1141EADB6173
:1031D00008448044A80740EA9505207A0006A168C3
:1031E00040EA112000F0FF2120890002A26840EA95
:1031F000126000F0FF10014385EA060000EA0B00B0
:1032000070400844A160DE4908444FEA481141EA91
:10321000D861084407444FEA8B7040EA9B0B207B3F
:103220000006E16840EA112000F0FF21A0890002B9
:10323000E26840EA126000F0FF1001438BEA0500EB
:1032400000EA080068400844E160CD49084479017B
:1032500041EAD761084406444FEA887040EA98087A
:10326000207C0006216940EA112000F0FF21208A1D
:103270000002226940EA126000F0FF10014388EA70
:103280000B00384080EA0B0008442161BC49084427
:10329000710141EAD66108440544B80740EA97073E
:1032A000207D0006616940EA112000F0FF21A08A1C
:1032B0000002626940EA126000F0FF10014387EAF1
:1032C0000800304080EA080008446161AC490844C5
:1032D000690141EAD56108448344B00740EA960693
:1032E000207E0006A16940EA112000F0FF21208B1A
:1032F0000002A26940EA126000F0FF10014386EA72
:103300000700284078400844A1619D4908444FEADD
:103310004B1141EADB6108448044A80740EA950567
:10332000207F0006E16940EA112000F0FF21A08B18
:103330000002E26940EA126000F0FF10014385EAF2
:10334000060000EA0B0070400844E1618C49084423
:103350004FEA481141EAD861084407444FEA8B70AC
:1033600040EA9B0B94F820000006216A40EA1120F5
:1033700000F0FF21208C0002226A40EA126000F077
:10338000FF1001438BEA050000EA0800684008448A
:1033900021627B490844790141EAD7610844064427
:1033A0004FEA887040EA980894F824000006616AA1
:1033B00040EA112000F0FF21A08C0002626A40EA7E
:1033C000126000F0FF10014388EA0B00384080EAE9
:1033D0000B00084461626A490844710141EAD66100
:1033E00008440544B80740EA970794F82800000607
:1033F000A16A40EA112000F0FF21208D0002A26A9C
:1034000040EA126000F0FF10014387EA08003040F4
:1034100080EA08000844A16259490844690141EA68
:10342000D56108448344B00740EA960694F82C001E
:103430000006E16A40EA112000F0FF21A08D0002A1
:10344000E26A40EA126000F0FF10014386EA0700DA
:10345000284078400844E162494908444FEA4B114A
:1034600041EADB6108448044A80740EA950594F8E6
:1034700030000006216B40EA112000F0FF21208E71
:103480000002226B40EA126000F0FF10014385EA5F
:10349000060000EA0B0070400844216338490844E4
:1034A0004FEA481141EAD861084407444FEA8B705B
:1034B00040EA9B0B94F834000006616B40EA11204F
:1034C00000F0FF21A08E0002626B40EA126000F063
:1034D000FF1001438BEA050000EA08006840084439
:1034E000616327490844790141EAD76108440644E9
:1034F0004FEA887040EA980894F838000006A16BFB
:1035000040EA112000F0FF21208F0002A26B40EA68
:10351000126000F0FF10014388EA0B00384080EA97
:103520000B000844A16316490844710141EAD661C1
:1035300008440544B80740EA970794F83C000006A1
:10354000E16B40EA112000F0FF21A08F0002E26B46
:1035500040EA126000F0FF10014387EA08003040A3
:1035600080EA08000844E16305490844690141EA2A
:10357000D56108448344B00740EA9606216A01E019
:103580009979825A606B4840A16848402168484058
:103590004100226A606B5040A2685040226850404F
:1035A00041EAD07186EA070028407840084421604B
:1035B000FE4908444FEA4B1141EADB61084480446C
:1035C000A80740EA9505616AA06B4840E168484059
:1035D000616848404100626AA06B5040E268504018
:1035E0006268504041EAD07185EA060000EA0B00AB
:1035F000704008446160ED4908444FEA481141EACF
:10360000D861084407444FEA8B7040EA9B0BA16ADB
:10361000E06B484021694840A16848404100A26AE7
:10362000E06B504022695040A268504041EAD0719E
:103630008BEA050000EA080068400844A160DB4905
:103640000844790141EAD761084406444FEA88708A
:1036500040EA9808E16A2068484061694840E168AA
:1036600048404100E26A2068504062695040E26888
:10367000504041EAD07188EA0B00384080EA0B00E4
:103680000844E160C9490844710141EAD66108442F
:103690000544B80740EA9707216B60684840A16974
:1036A0004840216948404100226B60685040A2694F
:1036B00050402269504041EAD07186EA070080EA12
:1036C000080008442161BA490844690141EAD5610A
:1036D00008448344B00740EA9606616BA0684840FE
:1036E000E1694840616948404100626BA068504010
:1036F000E26950406269504041EAD07185EA0600B3
:10370000784008446161AA4908444FEA4B1141EAF4
:10371000DB6108448044A80740EA9505A16BE06896
:103720004840216A4840A16948404100A26BE068D6
:103730005040226A5040A269504041EAD0718BEA61
:10374000050070400844A161994908444FEA4811B6
:1037500041EAD861084407444FEA8B7040EA9B0B6A
:10376000E16B20694840616A4840E1694840410096
:10377000E26B20695040626A5040E269504041EA81
:10378000D07188EA0B0068400844E1618849084428
:10379000790141EAD761084406444FEA887040EA5B
:1037A0009808216860694840A16A4840216A4840F9
:1037B0004100226860695040A26A5040226A50402D
:1037C00041EAD07187EA080080EA0B0008442162D0
:1037D00077490844710141EAD66108440544B807B5
:1037E00040EA97076168A0694840E16A4840616A19
:1037F000484041006268A0695040E26A5040626AF5
:10380000504041EAD07186EA070080EA0800084487
:10381000616267490844690141EAD561084483440B
:10382000B00740EA9606A168E0694840216B48402D
:10383000A16A48404100A268E0695040226B5040B4
:10384000A26A504041EAD07185EA060078400844F7
:10385000A162574908444FEA4B1141EADB61084431
:103860008044A80740EA9505E168206A4840616BFA
:103870004840E16A48404100E268206A5040626B7B
:103880005040E26A504041EAD0718BEA0500704036
:103890000844E162464908444FEA481141EAD861C8
:1038A000084407444FEA8B7040EA9B0B2169606A29
:1038B0004840A16B4840216B484041002269606A42
:1038C0005040A26B5040226B504041EAD07188EAD0
:1038D0000B0068400844216335490844790141EAF6
:1038E000D761084406444FEA887040EA9808616945
:1038F000A06A4840E16B4840616B48404100626902
:10390000A06A5040E26B5040626B504041EAD07177
:1039100087EA080080EA0B000844616324490844F0
:10392000710141EAD66108440544B80740EA9707A7
:10393000A169E06A484021684840A16B48404100C5
:10394000A269E06A504022685040A26B504041EAB0
:10395000D07186EA070080EA08000844A163144990
:103960000844690141EAD56108448344B00740EA4C
:103970009606E169206B484061684840E16B484029
:103980004100E269206B504062685040E26B504059
:1039900041EAD07185EA060078400844E1630449B1
:1039A00008444FEA4B1141EADB6103E09979825AFE
:1039B000A1EBD96E08448044A80740EA9505216A26
:1039C000606B4840A1684840216848404100226A35
:1039D000606B5040A26850402268504041EAD0716C
:1039E0008BEA0500704008442160FE4908444FEA14
:1039F000481141EAD861084407444FEA8B7040EA15
:103A00009B0B616AA06B4840E16848406168484090
:103A10004100626AA06B5040E268504062685040CA
:103A200041EAD07188EA0B00684008446160ED49C2
:103A30000844790141EAD761084406444FEA887096
:103A400040EA9808A16AE06B484021694840A168B3
:103A500048404100A26AE06B504022695040A26891
:103A6000504041EAD07187EA080080EA0B00084420
:103A7000A160DC490844710141EAD661084405446B
:103A8000B80740EA9707E16A206848406169484002
:103A9000E16848404100E26A206850406269504055
:103AA000E268504041EAD07186EA070080EA0800E7
:103AB0000844E160CB490844690141EAD561084402
:103AC0008344B00740EA9606216B60684840A169CC
:103AD0004840216948404100226B60685040A2691B
:103AE00050402269504041EAD07185EA0600784092
:103AF00008442161BB4908444FEA4B1141EADB61AC
:103B000008448044A80740EA9505616BA0684840D6
:103B1000E1694840616948404100626BA0685040DB
:103B2000E26950406269504041EAD0718BEA050079
:103B3000704008446161AB4908444FEA481141EACA
:103B4000D861084407444FEA8B7040EA9B0BA16B95
:103B5000E0684840216A4840A16948404100A26BA2
:103B6000E0685040226A5040A269504041EAD0715A
:103B700088EA0B0068400844A1619A490844790129
:103B800041EAD761084406444FEA887040EA980841
:103B9000E16B20694840616A4840E1694840410062
:103BA000E26B20695040626A5040E269504041EA4D
:103BB000D07187EA080080EA0B000844E161894976
:103BC0000844710141EAD66108440544B80740EA57
:103BD0009707216860694840A16A4840216A4840C7
:103BE0004100226860695040A26A5040226A5040F9
:103BF00041EAD07146EA070000EA080006EA070237
:103C000010430844216278490844690141EAD561BA
:103C100008448344B00740EA96066168A0694840BA
:103C2000E16A4840616A484041006268A0695040CA
:103C3000E26A5040626A504041EAD07145EA0600AB
:103C4000384005EA060210430844616266490844A8
:103C50004FEA4B1141EADB6108448044A80740EA7F
:103C60009505A168E0694840216B4840A16A484039
:103C70004100A268E0695040226B5040A26A504067
:103C800041EAD0714BEA050030400BEA05021043CF
:103C90000844A162544908444FEA481141EAD861F6
:103CA000084407444FEA8B7040EA9B0BE168206AA6
:103CB0004840616B4840E16A48404100E268206A40
:103CC0005040626B5040E26A504041EAD07148EA8D
:103CD0000B00284008EA0B0210430844E162424905
:103CE0000844790141EAD761084406444FEA8870E4
:103CF00040EA98082169606A4840A16B4840216BFE
:103D0000484041002269606A5040A26B5040226BDB
:103D1000504041EAD07147EA080000EA0B0007EA88
:103D200008021043084421632F490844710141EA05
:103D3000D66108440544B80740EA97076169A06A5C
:103D40004840E16B4840616B484041006269A06AAD
:103D50005040E26B5040626B504041EAD07146EAFD
:103D6000070000EA080006EA0702104308446163FE
:103D70001D490844690141EAD56108448344B007FC
:103D800040EA9606A169E06A484021684840A16B74
:103D900048404100A269E06A504022685040A26B4E
:103DA000504041EAD07145EA0600384005EA060273
:103DB00010430844A1630C4908444FEA4B1141EAFF
:103DC000DB6108448044A80740EA9505E169206B5F
:103DD000484061684840E16B48404100E269206B1F
:103DE000504003E0A1EBD96EDCBC1B8F62685040F1
:103DF000E26B504041EAD0714BEA050030400BEADB
:103E0000050210430844E163FE4908444FEA4811A3
:103E100041EAD861084407444FEA8B7040EA9B0BA3
:103E2000216A606B4840A1684840216848404100D1
:103E3000226A606B5040A26850402268504041EABC
:103E4000D07148EA0B00284008EA0B0210430844EE
:103E50002160EC490844790141EAD76108440644ED
:103E60004FEA887040EA9808616AA06B4840E168B0
:103E70004840616848404100626AA06B5040E26877
:103E800050406268504041EAD07147EA080000EAB9
:103E90000B0007EA0802104308446160D94908444E
:103EA000710141EAD66108440544B80740EA970722
:103EB000A16AE06B484021694840A1684840410040
:103EC000A26AE06B504022695040A268504041EA2B
:103ED000D07146EA070000EA080006EA070210432C
:103EE0000844A160C7490844690141EAD561084412
:103EF0008344B00740EA9606E16A20684840616959
:103F00004840E16848404100E26A206850406269E8
:103F10005040E268504041EAD07145EA060038401E
:103F200005EA060210430844E160B64908444FEA36
:103F30004B1141EADB6108448044A80740EA95053B
:103F4000216B60684840A1694840216948404100B0
:103F5000226B60685040A26950402269504041EA9B
:103F6000D0714BEA050030400BEA050210430844CB
:103F70002161A44908444FEA481141EAD861084444
:103F800007444FEA8B7040EA9B0B616BA068484086
:103F9000E1694840616948404100626BA068504057
:103FA000E26950406269504041EAD07148EA0B0032
:103FB000284008EA0B021043084461619149084413
:103FC000790141EAD761084406444FEA887040EA23
:103FD0009808A16BE0684840216A4840A1694840C0
:103FE0004100A26BE0685040226A5040A2695040F4
:103FF00041EAD07147EA080000EA0B0007EA08022C
:1040000010430844A1617F490844710141EAD66127
:1040100008440544B80740EA9707E16B2069484027
:10402000616A4840E16948404100E26B20695040C4
:10403000626A5040E269504041EAD07146EA0700A6
:1040400000EA080006EA070210430844E1616D49EE
:104050000844690141EAD56108448344B00740EA55
:104060009606216860694840A16A4840216A484034
:104070004100226860695040A26A5040226A504064
:1040800041EAD07145EA0600384005EA06021043CD
:10409000084421625B4908444FEA4B1141EADB6165
:1040A00008448044A80740EA95056168A069484033
:1040B000E16A4840616A484041006268A069504036
:1040C000E26A5040626A504041EAD0714BEA050012
:1040D00030400BEA05021043084461624949084434
:1040E0004FEA481141EAD861084407444FEA8B700F
:1040F00040EA9B0BA168E0694840216B4840A16AF7
:1041000048404100A268E0695040226B5040A26ADA
:10411000504041EAD07148EA0B00284008EA0B02FF
:1041200010430844A16237490844790141EAD76144
:10413000084406444FEA887040EA9808E168206A1B
:104140004840616B4840E16A48404100E268206AAB
:104150005040626B5040E26A504041EAD07147EAF9
:10416000080000EA0B0007EA080210430844E16275
:1041700024490844710141EAD66108440544B8075E
:1041800040EA97072169606A4840A16B4840216B6B
:10419000484041002269606A5040A26B5040226B47
:1041A000504041EAD07186EA070080EA08000844DE
:1041B000216315490844690141EAD56108448344F3
:1041C000B00740EA96066169A06A4840E16B484042
:1041D000616B484041006269A06A5040E26B504008
:1041E000626B504041EAD07185EA0600784008448D
:1041F0006163054908444FEA4B1141EADB61084419
:10420000804403E0DCBC1B8FD6C162CAA80740EA29
:104210009505A169E06A484021684840A16B484083
:104220004100A269E06A504022685040A26B5040B1
:1042300041EAD0718BEA050070400844A163FE4951
:1042400008444FEA481141EAD861084407444FEA5C
:104250008B7040EA9B0BE169206B484061684840E5
:10426000E16B48404100E269206B50406268504079
:10427000E26B504041EAD07188EA0B006840084484
:10428000E163ED490844790141EAD76108440644F5
:104290004FEA887040EA9808216A606B4840A1683C
:1042A0004840216848404100226A606B5040A26843
:1042B00050402268504041EAD07187EA080080EA05
:1042C0000B0008442160DC490844710141EAD661D1
:1042D00008440544B80740EA9707616AA06B484064
:1042E000E1684840616848404100626AA06B504004
:1042F000E26850406268504041EAD07186EA0700A7
:1043000080EA080008446160CB490844690141EA39
:10431000D56108448344B00740EA9606A16AE06B81
:10432000484021694840A16848404100A26AE06BCA
:10433000504022695040A268504041EAD07185EA5D
:10434000060078400844A160BB4908444FEA4B117D
:1043500041EADB6108448044A80740EA9505E16A28
:104360002068484061694840E16848404100E26A8D
:104370002068504062695040E268504041EAD07184
:104380008BEA050070400844E160AB4908444FEAFD
:10439000481141EAD861084407444FEA8B7040EA6B
:1043A0009B0B216B60684840A169484021694840E7
:1043B0004100226B60685040A26950402269504021
:1043C00041EAD07188EA0B006840084421619A49AB
:1043D0000844790141EAD761084406444FEA8870ED
:1043E00040EA9808616BA0684840E169484061690B
:1043F00048404100626BA0685040E26950406269E9
:10440000504041EAD07187EA080080EA0B00084476
:10441000616189490844710141EAD6610844054453
:10442000B80740EA9707A16BE0684840216A484016
:10443000A16948404100A26BE0685040226A5040A8
:10444000A269504041EAD07186EA070080EA08007C
:104450000844A16178490844690141EAD5610844EA
:104460008344B00740EA9606E16B20694840616AE0
:104470004840E16948404100E26B20695040626A6F
:104480005040E269504041EAD07185EA0600784028
:104490000844E161684908444FEA4B1141EADB6195
:1044A00008448044A80740EA9505216860694840AF
:1044B000A16A4840216A4840410022686069504032
:1044C000A26A5040226A504041EAD0718BEA05004E
:1044D000704008442162584908444FEA481141EAB3
:1044E000D861084407444FEA8B7040EA9B0B61682F
:1044F000A0694840E16A4840616A484041006268FA
:10450000A0695040E26A5040626A504041EAD0716E
:1045100088EA0B0068400844616247490844790111
:1045200041EAD761084406444FEA887040EA980897
:10453000A168E0694840216B4840A16A48404100B9
:10454000A268E0695040226B5040A26A504041EAA4
:10455000D07187EA080080EA0B000844A16236495E
:104560000844710141EAD66108440544B80740EAAD
:104570009707E168206A4840616B4840E16A48401B
:104580004100E268206A5040626B5040E26A50404D
:1045900041EAD07186EA070080EA08000844E16237
:1045A00025490844690141EAD56108448344B007BC
:1045B00040EA96062169606A4840A16B4840216B39
:1045C000484041002269606A5040A26B5040226B13
:1045D000504041EAD07185EA0600784008442163E2
:1045E000154908444FEA4B1141EADB610844804415
:1045F000A80740EA95056169A06A4840E16B484018
:10460000616B484041006269A06A5040E26B5040D3
:10461000626B504041EAD0718BEA0500704008445B
:104620006163054908444FEA481141EAD8610844EA
:1046300007444FEA8B7001E0D6C162CA40EA9B0B87
:10464000A169E06A484021684840A16B48404100A8
:10465000A269E06A504022685040A26B504041EA93
:10466000D07188EA0B0068400844A16326490844D9
:10467000790141EAD761084406444FEA887040EA6C
:104680009808E169206B484061684840E16B484008
:104690004100E269206B504062685040E26B50403C
:1046A00041EAD07187EA080080EA0B000844E16320
:1046B00015490844710141EAD66108440544B80728
:1046C00040EA9707D9F800002844C9F80000D9F853
:1046D00004003044C9F80400D9F808003844C9F887
:1046E0000800D9F80C004044C9F80C00D9F81000B3
:1046F0005844C9F810000020834680460746064605
:10470000054611B0BDE8F08FD6C162CA2DE9F04769
:10471000044689461546C846A08AC0F3C5076069A5
:1047200000EBC5006061B0EBC50F02D2A069401C70
:10473000A061A06900EB5571A16178193F281AD9D1
:10474000C7F14006324604F11C01C8194146FBF787
:10475000EFFD04F11C012046FEF7EAFC05E008EB42
:1047600006012046FEF7E4FC403606F13F00A84271
:10477000F5D3002700E00026AA1B08EB060104F190
:104780001C03D819FBF7D4FDBDE8F08710B5FDF781
:1047900061FB19F0F1F8012801D018F021FB10BDE0
:1047A0000348006840F47000014908607047000049
:1047B00088ED00E010B50E480068C06800F0010008
:1047C00078B10C49086980470020094909684862A6
:1047D00000BF642006490968C86264210448C160BA
:1047E00000BF6FF0010002490968086110BD0000B8
:1047F000440F0020B000002010B50268294B9842F9
:104800000ED0B0F1804F0BD0274B984208D0274BE9
:10481000984205D0264B984202D0264B984203D1AD
:1048200022F070024B681A431E4B984220D0B0F120
:10483000804F1DD01C4B98421AD01C4B984217D069
:104840001B4B984214D01B4B984211D01A4B9842E4
:104850000ED01A4B98420BD0194B984208D0194BE6
:10486000984205D0184B984202D0184B984203D179
:1048700022F44072CB681A4322F080034C6943EA69
:10488000040202608B68C3620B688362054B984226
:1048900002D0084B984201D10B69036301234361A5
:1048A00010BD00000000014000040040000800406E
:1048B000000C004000040140004001400044014061
:1048C0000048014000180040001C0040002000404B
:1048D00010B5044606480078401C054908700023BE
:1048E0001A4619460348006818F06CFB10BD00001A
:1048F000290000201C00002010B50446064800785E
:10490000401C0549087000231A46194603480068F0
:1049100018F058FB10BD00002800002018000020EF
:1049200070B50546AC6B0020E085E0842046FEF7BC
:1049300008F870BD0168C96821F490710268D160FF
:104940000168496921F0010102685161016B012987
:1049500005D10168C96821F010010268D1602021E9
:1049600080F83E1000210163704710B504462068AE
:10497000C06820F040002168C860202084F83D0015
:104980002046FEF760FB002010BD70B5044694F889
:104990003E00222856D1A068B0F5805F0CD1206976
:1049A00050B90025A66A20684068C0F3080030802E
:1049B000A06A801CA06215E0A56A0026A068B0F578
:1049C000805F03D0A06828B9206918B920684068C2
:1049D000287004E02068406800F07F002870A06A1A
:1049E000401CA062E08D401E80B2E08540BB206884
:1049F000C06820F020002168C8602068C06820F4EA
:104A000080702168C8602068406920F0010021683A
:104A10004861202084F83E00206B01280AD12068DC
:104A2000C06820F010002168C860A18D2046FDF705
:104A300087FF02E02046FEF74FFA0020206370BD9A
:104A40000020FCE70220FAE72DE9F84F0446206831
:104A5000006920F44050E168084321680861216939
:104A6000A068084361690843E16908430090206831
:104A7000C06849F20C618843009908432168C86006
:104A80002068406920F44070A169084321684861AA
:104A900076492068884203D075492068884203D14E
:104AA000FDF764FB814602E0FDF750FB8146E069BB
:104AB000B0F5004F6CD102206168A0FB01500346A5
:104AC0001920A9FB007001462A463846FBF7E2FB95
:104AD0006421B0FBF1F04FEA001A02206168A0FBEC
:104AE00001510B461920A9FB00712A463846FBF7F5
:104AF000D1FB834602206168A0FB015003461920C8
:104B0000A9FB00712A463846FBF7C4FB6421B0FBC1
:104B1000F1F000EBC00101EB0010ABEB80003221A3
:104B200001EBC0006421B0FBF1F000F0F8000AEBEB
:104B3000400A02206168A0FB015003461920A9FB2E
:104B4000007001462A463846FBF7A4FB8346022044
:104B50006168A0FB015003461920A9FB00712A4699
:104B60003846FBF797FB6421B0FBF1F000EBC00186
:104B700001EB0010ABEB8000322101EBC00064219F
:104B8000B0FBF1F000F007005044216888606AE053
:104B900004206168A0FB015003461920A9FB0070A6
:104BA00001462A463846FBF775FB824604206168B9
:104BB000A0FB015003461920A9FB007001462A46BC
:104BC0003846FBF767FB6421B0FBF1F000EBC00156
:104BD00001EB0010AAEB8000322101EB00106421F0
:104BE000B0FBF1F000F0F00A04206168A0FB017056
:104BF00003461920A9FB00513A462846FBF74AFB19
:104C00006421B0FBF1F00AEB001A04206168A0FBFC
:104C100001510B461920A9FB00712A463846FBF7C3
:104C200039FB834604206168A0FB0150034619202C
:104C3000A9FB007001462A463846FBF72BFB64218E
:104C4000B0FBF1F000EBC00101EB0010ABEB80001A
:104C5000322101EB00106421B0FBF1F000F00F00F5
:104C6000504421688860BDE8F88F000000100140C2
:104C70000014014010B5034699629A85DA85002038
:104C80001864222083F83E0000BF002083F83C0017
:104C900000BF1868C06840F480701C68E060186845
:104CA000406940F001001C6860611868C06840F00D
:104CB00020001C68E060002010BD014691F83D0016
:104CC000212828D18868B0F5805F0BD1086948B9E0
:104CD0000A6A1088C0F308000B685860086A801CD4
:104CE000086205E00B6A581C086218780B68586067
:104CF000C88C401E80B2C88458B90868C06820F0CB
:104D000080000B68D8600868C06840F040000B68FD
:104D1000D860002070470220FCE72DE9F0410446EE
:104D20000D4617469846069E21E0701CF8B12EB13C
:104D3000FDF78AF8A0EB0800B04218D92068C068D7
:104D400020F4D0702168C8602068406920F001001C
:104D500021684861202084F83D0084F83E0000BFAF
:104D6000002084F83C0000BF0320BDE8F0812068EB
:104D700000682840A84201D1012000E00020B8428C
:104D8000D3D00020F1E7000010B50248FDF7DAFDAE
:104D900010BD0000300400201CB53F4800680068CA
:104DA000C0F3C00090B100BF002000903A480068F6
:104DB00000680090384800684068009000BF00BF5D
:104DC0003548006800683448006840683248006828
:104DD0000068C0F3401020B34FF0FF33012201A957
:104DE0002D48FDF7E9FF2D48B0F80008C0F30E008C
:104DF00040F2FF71884215DA9DF804002749B1F8A6
:104E00000018C1F30E01254A50541046B0F80008AE
:104E1000401C1146B1F8001860F30E011046A0F8CE
:104E200000181BE01D48B0F800086FF30E001B4986
:104E3000A1F800089DF80400B1F80018C1F30E01B4
:104E4000164A50541046B0F80008401C1146B1F8FC
:104E5000001860F30E011046A0F800180E48006814
:104E60000068C0F30010B0B10C48B0F8000820F49E
:104E7000004000F500400949A1F8000800BF0020EB
:104E8000009005480068006800900348006840688A
:104E9000009000BF00BF1CBDBC0600200007002022
:104EA00000BFFEE70FB4054B10B503A9044A0298F2
:104EB00000F01CF910BC5DF814FB00002D990008EF
:104EC000340000200FB4084B10B504A902AA0398BF
:104ED00000F00CF9044602A9002000F08AFC2046EC
:104EE00010BC5DF814FB0000F357000837B51446FA
:104EF0000846064B6A46214600F0F8F80446694623
:104F0000002000F076FC20463EBD0000F35700086C
:104F100002480068C0F30220704700000CED00E07A
:104F200010B5002804DB0A07130E054A135406E0E7
:104F30000A07140E034A00F00F031B1FD45410BDC0
:104F400000E400E018ED00E002E008C8121F08C10C
:104F5000002AFAD170477047002001E001C1121FFA
:104F6000002AFBD1704700002DE9FF5F82B00021CD
:104F7000DDE90430020DDDF840B0034318D044F6FB
:104F80001050A2F2FF3242431514119801281FD08D
:104F9000A5EB0B00401C5FEA000A4FF000064E4FE5
:104FA000DFF83891B046504615D5CAF1000413E039
:104FB000119801244AA3012801D16FEA0B0102983C
:104FC000119AC0E90031C0E9024206B0BDE8F09F85
:104FD000CBF10000DFE704460021404A491842EBCC
:104FE0000450CDE9001012E0E00707D032463B46FE
:104FF00040464946FBF7A7FA8046894632463B467B
:1050000010461946FBF79FFA06460F466410002C1F
:10501000EAD1DDE90401DDE90023BAF1000F06DA87
:10502000FBF791FA42464B46FBF78DFA05E0FBF79A
:10503000FCFA42464B46FBF7F8FA04460E460022BD
:10504000284BFBF757FC03D84FF0FF30014607E031
:105050000022254B20463146FBF7CEF9FBF731FC09
:10506000102409E0002C0ADB0A220023FBF712F9C6
:10507000039B30321A55641E50EA0102F2D1641CBF
:10508000039AC4F111031444119A012A03D0012296
:1050900008430DD10AE0084304D000204FF0110B63
:1050A000119072E7A3EB0B056D1E0DE05B4504DD6F
:1050B0004FF0000205F1010504E003DA4FF00002B1
:1050C000A5F10105002AECD002981199C0E902313E
:1050D000C0E9004579E70000000014400000F03FFF
:1050E000300000000000F0430000E03F2DE9FF4FDA
:1050F00095B09A46884606460025EEE1252877D1E8
:1051000000242746F94A0121039400E0044316F8DD
:10511000013F203B01FA03F01042F7D130782A28F2
:1051200011D06FF02F033078A0F13002092A16D881
:10513000039A44F0020402EB820203EB42021044A1
:10514000761C0390EFE758F8042B0392002A03DA49
:10515000504244F40054039044F00204761C30782A
:105160002E2816D116F8010F44F004042A280DD079
:105170006FF02F023078A0F13003092B09D807EB2C
:10518000870302EB4303C718761CF3E758F8047B48
:10519000761C30786C280FD006DC4C2817D0682895
:1051A0000DD06A2814D104E0742810D07A280FD1C9
:1051B0000DE044F400140AE044F4801401E044F4E7
:1051C00040147278824202D104F58014761C761C59
:1051D000307866280BD013DC582877D009DC0028FB
:1051E00075D04528F6D04628F4D047281AD193E147
:1051F00018E0632835D0642879D0652812D18BE176
:10520000702873D008DC6728F1D069286FD06E2829
:105210000DD06F2806D1ACE073282CD0752874D03F
:10522000782853D05246179990476D1C54E1C4F327
:105230000250022809D003280DD0D8F80010042805
:105240000DD00D6008F1040846E1D8F80010EA1707
:10525000C1E90052F6E7D8F800100D80F2E70D70B2
:10526000F0E718F8041B8DF8001000208DF80100FD
:10527000EB46012003E058F804BB4FF0FF30610714
:105280004FF0000102D40DE009F101018946B94255
:105290000FDA8145F8DB1BF809100029F4D108E08A
:1052A00009F1010189468142FADB1BF80910002946
:1052B000F6D103985346A0EB090721463846179AC2
:1052C00000F080FA284400EB090507E044E008E11B
:1052D0000DE01BF8010B524617999047B9F10109EF
:1052E000F7D2534621463846179AF2E039E00A21B0
:1052F000C4F302524FF0000B0091022A06D058F876
:10530000040BC117032A09D00AE023E008F10700C3
:1053100020F00702F2E80201904605E000B2C11752
:10532000042A01D140B2C117002906DA0A46002139
:10533000404261EB02012D2202E0220504D52B221E
:105340008DF80420012203E0E20701D02022F7E7D4
:10535000914657E00A2100E010214FF0000B009128
:105360000BE010214FF0000B44F0040408270091DB
:1053700003E008204FF0000B0090C4F30252022A11
:1053800005D058F8040B0021032A08D008E008F1E2
:10539000070020F00702F2E80201904603E080B225
:1053A000042A00D1C0B24FF0000922072AD5327872
:1053B000702A07D0DDF800C08CF0100C5CEA0B0CF2
:1053C00005D00EE040228DF80420012208E050EACA
:1053D000010306D030238DF804308DF80520022219
:1053E0009146009B83F0080353EA0B030AD150EA6D
:1053F000010201D1620705D530228DF804204FF05B
:1054000001097F1E3278582A04D039A20C920CAAC6
:1054100002920BE03BA2F9E75B46009AFAF73AFFEB
:105420000C9B9B5C029A521E0292137050EA01027E
:10543000F2D1029804A9081A00F1200B600702D5E6
:1054400024F4803400E001275F4502DDA7EB0B0068
:1054500000E0002000EB0B01009003984944401A43
:105460000390E00306D453462146179A039800F0B0
:10547000A9F90544002706E001A85246C05D179926
:1054800090476D1C7F1C4F45F6DBE0030CD553465F
:105490002146179A039800F095F9054404E030205E
:1054A0005246179990476D1C0099481E009000299C
:1054B000F5DC08E00298029952460078491C0291F6
:1054C000179990476D1CBBF10001ABF1010BF1DCAA
:1054D0005BE100F065F90544761C307800287FF424
:1054E0000DAE19B02846BDE8F08F00000928010074
:1054F000303132333435363738396162636465664A
:10550000000000003031323334353637383941420B
:105510004344454600000000600700D4062708F118
:10552000070020F00700F0E80223804603F0004C5B
:105530005FEA0C0001D097A009E0200501D596A0F4
:1055400005E0E00701D095A001E0AFF24C00139018
:10555000307823F0004365280CD006DC452809D0BC
:1055600046281DD047287FD13BE0662818D0672801
:105570007AD136E00021112F01DB112000E0781CE8
:10558000CDE9000104A90CA8FFF7EEFCDDE90D014F
:105590000C9A4FF0000B07F10109109200914EE0B8
:1055A0004FF000400097CDE9011004A90CA8FFF7C7
:1055B000DBFCDDE90D020C9B0F994FF0000B9146CF
:1055C0001093009211B9791C00EB0109B7EB0900A7
:1055D00003D4C0F1FF3B07F10109A9EB07000190DB
:1055E00042E0012F00DA01270021112F01DD1120F7
:1055F00000E03846CDE9000104A90CA8FFF7B4FC8F
:10560000DDE90D010C9A00914FF0000BB9461092A4
:1056100021070FD4009A4A4503DA914601E0A9F127
:105620000109B9F1010F05DD109AA9F10101515CE1
:105630003029F4D0B84202DA10F1040F03DA012164
:10564000CDE9011010E0002803DC8344A9EB000140
:1056500002E0411C494500DD8946A0EB0B00401CDF
:1056600001904FF000400290200705D40198484572
:1056700002DB4FF0FF30019000208DF84B000298C4
:105680000DF14B07B0F1004F25D002200C902B20DC
:105690000D90029800280CDA404202902D200D90C7
:1056A00007E00A210298FBF768F83031029007F80A
:1056B000011D0C99481E0C900029F2DC029800286C
:1056C000EFD1791E0D980870307800F0200040F07E
:1056D000450007F8020D11A8C01BC01D02901398C9
:1056E000007800B1012000EB0901019801EBE071A5
:1056F000029801440398401A401E0390E00306D428
:1057000053462146179A039800F05CF80544139815
:10571000007818B15246179990476D1CE00323D5C5
:1057200053462146179A039800F04CF805441BE0B5
:10573000BBF1000F07DB0098584504DD109817995E
:1057400010F80B0001E0179930205246904701985D
:105750000BF1010B401E05F10105019004D12E2033
:105760005246179990476D1CB9F10001A9F1010942
:10577000DEDC05E017F8010B5246179990476D1CC7
:105780000299481E02900029F4DC53462146179ADC
:1057900003989EE62D0000002B0000002000000072
:1057A0002DE9F041044600251E461746880404D41E
:1057B00005E039462020B0476D1C641EF9D5284607
:1057C000BDE8F0812DE9F041044600251E469046D3
:1057D000C80301D5302700E02027880404D505E060
:1057E00041463846B0476D1C641EF9D52846BDE8D1
:1057F000F0810A68531C0B601070704710B50E489A
:105800000E4908604FF48030486000210B488160E9
:10581000C160016101210176C161002180F8201081
:105820004162074981620021C162012180F8301084
:10583000FBF7F6FB10BD0000002001406C050020C6
:105840000100000F10B5FFF7D9FF0448006840F4CD
:1058500000000349C1F8040310BD00000423014007
:105860000020014070B500250AE0642206A107A0CF
:1058700000F030FA04460CB9002070BD681CC5B2B7
:105880000A2DF2DB0120F8E74F4B000041540000E5
:105890003EB50446224608A16846FFF713FB4FF4C5
:1058A0007A7209A1684600F015FA05460DB101208B
:1058B0003EBD0020FCE7000041542B434F4E4E41BB
:1058C00044443D25730000004F4B000010B54FF4D9
:1058D0007A7205A106A000F0FDF904460CB1012082
:1058E00010BD0020FCE70000612B6F6B0000000082
:1058F0002B2B2B61000000001CB508A16846FFF7A8
:10590000E1FA4FF47A7207A1684600F0E3F9044621
:105910000CB101201CBD0020FCE7000041542B45C8
:105920004E544D004F4B000010B540210348FCF78A
:105930006DFA08B1012010BD0020FCE70014024000
:1059400000B587B0142102A8FAF719FD00BF00BF07
:10595000002001901E48006840F020001C490860AB
:105960000846006800F02000019000BF00BF00BFA3
:1059700000BF00BF002001900846006840F004000E
:1059800008600846006800F00400019000BF00BFF6
:1059900000BF402002900020039002200490059058
:1059A00002A90C48FCF730F9012002900390049002
:1059B0000220059002A90848FCF726F900BF012241
:1059C00011460548FCF734FA00BF07B000BD0000DF
:1059D00030380240001402400008024070B505460D
:1059E0000D2D2FD2DFE805F0070A0D101316191C34
:1059F0001F2225282B004FF4966425E04FF41664EF
:105A000022E04FF496541FE04FF416541CE04FF47C
:105A1000615419E04FF4964416E04FF4164413E035
:105A20004AF2F87410E04FF461440DE04FF49634FC
:105A30000AE04FF4E13407E04FF4966404E04FF4D9
:105A4000613401E0032070BD00BFFFF779FF2046FD
:105A500000F0F2FBFFF73AFFFFF704FF06460EB136
:105A60000120F0E7014805700020ECE7610000200C
:105A700010B50A20FFF7B2FF04461CB139A0FFF7AA
:105A800011FA02E03FA0FFF70DFAFFF71FFF46A053
:105A900000F074FA044649A000F06CF92044C4B246
:105AA000042000F0BDFA2044C4B200231A460321AA
:105AB0000A2000F0EBFA2044C4B2052000F036F9C9
:105AC0002044C4B2012000F0A3F92044C4B2002055
:105AD00000F06CF92044C4B2012000F06BFA2044BD
:105AE000C4B2012000F0CAF92044C4B2002000F082
:105AF000F9F92044C4B21CB136A0FFF7D3F902E093
:105B00003DA0FFF7CFF9FFF7E1FE00F0CFF818B99D
:105B100042A0FFF7C7F902E049A0FFF7C3F94FF42D
:105B20007A7000F003FC00F0BDFB4D4908600846A8
:105B3000006838B1084601684AA0FFF7B3F94AA0E7
:105B4000FFF7B0F94FA153A0FFF7ACF94DA0FFF755
:105B50009FFE00BFFFF7E8FE0028FBD0FFF7CCFE5A
:105B600010BD000041544B2D4D573537392D4D4157
:105B70005354455220696E6974206661696C65648E
:105B8000210D0A0041544B2D4D573537392D4D41CC
:105B90005354455220696E6974207375636365734D
:105BA00073210D0A0000000041544B2D4D5735372D
:105BB000392D4D41535445520000000048454C4C8E
:105BC0004F2041544B2D4D573537392D4D415354AE
:105BD0004552000041544B2D4D573537392D4D411D
:105BE0005354455220636F6E666967206661696C25
:105BF0006564210D0A00000041544B2D4D57353787
:105C0000392D4D415354455220636F6E66696720AC
:105C100073756363657373210D0A000041544B2D46
:105C20004D573537392D4D415354455220736361DB
:105C30006E2073756363657373210D0A00000000A5
:105C400041544B2D4D573537392D4D415354455205
:105C5000207363616E206661696C6564210D0A00C2
:105C60002C00002025730000456E746572206E754F
:105C70006D62657220746F20636F6E6E6563743A37
:105C8000200D0A003338334232363336333145354E
:105C900000000000436F6E6E65637420746F206EA9
:105CA000756D6265722025730D0A000010B541F212
:105CB000883205A105A000F00DF804460CB10120C2
:105CC00010BD0020FCE700004F4B000041542B5357
:105CD00043414E002DE9F04105460E46144600278B
:105CE00000F0F6FA29460FA000F0BEFA06B114B98A
:105CF0000020BDE8F08110E000F0D4FA074647B17B
:105D000031463846FAF746FB08B10020F1E700F0CB
:105D1000DFFA641E012000F009FB002CECD1022008
:105D2000E7E7000025730D0A000000007FB5044678
:105D3000022C02DBB4F5806F02DD032004B070BDDD
:105D4000224607A16846FFF7BDF8642208A168460D
:105D5000FFF7C0FF05460DB10120EFE70020EDE79A
:105D600041542B41445054494D3D256400000000EE
:105D70004F4B000030B591B00446224607A101A860
:105D8000FFF7A0F8642208A101A8FFF7A3FF0546CA
:105D900015B1012011B030BD0020FBE741542B4864
:105DA000454C4C4F3D2573004F4B000030B585B03E
:105DB000054615B1012D0AD104E00FA104A8FFF793
:105DC00081F807E00DA104A8FFF77CF802E00320AA
:105DD00005B030BD00BF04AA09A16846FFF772F8FC
:105DE00064220AA16846FFF775FF04460CB1012042
:105DF000EEE70020ECE700004F4E00004F46460063
:105E000041542B4C4544454E3D2573004F4B0000FB
:105E100030B587B0054615B1012D0AD104E00FA1B8
:105E200006A8FFF74FF807E00DA106A8FFF74AF80C
:105E300002E0032007B030BD00BF06AA09A101A8F7
:105E4000FFF740F864220CA101A8FFF743FF0446C6
:105E50000CB10120EEE70020ECE700004F4E0000FF
:105E60004F46460041542B4C494E4B5041535345ED
:105E70004E3D2573000000004F4B000030B585B04B
:105E8000054615B1012D0AD104E00FA104A8FFF7C2
:105E900019F807E00DA104A8FFF714F802E00320A9
:105EA00005B030BD00BF04AA09A16846FFF70AF893
:105EB00064220BA16846FFF70DFF04460CB10120D8
:105EC000EEE70020ECE700004F4E00004F46460092
:105ED00041542B4D41585055543D2573000000004E
:105EE0004F4B00007FB50446052C1DD2DFE804F0BF
:105EF00003080D12170018A103A8FEF7E3FF16E030
:105F000016A103A8FEF7DEFF11E015A103A8FEF716
:105F1000D9FF0CE013A103A8FEF7D4FF07E012A1FC
:105F200003A8FEF7CFFF02E0032004B070BD00BF5E
:105F300003AA0EA16846FEF7C5FF64220EA16846BB
:105F4000FFF7C8FE05460DB10120EEE7642000F022
:105F5000EDF90020E9E700004D00000053000000CB
:105F60004F000000420000004900000041542B4D4A
:105F70004F44453D257300004F4B000030B591B0B4
:105F80000446224607A101A8FEF79CFF642208A14F
:105F900001A8FFF79FFE054615B1012011B030BDE5
:105FA0000020FBE741542B4E414D453D2573000039
:105FB0004F4B000030B587B0054615B1012D0AD111
:105FC00004E00FA106A8FEF77DFF07E00DA106A8DB
:105FD000FEF778FF02E0032007B030BD00BF06AA3D
:105FE00009A101A8FEF76EFF64220CA101A8FFF72A
:105FF00071FE04460CB10120EEE70020ECE7000042
:106000004F4E00004F46460041542B534C415645DD
:10601000534C454550454E3D257300004F4B000005
:10602000FEB50546082D15D2DFE805F00406080A7E
:106030000C0E101201240FE002240DE003240BE0EB
:10604000042409E0052407E0062405E0072403E012
:10605000082401E00320FEBD00BF224607A16846D8
:10606000FEF730FF642208A16846FFF733FE0646BC
:106070000EB10120EFE70020EDE7000041542B5462
:10608000504C3D25640000004F4B00002DE9FF4FB0
:1060900089B007468A4693460D2F2FD2DFE807F0D6
:1060A000070A0D101316191C1F2225282B004FF468
:1060B000966427E04FF4166424E04FF4965421E0F0
:1060C0004FF416541EE04FF461541BE04FF4964415
:1060D00018E04FF4164415E04AF2F87412E04FF459
:1060E00061440FE04FF496340CE04FF4E13409E0E2
:1060F0004FF4966406E04FF4613403E003200DB0E2
:10610000BDE8F08F00BFBAF1000F09D0BAF1010F5E
:1061100008D0BAF1020F07D0BAF1030F08D105E099
:10612000052507E0062505E0072503E0082501E031
:106130000320E4E700BFBBF1000F06D0BBF1010F65
:1061400005D0BBF1020F06D103E0002605E00126D1
:1061500003E0022601E00320D1E700BF0C9810B154
:10616000012806D102E04FF0010904E04FF00209D6
:1061700001E00320C3E700BF2B46224609A103A884
:10618000CDE90069FEF79EFE64220BA103A8FFF78C
:10619000A1FD8046B8F1000F01D00120AFE700203B
:1061A000ADE7000041542B554152543D25642C2548
:1061B000642C25642C2564004F4B000010B5FFF7BC
:1061C000B3FBA0B90CA000F04FF800F06BF80F493A
:1061D00008600846006830B1084601680CA0FEF768
:1061E00061FE00F075F80A2000F0A0F802E009A0B6
:1061F000FEF758FE10BD000046726F6D2041544BF3
:106200002D4D573537390D0A000000002C000020B5
:106210002573000041544B2D4D573537392D534CC4
:1062200041564520636F6E6E656374206661696CCC
:106230006564210D0A00000010B5044608480949AC
:1062400008600846446000218160C16001610C2142
:10625000416100218161C161FCF79CFC10BD00001F
:1062600000480040BC0600200FB438B505A80090D7
:106270000A48009A0499FEF739FE0020009007486A
:10628000FAF7A6F884B24FF0FF33224603490448D8
:10629000FCF770FE38BC5DF814FB0000020F002014
:1062A000BC0600200948B0F800080121B1EBD03F3E
:1062B00009D100200549B1F80018C1F30E01034AC5
:1062C0005054104670470020FCE7000000070020F3
:1062D0000748B0F800086FF30E000549A1F8000860
:1062E0000846B0F8000820F40040A1F80008704704
:1062F0000007002070B504460420FCF76BFA0A483A
:10630000046025464FF47A7045434FF0E020006961
:1063100040F002004FF0E021086108464561006945
:1063200040F00100086170BD3000002030B5044627
:10633000002504E04FF47A7000F004F86D1CA542CB
:10634000F8D330BD70B5034600224FF0E0267569E2
:106350000D4E366803FB06F44FF0E026B16910E0FD
:106360004FF0E026B06988420BD0884202D20E1A64
:10637000324402E02E1A0E4432440146A24200D3B7
:1063800000E0EDE700BF70BD3000002070B50546AD
:106390000E4600BF2DB900BF0CA0FEF783FD00BF65
:1063A00070BD00BF6C6A00BF00BF6CB16079082887
:1063B0000AD100BF00BF3068E169884204D100BF44
:1063C00000BF284600F01CFA00BFE9E76E6574695B
:1063D0006620213D204E554C4C0000007CB5064601
:1063E00000BF2EB900BF44A0FEF75CFD00BF7CBD1E
:1063F00000BF746A00BF2CB900BF46A0FEF752FD73
:1064000000BFF4E700BF00BF00BF00206082A06AA9
:10641000401C90B100BF00BFA06A1E303C21B0FB01
:10642000F1F5B5F5803F01D34FF6FF75A582A08A3F
:1064300008B90120A08200BF00BFE06A401CA0B1E3
:1064400000BF00BFE06A1E303C21B0FBF1F5B5F59E
:10645000803F01D34FF6FF756581608908B901203F
:10646000608100BF00BF6089E081206B401CA0B14B
:1064700000BF00BF206B1E303C21B0FBF1F5B5F52D
:10648000803F01D34FF6FF75A581A08908B901208F
:10649000A08100BF00BFA08920826089A1898842B5
:1064A00004DBA089002801DD00206081E07910B1C3
:1064B000206A01900FE0207F7F2802DCFF210191FC
:1064C00008E0C02803DB6FF07F41019102E04FF646
:1064D000FF71019100BF606A009000BF00BF0A21F8
:1064E000204601F00FFA6B4601AA04F11C01304668
:1064F0000BF06AFD00BF7AE7646863705F62696EE3
:10650000643A206E6574696620213D204E554C4CDE
:1065100000000000646863705F62696E643A206422
:1065200068637020213D204E554C4C002DE9F04110
:106530000646746A00BF00BF0821204601F0E2F958
:10654000002204F11C01304602F05AFD05460DB14F
:1065500000BF00BFA079FF2802DAA079401CA0711B
:106560004FF4FA7707F2F310394690FBF1F02081EF
:1065700000BF00BFBDE8F08170B500BF00BF1B4881
:1065800005682FE06C6AFCB16079E8B1A08A78B147
:10659000608A401C80B26082A18A884208D100BF14
:1065A00000BF284600F0D8FF284601F0B3F918E0F4
:1065B000208A50B1218A481E2082012905D100BFBE
:1065C00000BF284601F063FA0BE0E08948B1E18999
:1065D000481EE081012904D100BF00BF284601F018
:1065E00031FA2D68002DCDD170BD00004002002091
:1065F0002DE9F05F07460D4616469A4600BF3FB9A3
:1066000000BF44A0FEF74EFC00BF0020BDE8F09F95
:1066100000BF00BF35B900BF46A0FEF743FC00BF76
:106620000020F3E700BF4FF420724FF49A71362038
:106630000BF024FE8146B9F1000F03D100BF00BF6B
:106640000020E3E700BFB9F80A00B0F59A7F04D252
:1066500000BF40A0FEF726FC00BF00BF032E02D102
:106660006879032808D1A87918B9F9F74FFE494984
:10667000086048480068286000BF00BFD9F804409F
:106680004FF49A712046F9F77AFE0120207060706D
:1066900097F83000A070286808F09AFB6060082E18
:1066A0000BD0042E09D0072E07D0032E07D168790E
:1066B000052802D06879042801D17868E0604FF09D
:1066C00000080BE007F12A0010F8081004F11C0084
:1066D00000F8081008F101001FFA80F8B8F1060F61
:1066E000F0D32D48C4F8EC000123352204F1F00169
:1066F000002000F0B1FA8346324604F1F00158461A
:1067000000F0C8FA8346BAF1000F01D0AAF800B031
:1067100048467BE7646863705F6372656174655FB8
:106720006D73673A206E6574696620213D204E5571
:106730004C4C0000646863705F6372656174655FF0
:106740006D73673A206468637020213D204E554C7C
:106750004C000000646863705F6372656174655F1C
:106760006D73673A20636865636B20746861742099
:10677000666972737420706275662063616E20684A
:106780006F6C642073747275637420646863705FE7
:106790006D736700B40200206382536310B500BFBD
:1067A0000C480078002804DC00BF0BA0FEF77AFB41
:1067B00000BF00BF07480078401E06490870084621
:1067C000007830B90D48006814F00EF900200B492C
:1067D000086010BDB0020020646863705F7063627F
:1067E0005F726566636F756E7428293A20726566FC
:1067F000636F756E74206572726F7200AC02002058
:106800002DE9FE4F0646746A00BF00BF0C212046EA
:1068100001F078F802AB042221463046FFF7E8FE8B
:10682000054675B3D5F804800423322208F1F0013F
:10683000BDF8080000F010FA0290E06908F0C8FA0C
:106840008246524608F1F001BDF8080000F052FA05
:1068500002902A4608F1F001BDF8080000F0C6FADF
:1068600014484323144A2946CDE9006013480068C0
:1068700014F0F0F9074628460CF0D6F800BF00BF28
:1068800004E0FFE700BF00BF4FF0FF37A079FF280B
:1068900002DAA079401CA07142F2107909F2F310DB
:1068A0004FF4FA7190FBF1F0208100BF00BF384631
:1068B000BDE8FE8F3413020838130208AC02002032
:1068C0002DE9FE4F07467C6A4FF0000A00BF00BF6B
:1068D0000020E0610621204601F014F802AB0122FD
:1068E00021463846FFF784FE0546002D4AD06E68E3
:1068F00000BF00BF0223392206F1F001BDF80800F5
:1069000000F0AAF902903A8D06F1F001BDF80800F6
:1069100000F034FA02900423372206F1F001BDF8AA
:10692000080000F099F90290D0460DE0274810F8D1
:10693000082006F1F001BDF8080000F0ABF9029064
:1069400008F1010000F0FF08B8F1040FEED32A4669
:1069500006F1F001BDF8080000F048FA00BF00BFE2
:106960001B4843231B4A2946CDE900701A4800689A
:1069700014F070F900BF00BF28460CF055F800BFB6
:1069800000BF01E000BF00BFA079FF2802DAA079B4
:10699000401CA071A079062803DAA1790120884063
:1069A00000E03C2000EB4001C1EBC0104FF6FF714E
:1069B00001EAC00909F2F3104FF4FA7190FBF1F00B
:1069C000208100BF00BF5046BDE8FE8FA802002016
:1069D0003413020838130208AC02002070B50D48C9
:1069E000056814E06C6A8CB12089012803DD2089D8
:1069F000401E20810AE02089012807D12089401EFD
:106A0000208100BF00BF284601F069F82D68002DE5
:106A1000E8D170BD40020020F8B506460F46746A02
:106A20000020206260622648C07810B12548C06806
:106A3000A0622348007918B122480069E06202E0B0
:106A4000A06A4008E0621E48407918B11D484069BC
:106A5000206304E0A06AC0EBC000C008206338696E
:106A6000E0611748807938B11649886908F0B0F9B3
:106A700020620120E07101E00020E0711048C0793F
:106A800020B11049C86908F0A3F9606200250DE043
:106A900005F108010B4A52F8210008F099F900901D
:106AA0006946284601F08EFE681CC5B2022D05DA43
:106AB00005F108000249085C0028E9D1F8BD000092
:106AC000705901204859012070B50446656A00BF1D
:106AD00000BF0C21284600F015FF054B1A46114651
:106AE00020460BF071FA2046FFF7EAFE70BD000069
:106AF0003413020870B505460E466C6A00BF00BF2D
:106B00000B48807880B1002020810A49886808F00D
:106B10005FF9A06100BF00BF3069E06100BF00BF46
:106B2000284600F009FE01E000BF00BF70BD000074
:106B3000705901204859012010B51C4800780028E0
:106B40002DD100BF1A48006820B100BF19A0FEF780
:106B5000A9F900BF00BF13F0E7FE15490860084619
:106B6000006810B94FF0FF3010BD11480068407A3E
:106B700040F020000E4909684872442217490C4829
:106B8000006813F05DFC432214490948006813F0C3
:106B9000CBFC002212490648006813F007FF0348A7
:106BA0000078401C014908700020DDE7B002002099
:106BB000AC020020646863705F696E635F7063623B
:106BC0005F726566636F756E7428293A206D656D16
:106BD0006F7279206C65616B00000000341302084D
:106BE000FD73000870B505466C6A04B970BD607924
:106BF000042809D003DC80B103280FD107E0052861
:106C000003D00A280AD101E000BF00BF00BF002066
:106C1000A071284600F05EFB10E00FE000BF607935
:106C20000C2804DD00BF07A0FEF73CF900BF00BF41
:106C30000020A0712846FFF743FE00BF00BF00BF41
:106C4000D4E70000696E76616C69642064686370E3
:106C50002D3E7374617465002DE9F04104460D46C4
:106C600017461E4600BFA01C3044442804D900BF6C
:106C70000748FEF717F900BF00BF2046611C8CB221
:106C80002F542046611C8CB22E542046BDE8F08162
:106C90008016020870B504460D46164600BF442C07
:106CA00004D300BF05A0FEF7FDF800BF00BF2046DB
:106CB000611C8CB22E54204670BD00006468637065
:106CC0005F6F7074696F6E5F627974653A206F7080
:106CD00074696F6E735F6F75745F6C656E203C20B6
:106CE000444843505F4F5054494F4E535F4C454EBC
:106CF0000000000070B504460D46164600BF201D7A
:106D0000442804D900BF0EA0FEF7CCF800BF00BF96
:106D1000320E2046611C8CB22A54C6F3074220462C
:106D2000611C8CB22A54C6F307222046611C8CB227
:106D30002A542046611C8CB22E54204670BD00009F
:106D4000646863705F6F7074696F6E5F6C6F6E679D
:106D50003A206F7074696F6E735F6F75745F6C65E6
:106D60006E202B2034203C3D20444843505F4F5040
:106D700054494F4E535F4C454E00000070B50446D9
:106D80000D46164600BFA01C442804D900BF08A029
:106D9000FEF788F800BF00BF320A2046611C8CB2A3
:106DA0002A542046611C8CB22E54204670BD00002F
:106DB000646863705F6F7074696F6E5F73686F7221
:106DC000743A206F7074696F6E735F6F75745F6C67
:106DD000656E202B2032203C3D20444843505F4FBD
:106DE0005054494F4E535F4C454E000070B5044619
:106DF0000D461646FF222046611C8CB22A5404E040
:106E000000222046611C8CB22A54442C02D304F088
:106E1000030008B1442CF3D304F1F00081B23046F2
:106E20000BF0EAFE70BD00002DE9F04F8BB08146FB
:106E30000020069005900A21DE48F9F7A0FAB9F87B
:106E40000A002C2804D26FF001000BB0BDE8F08FCF
:106E5000D9F8040004904FF0F00AB9F80800079040
:106E600000BF4C46CDF820A00AE06089AAEB0000E4
:106E70001FFA80FA61890798401A80B20790246847
:106E800014B160895045F0DD14B96FF00100DCE702
:106E900056460798099060680A9050E10A98805D0C
:106EA000039000274FF0FF38B01C1FFA80FBB3455A
:106EB00001DAB81EC9E76189701C814203DD711CCB
:106EC0000A98455C07E0206818B12068406800789F
:106ED00000E0002005462F460398342854D00BDCF0
:106EE000032820D003DC80B101286FD111E00628EF
:106EF00024D033286AD13DE0352857D036285FD0DA
:106F00003A2868D03B287AD16FE000200546074632
:106F10007BE000BF042D02D06FF0050095E700BFB5
:106F20004FF0060871E0042700BFBD4202DA6FF09F
:106F300005008AE700BF4FF0070866E000BFE917C9
:106F400005EB91718910A5EB810111B16FF005007E
:106F50007BE700BF082D01DA284600E0082007463D
:106F600000BFBD4202DA6FF005006EE700BF4FF0D0
:106F700008084AE000BF042D02D06FF0050064E766
:106F800000BF4FF0030840E000BF012D02D06FF0BA
:106F900005005AE700BF00BF0898F02802D06FF044
:106FA000050052E700BF4FF000082EE000BF012DA2
:106FB00002D06FF0050048E700BF4FF0010824E061
:106FC00000BF042D03D06FF005003EE717E000BFBF
:106FD0004FF0020819E000BF042D02D06FF0050049
:106FE00033E700BF4FF004080FE000BF042D02D0CC
:106FF0006FF0050029E700BF4FF0050805E0002706
:1070000000BF00BF00BF00BF00BF00BF039810B9A2
:10701000701C86B277E07019801CB0F5803F02DBEF
:107020006FF0010011E77019801C86B2002F6ADD35
:107030000020029000BF00BFB8F1000F02DBB8F1E2
:107040000A0F04DB00BF5CA0FDF72CFF00BF00BFF0
:10705000584810F80800B0BB042F01DA384600E0A9
:10706000042001905B4602A92046019A0BF04CFBDC
:1070700001460198814202D06FF00100E5E6042F3D
:1070800027DD00BFF91707EB91718910A7EB81018C
:1070900011B16FF00500D8E600BF0120454901F8A5
:1070A0000800029807F094FE484941F82800381F6C
:1070B000C7B20BF1040080B200900098584503DA83
:1070C0006FF00100C1E61DE0DDF800B008F1010835
:1070D000B1E7042F04D1029807F07AFE029009E08C
:1070E00000BF012F02D06FF00500AEE600BF9DF893
:1070F0000800029001202F4901F808003349029846
:1071000041F8280000BF6089B04217DC6089301A5E
:1071100086B261890998401A80B20990099886421E
:1071200009DA246800BF14B96FF005008DE600BFCE
:1071300060680A9002E06FF0010086E600BF3CB193
:107140000998864204DA0A98805DFF287FF4A6AE8B
:1071500018480078D0B11D4908680021154A1170FF
:10716000012803D10121069100BF0EE0022803D1BE
:107170000121059100BF08E0032804D101210591F8
:10718000069100BF01E000BF00BF00BF069830B10C
:10719000002006904FF06C0AEC20079061E60598FD
:1071A00030B1002005904FF02C0A6C20079058E673
:1071B00000204AE670590120636865636B206465AE
:1071C000636F64655F6964780000000048590120BE
:1071D0002DE9FC4707467C6A00BF00BF042120461A
:1071E00000F090FB01AB032221463846FFF700FA7E
:1071F0000546002D44D06E680223392206F1F001C5
:10720000BDF80400FFF728FD01903A8D06F1F0016A
:10721000BDF80400FFF7B2FD01900423372206F108
:10722000F001BDF80400FFF717FD01904FF00008D2
:107230000DE0254810F8082006F1F001BDF8040023
:10724000FFF728FD019008F1010000F0FF08B8F1F8
:10725000040FEED32A4606F1F001BDF80400FFF753
:10726000C5FD4323194A294619480097006813F0C1
:1072700063FC814628460BF0D7FB00BF00BF03E04C
:1072800000BF00BF4FF0FF39A079FF2802DAA079D4
:10729000401CA071A0790A2805DAA0794FF47A7110
:1072A00010FB01F001E042F210701FFA80FA0AF2BE
:1072B000F3104FF4FA7190FBF1F0208100BF00BF92
:1072C0004846BDE8FC870000A802002038130208E9
:1072D000AC0200202DE9FC5F8046D8F8244000BFB6
:1072E00000BF0321204600F00DFB01AB0322214625
:1072F0004046FFF77DF90646002E56D075680223FA
:10730000392205F1F001BDF80400FFF7A5FC01905A
:107310004FF4107205F1F001BDF80400FFF72EFDE7
:1073200001900423322205F1F001BDF80400FFF7BB
:1073300093FC0190E06907F04BFD83465A4605F146
:10734000F001BDF80400FFF7D5FC019004233722BB
:1073500005F1F001BDF80400FFF77EFC0190002765
:107360000AE02348C25D05F1F001BDF80400FFF713
:1073700091FC0190781CC7B2042FF2D3324605F17C
:10738000F001BDF80400FFF731FD4323194A3146EF
:107390001948CDF80080006813F0CEFB81463046D6
:1073A0000BF042FB00BF00BF03E000BF00BF4FF087
:1073B000FF39A079FF2802DAA079401CA071A079DA
:1073C0000A2805DAA0794FF47A7110FB01F001E088
:1073D00042F210701FFA80FA0AF2F3104FF4FA71B9
:1073E00090FBF1F0208100BF00BF4846BDE8FC9F44
:1073F000A802002038130208AC0200202DE9F05F3B
:107400001646DDF828B0514847687C6AD6F80490E3
:107410000CB1207900B994E000BF00BF00BF00BFED
:1074200000BF00BF00BF00BF70892C2802DA00BF78
:1074300000BF86E099F80000022802D000BF00BF1C
:107440007FE000250CE007F12A00415D09F11C00F6
:10745000405D814202D000BF00BF72E0681CC5B22F
:1074600097F83000A84201DD062DECD3D9F80400CE
:1074700007F0AEFC2168884202D000BF00BF60E088
:1074800021463046FFF7D0FC10B100BF00BF58E0E6
:1074900000BF00BF2E48407810B900BF00BF50E0C9
:1074A000D6F804A02B4890F80480B8F1050F26D137
:1074B00000BF00BF6079012810D151463846FFF760
:1074C000ABFA97F8310000F0080018B13846FFF722
:1074D0002DF835E03846FEF781FF31E0607903286A
:1074E00005D06079042802D06079052828D151465A
:1074F0003846FFF791FA3846FEF770FF20E0B8F102
:10750000060F11D16079032808D06079012805D0D1
:107510006079042802D06079052805D100BF00BF3A
:107520003846FFF7D1FA0BE0B8F1020F08D16079C5
:10753000062805D100BF00BF51463846FFF7DAFAEA
:1075400000BF30460BF070FABDE8F09F586A00208B
:1075500070590120485901202DE9FE430646746AFE
:1075600000BF00BF0CB9BDE8FE83607900B9FAE73F
:10757000A06902900020A061E06120626062206347
:10758000E062A062A08260822082E081304600F04A
:1075900045FA00283FD00021204600F0B3F901ABA6
:1075A000072221463046FFF723F8054655B36F689A
:1075B0000423362207F1F001BDF80400FFF74CFB6D
:1075C0000190029807F004FC8046424607F1F00162
:1075D000BDF80400FFF78EFB01902A4607F1F00189
:1075E000BDF80400FFF702FC432302AA2946104815
:1075F0000096006813F0A0FA28460BF015FA00BFB9
:1076000000BF01E000BF00BF0A4B1A4611463046DA
:107610000AF0DAFC03E00021204600F073F920793B
:1076200018B1FFF7BBF80020207100BF9BE70000F6
:10763000AC020020341302082DE9FC4707467C6A9F
:1076400000BF00BF0521204600F05CF901AB03221A
:1076500021463846FEF7CCFF0546002D45D06E6822
:107660000223392206F1F001BDF80400FFF7F4FA15
:1076700001903A8D06F1F001BDF80400FFF77EFBA2
:1076800001900423372206F1F001BDF80400FFF752
:10769000E3FA01904FF000080DE0254810F80820AB
:1076A00006F1F001BDF80400FFF7F4FA019008F1CB
:1076B000010000F0FF08B8F1040FEED32A4606F1EE
:1076C000F001BDF80400FFF791FB432304F1180219
:1076D000294618480097006813F02EFA814628467C
:1076E0000BF0A2F900BF00BF03E000BF00BF4FF0E6
:1076F000FF39A079FF2802DAA079401CA071A07997
:107700000A2805DAA0794FF4FA6110FB01F001E0D4
:1077100044F620601FFA80FA0AF2F3104FF4FA716F
:1077200090FBF1F0208100BF00BF4846BDE8FC8718
:10773000A8020020AC0200202DE9FE4F074600BF42
:1077400047B900BF5DA0FDF7ADFB00BF6FF00F00B4
:10775000BDE8FE8F00BF7C6A00BF3CB900BF5EA0E1
:10776000FDF7A0FB00BF6FF00500F1E700BF00BF11
:1077700000BF0121204600F0C5F802AB03222146DC
:107780003846FEF735FF0646002E71D07568022395
:10779000392205F1F001BDF80800FFF75DFA02900B
:1077A0003A8D05F1F001BDF80800FFF7E7FA029005
:1077B0000423322205F1F001BDF80800FFF74CFA6E
:1077C0000290E06907F004FB83465A4605F1F00198
:1077D000BDF80800FFF78EFA02900423362205F167
:1077E000F001BDF80800FFF737FA0290A06907F032
:1077F000EFFA83465A4605F1F001BDF80800FFF79D
:1078000079FA02900423372205F1F001BDF808004F
:10781000FFF722FA02904FF000080DE0354810F80B
:10782000082005F1F001BDF80800FFF733FA0290D7
:1078300008F1010000F0FF08B8F1040FEED3324662
:1078400005F1F001BDF80800FFF7D0FA2A484323FC
:107850002A4A3146CDE900702948006813F0FAF948
:10786000814630460BF0E0F800BF00BF04E0FFE7C0
:1078700000BF00BF4FF0FF39A079FF2802DAA079DE
:10788000401CA071A079062803DAA1790120884064
:1078900000E03C2000EB4001C1EBC0104FF6FF714F
:1078A00001EAC00A0AF2F3104FF4FA7190FBF1F00A
:1078B000208100BF00BF48464AE70000646863704B
:1078C0005F73656C6563743A206E65746966202128
:1078D0003D204E554C4C0000646863705F73656CCE
:1078E0006563743A206468637020213D204E554CD6
:1078F0004C000000A80200203413020838130208CC
:10790000AC02002042798A4203D041710022827188
:107910000281704770B5044600BF3CB900BF2FA07C
:10792000FDF7C0FA00BF6FF00F0070BD00BF00BFD1
:1079300094F8310000F0010038B900BF2BA0FDF72A
:10794000B1FA00BF6FF00F00EFE700BF656A00BF3C
:1079500000BF208DB0F5107F04DA00BF00BF4FF0EC
:10796000FF30E2E775B900BF00BF342008F04AF8E5
:10797000054625B900BF00BF4FF0FF30D5E765626F
:1079800000BF05E000BF00BF287908B1FEF706FF81
:1079900034212846F8F7F3FC00BF00BFFFF7CCF80E
:1079A00010B14FF0FF30C0E70120287194F831008A
:1079B000C0F3800028B902212846FFF7A3FF00206A
:1079C000B3E72046FEF77CFF06462EB12046FFF7C0
:1079D000C3FD4FF0FF30A8E73046A6E76E65746937
:1079E0006620213D204E554C4C0000006E657469A8
:1079F00066206973206E6F742075702C206F6C6424
:107A0000207374796C6520706F72743F0000000001
:107A100010B504462046FFF79FFD10BD014679B121
:107A2000486A68B14A6A50790A2805D05079052811
:107A300002D05079042801D1012070470020FCE7D2
:107A40000020FAE770B505466C6A00BF00BF607998
:107A5000012805D060790A2802D06079052815D15F
:107A600000BF00BF2846FFF7E7FDA189628A881A98
:107A700000EBD0710122B2EB610F07DCA189628AB1
:107A8000881A00EBD071C1F34F01E18170BD70B570
:107A900005466C6A00BF00BF6079012808D0607994
:107AA0000A2805D06079052802D06079042815D10C
:107AB00000BF00BF2846FFF78BFBA18A628A881AA5
:107AC00000EBD0710122B2EB610F07DCA18A628A60
:107AD000881A00EBD071C1F34F01218270BD70B5DF
:107AE00005466C6A00BF00BF60790C2802D060793F
:107AF000062805D100BF00BF2846FEF7E1FE31E0B1
:107B00006079012811D100BF00BFA079052803DCEE
:107B10002846FFF711FE25E000BF00BF2846FFF70B
:107B20001BFD2846FFF7F6FE1CE0607908280CD103
:107B300000BF00BFA079012803DC2846FEF7F6FC51
:107B400010E02846FEF74AFC0CE06079032809D1D2
:107B5000A079022803DA2846FFF7BCFB02E028469A
:107B6000FEF7AEFE70BD000070B50024002504E0F5
:107B7000601CC4B20120FEF7E5FB4FF400510F4832
:107B8000FAF744F908B1642CF2DB642C01DB01251F
:107B900011E0002404E0601CC4B20120FEF7D2FB17
:107BA0004FF400510548FAF731F908B9642CF2DBBB
:107BB000642C00DB0125284670BD0000001802403F
:107BC00000B587B000BF00BF0020019010480068DA
:107BD00040F040000E4908600846006800F0400090
:107BE000019000BF00BF00BF4FF400500290112071
:107BF0000390012004900220059002A90548FAF79D
:107C000003F800F073F8FFF7AFFF07B000BD000006
:107C1000303802400018024010B5002404E0601C17
:107C2000C4B20120FEF78EFB4FF400511048FAF762
:107C3000EDF808B1642CF2DB002404E0601CC4B24F
:107C40000120FEF77FFB4FF400510948FAF7DEF8F8
:107C500008B9642CF2DB2820FEF774FB4FF40051C6
:107C60000348FAF7D3F808B1012010BD0020FCE763
:107C70000018024070B50024002506E06006040EDE
:107C8000FFF7CAFF0443681CC5B2082DF6DB204687
:107C900070BD7CB505460E4600F028F8FFF764FF7E
:107CA000F8B9002405E0FFF7E5FF0DF80400601CBB
:107CB000C4B2052CF7DB9DF800009DF801100844C4
:107CC0009DF8021008449DF8031008449DF8041024
:107CD000884208D19DF8000030709DF8020028709D
:107CE00001E001207CBD0020FCE7000010B500BFD2
:107CF00000224FF400510948FAF79AF800BF142007
:107D0000FEF714FB00BF012251030448FAF790F874
:107D100000BF1E20FEF716FB10BD00000018024039
:107D200070B5002406E0194850F8240000B903E0BB
:107D3000601CC4B2042CF6DB00BF042C0CDA00F08B
:107D400029F8124941F82400084650F8240018B1D7
:107D50000F480470204670BD00240D480078401C78
:107D6000C5B20EE0042D00DB0025084850F82500C0
:107D700018B1074805702846EDE7601CC4B2681CBE
:107D8000C5B2042CEEDB0420E5E70000D865002036
:107D9000EC01002070B52E2012F0D4FD05460DB97F
:107DA000002070BD00BFF8F7B1FA86B2B6F5806F5B
:107DB00006DB32460C49284612F042FB044601E03D
:107DC0006FF0070404F108000028ECD024B1284625
:107DD00012F00AFE0020E4E700220449284612F0CF
:107DE000E5FD2846DDE7000034130208258400087D
:107DF0000146002051B1CA7A521C022A06DACA7A18
:107E0000521C034B53F8222002B10120704700009E
:107E1000F00100202DE9F04105460E46002428E03F
:107E200004EB44003A4951F8200000B304EB44004D
:107E300001EB8000007AA84219D104EB4401344FD1
:107E400007EB81014A6805EB0511324F07EB011181
:107E500001F1100004EB44012D4F57F82130314659
:107E60009847002004EB44013A4642F82100601C88
:107E7000C4B2042CD4DB002421E0AC4200D11CE0CD
:107E800004EB0410234901EB0010807A022813D17F
:107E900004EB041001EB0010C07B05EB05111D4A3B
:107EA00002EB0111C97B884206D1042005EB0511C4
:107EB00002EB0111C87304E000BF601CC4B2042CC3
:107EC000DBDB00BF05EB0510124901EB0010C07BA6
:107ED00004281BDA05EB05110E4A02EB0111C97BE0
:107EE0000D4A52F8210012F07FFD002005EB05112C
:107EF000084A02EB0111C97B074A42F8210004201D
:107F000005EB0511034A02EB0111C873BDE8F081CE
:107F1000286A0020E8650020D865002010B50024FC
:107F200004E0204600F006F8601CC4B2042CF8DB24
:107F300010BD000070B5064606EB0610344901EB93
:107F4000001400BF042E04DB00BF32A0FCF7AAFF20
:107F500000BF00BFA07A00284ED0012804D002281C
:107F600015D0032849D13CE000F0F4F8208102202C
:107F7000A0720020E0720120207300206073304660
:107F800000F05CFB05460DB100BF00BF3DE0207B6B
:107F9000401EC0B2207318BB607B401CC0B260732F
:107FA000042814D12046FFF723FF38B1E07A401CA3
:107FB000E07201202073002060730AE000BF00BF60
:107FC00000213046FFF726FF0020A0721DE0607BF5
:107FD0002073304600F032FB05460DB100BF00BFF4
:107FE00013E0206818B12068401E206018B900BF57
:107FF00000BF0020A07208E007E000BF00BF0CA097
:10800000FCF750FF00BF00BF00BF00BF70BD000005
:10801000E8650020617272617920696E646578207C
:108020006F7574206F6620626F756E647300000058
:10803000756E6B6E6F776E20646E735F7461626CC9
:108040006520656E7472792073746174653A0000FE
:108050002DE9F04706460F469046444600BF2146AC
:1080600038460AF0C3FF0546002D03DB4FF6FF70CC
:10807000844203D14FF6FF70BDE8F087601C84B2E4
:1080800005F0C000C02802D14FF6FF70F4E721E0F0
:10809000214638460AF0AAFF8146B9F1000F02DAFC
:1080A0004FF6FF70E8E73078F8F72AF9824609F0D2
:1080B000FF00F8F725F9824502D04FF6FF70DBE7A5
:1080C0004FF6FF70844200D1D6E7601C84B2761C64
:1080D0006D1E00BF002DDBDC761C214638460AF001
:1080E00085FF0546002D02DA4FF6FF70C4E7002D2C
:1080F000B5D14FF6FF70844200D1BDE7601C80B25D
:10810000BAE7000070B505460E4605EB05100F49AD
:1081100001EB00140320A07200BF00BF00BF00BF2E
:1081200000BF00BF26600A492068884201D908467E
:108130002060211D2846FFF76DFE206820B9A07A37
:10814000032801D10020A07270BD0000E865002066
:10815000803A090070B500BFF8F7D8F885B200245E
:1081600011E004EB04100A4901EB0010807A0228A8
:1081700007D104EB041001EB00100089A84200D1E4
:10818000EAE7601CC4B2042CEBDB284670BD00009B
:10819000E86500202DE9FF4F83B08B4691469A4653
:1081A0000025002438E004EB0410614901EB0010C5
:1081B000807A02282ED104EB04100A4602EB00104C
:1081C00000F110014FF48072039807F08EF908BB9C
:1081D00000261DE006EB4600564951F82000A8B9DC
:1081E00006EB460041F8209006EB460001EB8000CC
:1081F000C0F804A006EB460001EB8000047200BF4B
:1082000000BF6FF0040007B0BDE8F08F701CC6B26D
:10821000042EDFDB601CC4B2042CC4DB00200290FF
:108220004FF00408002417E004EB0410404901EB70
:108230000015A87A00B911E0A87A03280AD1A97B11
:108240003D4A1278511AC8B20299884201DD029063
:10825000A04600BF601CC4B2042CE5DB00BF042CA8
:1082600015D1B8F1040F07DA08EB0810304901EB1B
:108270000010807A032804D000BF00BF4FF0FF3009
:10828000C1E7444604EB0410294901EB001500271F
:1082900000260CE006EB4600264951F8200020B9E4
:1082A00006EB460001EB800703E0701CC6B2042E0B
:1082B000F0DB00BF27B900BF00BF4FF0FF30A2E7DF
:1082C0003C7200BF00BF0120A8721B480078A87351
:1082D000C7F80090C7F804A0BBF1FF0F01D25846C1
:1082E00000E0FF20019005F11000019A0399F8F7D2
:1082F0001FF8002205F1100101980A54FFF710FD44
:10830000E873E87B042806DB00BF00BF0020A872EA
:108310003860401E77E700BF00BF07480078401C68
:10832000054908702046FFF705FE6FF004006AE774
:10833000E8650020286A0020ED0100202DE9F047C3
:1083400005460E4617469846DDF8209016B10DB149
:10835000287818B96FF00F00BDE8F0872846F8F7C5
:1083600037F80446FF2C04D900BF00BF6FF00F00A0
:10837000F2E73146284602F00FFA08B10020EBE799
:108380003146284600F01AF808B90020E4E706480C
:10839000006810B96FF00500DEE743463A46214613
:1083A0002846FFF7F7FED7E7F001002000BF00BF27
:1083B00000BF00BF00BF00BF7047000070B5064699
:1083C0000D46002427E004EB0410154901EB0010D2
:1083D000807A03281DD104EB04100A4602EB00103A
:1083E00000F110014FF48072304607F07EF880B93A
:1083F00000BF00BF00BF00BF00BF00BF00BF35B15E
:1084000004EB0410064901EB0010406828600020CE
:1084100070BD601CC4B2042CD5DB6FF00F00F7E711
:10842000E86500202DE9F04F89B017469A46388953
:10843000102802DA00BF00BFF7E000230C2206A9D3
:1084400038460AF061F90C2872D1BDF8180006F020
:10845000CCFC81460025E4E005EB0510754901EBF5
:108460000016B07A02286FD130894845FBD1BDF89B
:108470001C0006F0BAFC8346BDF81E0006F0B5FCF1
:1084800080469DF81A0000F0800010B900BF00BFC0
:10849000CBE0BBF1010F02D000BF00BFC5E0F17A15
:1084A000654A52F82110DAF80000884200D0BCE09A
:1084B0000C22394606F11000FFF7CAFD04464FF6BC
:1084C000FF718C4202D100BF00BFAEE02346042200
:1084D00002A938460AF018F9042800D0A5E0BDF832
:1084E0000A00B0F5807F05D100BFBDF80800B0F5E7
:1084F000807F02D000BF00BF97E0201DB0F5803F15
:1085000000DB92E0201D84B29DF81B0000F00F00FC
:1085100078B100BF00BF3046FFF76AFC00286FD07B
:1085200003207073012030732846FFF703FD7CE0C1
:108530007AE05DE02146384600F056F904464FF6F1
:10854000FF70844201D170E069E023460A2203A94A
:1085500038460AF0D9F80A2800D066E004F10A008B
:10856000B0F5803F00DB60E004F10A0084B2BDF8A2
:108570000E00B0F5807F28D1BDF80C00B0F5807FEB
:1085800022D1BDF81400B0F5806F1DD1234604221E
:1085900001A938460AF0B8F8042800D045E005EBF8
:1085A0000511244A02EB01110198486038460AF08F
:1085B0003BFA049806F00CFC014600902846FFF7B1
:1085C000A1FD09B0BDE8F08F00BFBDF8140006F0B2
:1085D0000CFC2044B0F5803F00DB26E0BDF8140021
:1085E00006F003FC204484B2A8F101001FFA80F8D1
:1085F000B8F1000F02DD3889A0429BDC00BF00BF4C
:1086000038460AF011FA00212846FFF703FC002043
:1086100005EB0511074A02EB01118872D1E7681CCE
:10862000C5B2042DFFF618AF00BF38460AF0FCF9BA
:1086300000BFC6E7E8650020F00100202DE9F04FFB
:1086400089B083460BEB0B10554901EB001500BFB9
:1086500000BF00BFE87A022804DB00BF51A0FCF78E
:1086600021FC00BF00BFE87A544951F8200040B90E
:1086700000215846FFF7CEFB0020A87209B0BDE8E4
:10868000F08F05F11000F7F7A3FE123080B24FF41F
:10869000207201460290362009F0F0FD0746002FB7
:1086A00073D00020069007900890288906F09DFB63
:1086B000ADF8180001208DF81A000002ADF81C007A
:1086C0000C2206A938460AF09BFB05F11004641E33
:1086D0000C2600BF641CA0464FF0000904E009F11D
:1086E000010000F0FF09641C20782E2802D02078B9
:1086F0000028F4D1A4EB080080B2049006EB090036
:10870000401CB0F5803F00DB43E04A463146384626
:108710000AF05DFA701C83B241463846049A0AF0AA
:1087200011FC06EB0900401C86B220780028D1D14C
:108730000022314638460AF04AFA701C86B24FF4DD
:108740008070ADF81400ADF816003346042205A978
:1087500038460AF0F7FBE87B039000BF00BF3520E6
:108760000190E97A154800EB81000290144A0399C0
:1087700052F821003946DDE9013212F06DF98246E6
:1087800038460AF051F902E0FFE74FF0FF3A504651
:1087900074E738460AF048F96FF005006EE700000C
:1087A000E8650020646E7320736572766572206FD1
:1087B0007574206F6620617272617900F00100208B
:1087C000D865002002280ADA21B1054A0B6842F870
:1087D000203004E0024A034B1B6842F82030704707
:1087E000F0010020341302082DE9F04106460F463F
:1087F0003C4600BF2146621C94B230460AF0F6FBAC
:108800000546002D00DB1CB94FF6FF70BDE8F08176
:1088100005F0C000C02800D114E0601931898842F9
:1088200002DB4FF6FF70F1E7601984B22146304653
:108830000AF0DCFB0546002D02DA4FF6FF70E5E793
:10884000002DD7D100BF4FF6FF70844200D1DDE785
:10885000601C80B2DAE710B500BF00BFFFF75EFB17
:1088600010BD00002DE9F04104460D4600BF05F0A3
:10887000030020B100BF09A0FCF714FB00BF00BF3C
:108880002E460BF029FE0746E06800683060E0687D
:10889000066038460BF07EFEBDE8F0816D656D70B8
:1088A0005F667265653A206D656D2070726F7065E8
:1088B000726C7920616C69676E65640070B50546FD
:1088C0000BF00AFE0646E86804688CB12068E96887
:1088D000086000BF04F0030020B100BF08A0FCF74F
:1088E000E1FA00BF00BF30460BF054FE204670BDD9
:1088F00030460BF04FFE00BF00BF0020F7E700003E
:108900006D656D705F6D616C6C6F633A206D656D48
:10891000702070726F7065726C7920616C69676E1F
:108920006564000070B50546002411E004EB4400C6
:10893000094901EBC000067D4EB104EB440001EB98
:10894000C0008068A84202D1204600F04FF9641CA4
:108950000A2CEBDB70BD00007C5901202DE9FF5F84
:108960000646894617464FF00A0AD346D0460024E9
:108970000A200390002002900190009000BF73E055
:1089800004EB4400724901EBC000057DB8F10A0F09
:1089900004D11DB900BF00BFA04663E0002D61D027
:1089A00000BF012D06D0022D04DA00BF69A0FCF73C
:1089B00079FA00BF00BFBEB104EB4401644A02EB88
:1089C000C1013068496888420ED13FB104EB4400D0
:1089D000114601EBC0008068B84205D100BF00BF5E
:1089E000204604B0BDE8F09F012D28D104EB4400DF
:1089F000574951F8300080B104EB440001EBC0004E
:108A0000418A029881422DDB039404EB44005049D3
:108A100001EBC000408A029024E004EB44004C4982
:108A200001EBC000418A019881421BDBA24604EBA6
:108A30004400474901EBC000408A019012E0022D3A
:108A400010DB04EB4400424901EBC000418A00986E
:108A5000814207DBA34604EB44003D4901EBC00023
:108A6000408A0090601C04B20A2C89DB09F00200E5
:108A700028B9B8F10A0F07D109F0010020B900BFE9
:108A800000BF4FF0FF30ACE7B8F10A0F02DA4446FE
:108A900000BF2FE0BBF10A0F0FDA5C4600BF00BF3A
:108AA00000BF04EB44002A4951F8300020B100BF58
:108AB00038A0FCF7F7F900BF10E0BAF10A0F02DAAC
:108AC000544600BF0AE003980A2802DA039C00BF5C
:108AD00004E000BF00BF4FF0FF3082E700BF0A2C68
:108AE00004DB00BF31A0FCF7DDF900BF00BF20466A
:108AF00000F07CF800BF0A2C04DB00BF2BA0FCF7C1
:108B0000D1F900BF00BF00BF04EB4400104901EBE6
:108B1000C000007D20B100BF29A0FCF7C3F900BF51
:108B200000BF36B104EB4401094A02EBC1013068D1
:108B30004860002004EB4401054A02EBC101488271
:108B400004EB4400114601EBC0008760204648E773
:108B50007C5901207374617465203D3D2045544863
:108B60004152505F53544154455F50454E44494E25
:108B700047207C7C207374617465203E3D20455401
:108B8000484152505F53544154455F535441424C05
:108B9000450000006172705F7461626C655B695DC5
:108BA0002E71203D3D204E554C4C000069203C204C
:108BB0004152505F5441424C455F53495A45000071
:108BC0006172705F7461626C655B695D2E73746164
:108BD0007465203D3D204554484152505F535441F7
:108BE00054455F454D5054590000000010B50446EF
:108BF00004EB4400194951F8300070B100BF00BFC8
:108C000004EB4401154A52F8310009F00DFF002031
:108C100004EB4401114A42F83100002004EB440106
:108C20000E4A02EBC101087504EB440102EBC101DD
:108C3000488204EB440102EBC101886004EB44016B
:108C400002EBC101486004EB4400114601EBC00097
:108C500003490A68C2608988018210BD7C590120DD
:108C600042130208F0B587B007460D4600BF35B97C
:108C700000BF35A0FCF716F900BF07B0F0BD00BF7C
:108C80007C682088B0F5807F08D12079062805D13E
:108C90006079042802D16088082805D000BF00BF91
:108CA000384609F0C1FEE8E7D4F80E000690A06946
:108CB0000590686808B9002607E005986968884249
:108CC00001D1012000E0002006460EB1012000E0A5
:108CD0000220034604F1080206A9284600F0E6FB3C
:108CE000E088B0F5807F03D0B0F5007F22D11AE094
:108CF00000BF00BF86B1022206AB04F10800291DA7
:108D0000CDE90232CDE9001005F12A0302462631F1
:108D1000284600F0A9FA05E0686808B900BF01E03C
:108D200000BF00BF09E000BF00BF06A92846FDF74D
:108D30002DFB02E000BF00BF00BF00BF384609F0B6
:108D400073FE00BF99E700006E6574696620213DDF
:108D5000204E554C4C0000002DE9FE4304460F46C2
:108D60001546A94600BF24B900BF57A0FCF79AF8E2
:108D700000BF00BF00BF27B900BF57A0FCF792F8A3
:108D800000BF00BF00BF25B900BF56A0FCF78AF89E
:108D900000BF00BF2146286801F038F810B1DFF8A5
:108DA000548186E0287800F0F000E02816D10120F8
:108DB0008DF8040000208DF805005E208DF8060077
:108DC000687800F07F008DF80700A8788DF808001B
:108DD000E8788DF809000DF1040869E02868A168B9
:108DE0000840D4E90112114088420ED0288880B290
:108DF0004FF6A961884208D0E06810B104F10C096F
:108E000003E06FF00300BDE8FE833B48007800EB11
:108E100040003A4901EBC000007D02281BDB3648C8
:108E2000007800EB400001EBC0008068A04212D146
:108E30003149097801EB4101304A02EBC101D9F80F
:108E400000004968884206D12B48027839462046FE
:108E500000F056F8D7E7002622E006EB4600274947
:108E600001EBC000007D022818DB06EB460001EB99
:108E7000C0008068A04211D106EB46011F4A02EBF8
:108E8000C101D9F800004968884207D11A48067024
:108E900032463946204600F033F8B4E7701CC6B2BB
:108EA0000A2EDADB3A464946204600F0A9F8AAE73E
:108EB00000BF4FF40060434604F12A023946009097
:108EC000204600F06FFC9EE76E6574696620213DC8
:108ED000204E554C4C0000007120213D204E554C39
:108EE0004C00000069706164647220213D204E5581
:108EF0004C4C00003C130208B80200207C590120B1
:108F0000F8B505460E46144600BF04EB44002F4951
:108F100001EBC000007D022804DA00BF2CA0FBF7A3
:108F2000C1FF00BF00BF04EB4400284901EBC000B3
:108F3000007D022839D104EB440001EBC000408AD7
:108F4000B0F58E7F11DD04EB44000A4602EBC00051
:108F5000011D284600F014FA38BB032004EB44013D
:108F60001A4A02EBC10108751FE004EB44001749DF
:108F700001EBC000408AB0F5877F16DB04EB4400AC
:108F80000B4603EBC00000F10C0204EB440003EBC2
:108F9000C000011D284600F001FA30B9032004EB9F
:108FA00044010A4A02EBC10108754FF400600090C9
:108FB00004EB4400054901EBC00000F10C0305F18E
:108FC0002A023146284600F0EDFBF8BD7C5901200D
:108FD0006172705F7461626C655B6172705F69641D
:108FE000785D2E7374617465203E3D204554484180
:108FF00052505F53544154455F535441424C4500D5
:109000002DE9FC5F81460F46164609F12A000190C2
:109010004FF0FF3A4FF0000B4946386800F0F6FE7B
:1090200038B9387800F0F000E02802D00FB1386885
:1090300028B900BF00BF6FF00F00BDE8FC9F4A4693
:1090400001213846FFF78AFC8046B8F1000F07DAA5
:1090500000BF00BF0EB100BF00BF4FFA88F0ECE7C1
:1090600000BFB8F17F0F04D300BF65A0FBF71AFF64
:1090700000BF00BF08F0FF0404EB4400644901EBAB
:10908000C000007D78B94FF0010B012004EB4401D2
:109090005F4A02EBC101087504EB4400114601EB85
:1090A000C000C0F8089000BF04EB4400584901EB31
:1090B000C000007D01280BD004EB440001EBC00090
:1090C000007D022804DA00BF52A0FBF7EBFE00BFD0
:1090D00000BFBBF1000F00D1F6B93946484600F099
:1090E0004FF98246BAF1000F13D104EB440048490E
:1090F00001EBC000007D01280BD1BBF1000F08D1AE
:1091000000BF00BF002004EB4401414A02EBC10153
:1091100048820EB9504690E700BF26B900BF47A06D
:10912000FBF7C0FE00BF00BF04EB4400384901EB71
:10913000C000007D022811DB434804704FF400603A
:10914000009004EB440001EBC00000F10C03314639
:109150004846019A00F026FB82464FE004EB4400AB
:109160002B4901EBC000007D012847D10020009071
:10917000354614E000BF68892989884206D12868ED
:1091800020B100BF31A0FBF78DFE00BF00BF287BE0
:1091900000F0400010B10120009002E02D68002D89
:1091A000E8D100BF009838B132464FF420710E204C
:1091B00009F05CFA054603E03546284609F094FDBF
:1091C000BDB104EB4400124951F8300040B100BF7A
:1091D00000BF04EB44010E4A52F8310009F024FCB0
:1091E00004EB44000A4941F830504FF0000A00BF38
:1091F00003E000BF00BF4FF0FF3A00BF50461CE73E
:1092000074797065206F766572666C6F7700000008
:109210007C5901206172705F7461626C655B695D8D
:109220002E7374617465203D3D2050454E44494E77
:1092300047206F7220535441424C45007120213D1C
:10924000204E554C4C000000B80200206E6F20707C
:1092500061636B65742071756575657320616C6CF5
:109260006F776564210000002DE9FC5F06460F461C
:1092700090469946DDE90CAB0020019000BF26B96D
:1092800000BF2DA0FBF70EFE00BF00BF4FF4207201
:109290001C210E2008F0F2FF05462DB900BF00BFCB
:1092A0004FF0FF30BDE8FC9F00BF68891C2804DA3E
:1092B00000BF25A0FBF7F6FD00BF00BF6C6800BF34
:1092C00000BF0F9805F091FDE08000BF96F83000D8
:1092D000062804D000BF2948FBF7E4FD00BF00BF0B
:1092E000D9F80000A060B9F80400A081DBF8000004
:1092F000C4F81200BBF80400E082DAF80000C4F8F9
:109300000E000E980068A0614FF480702080082045
:109310006080062020710420607140F606004346FC
:109320003A4629460090304600F03CFA284609F0BB
:109330007BFB00250198B5E76E6574696620213DC9
:10934000204E554C4C000000636865636B207468C8
:10935000617420666972737420706275662063613F
:109360006E20686F6C64207374727563742065740A
:10937000686172705F68647200000000C4160208C1
:1093800070B504460D4600BF00BF034A294620467B
:1093900000F004F870BD00003C1302087FB50446DD
:1093A0000D4616460121074A201D04F12A038DE8C7
:1093B00025000391324619462046FFF755FF04B0B9
:1093C00070BD00004213020870B500BF00BF00244A
:1093D00066E004EB4400344901EBC000057D002D3C
:1093E0005DD004EB440001EBC000408A401C04EB5C
:1093F00044012D4A02EBC101488204EB44001146AE
:1094000001EBC000408AB0F5967F0DDA04EB440012
:1094100001EBC000007D01280CD104EB440001EBFE
:10942000C000408A052805DB00BF00BF2046FFF7CB
:10943000DDFB34E004EB44001B4901EBC000007D80
:10944000032807D1042004EB4401174A02EBC101B1
:10945000087524E004EB4400134901EBC000007DD3
:10946000042807D1022004EB44010F4A02EBC1019A
:10947000087514E004EB44000B4901EBC000007DCB
:1094800001280CD104EB44020B4603EBC202111D70
:1094900004EB440203EBC2029068FFF771FF641C07
:1094A0000A2C96DB70BD00007C5901202DE9F843A1
:1094B00005460E461746984600BF95F83000062828
:1094C00004D000BF2FA0FBF7EDFC00BF00BF00BF22
:1094D00000BF5EB1306848B12946306800F096FCA4
:1094E00020B9307800F0F000E02805D100BF00BFBF
:1094F0006FF00F00BDE8F8832A4641463046FFF77B
:109500002DFA0446002C01DA60B2F3E7022004EBE6
:109510004401254A02EBC101087504EB44001146E1
:1095200001EBC000856000BF00BF04EB440001EB0D
:10953000C0003968C160B9880182002004EB440191
:1095400002EBC101488204EB4400114651F830009F
:10955000B0B104EB440051F83090002004EB44011A
:1095600042F831004FF400603B4605F12A024946BB
:109570000090284600F016F9484609F055FA00BF59
:109580000020B7E76E657469662D3E687761646494
:10959000725F6C656E203D3D204554485F485741E1
:1095A0004444525F4C454E007C59012010B51120B7
:1095B00000F04AF9C0F38034204610BD0146002077
:1095C0000A6802F0004252B90A6802F4004232B955
:1095D0000A6802F4807212B10A68C2F30D40704743
:1095E0001CB51A4800788DF80000184840788DF8AE
:1095F0000100164880788DF802001448C0788DF874
:109600000300124800798DF80400104840798DF865
:1096100005000F480F4908600120486081030D488C
:109620008160C910C16000210182C0F814D00121FD
:1096300081610021C1614FF400010162F7F7C4FEAE
:1096400008B900201CBD0120FCE700007C5A012065
:1096500000800240240500202DE9F04104460E461A
:109660004FF00E0860890E2800DC59E0E07B18B945
:1096700096F83400401CE073656800BF00BFAF89F6
:10968000287800F00100B0B12878012809D1687865
:1096900088B9A8785E280ED1607B40F01000607316
:1096A00009E0062221492846F6F799FE18B9607BA1
:1096B00040F008006073082F03D0B7F5C16F2AD1BE
:1096C00014E096F8310000F0080000B928E04146A7
:1096D000204609F02DFB20B100BF00BF00BF00BF36
:1096E0001EE03146204600F0E1FC15E096F831001E
:1096F00000F0080000B913E04146204609F018FBCD
:1097000020B100BF00BF00BF00BF09E031462046C6
:10971000FFF7A8FA00E003E000BF0020BDE8F081F9
:10972000204609F081F90020F8E700003C13020808
:1097300010B51848006840B91748006828B917489C
:10974000006810B91648006808B1012000E0002048
:10975000E8B98021002008F011FA0E490860802144
:10976000002008F00BFA0C49086041F2D07100208B
:1097700008F004FA0949086041F2D071002008F0AD
:10978000FDF90749086000BF00BF00BF00BF00200F
:1097900010BD0000500000205400002058000020A0
:1097A0005C0000202DE9F04705460E461746984616
:1097B000DDF82090484605F018FB82460E21304621
:1097C00008F00AFD00B120E07468A4F80CA0D8F8F5
:1097D00000002060B8F80400A0803868C4F80600D3
:1097E000B888608100BF95F83000062804D000BF1B
:1097F00008A0FBF757FB00BF00BF00BF00BF31460A
:109800002846AA699047BDE8F08700BF00BF6FF007
:109810000100F8E76E657469662D3E6877616464DF
:10982000725F6C656E206D757374206265203620E2
:10983000666F722065746865726E65745F6F7574AB
:10984000707574210000000038B504466A46214650
:109850000248F8F757F8009838BD000024050020AA
:1098600070B5044600BF24B900BF11A0FBF71AFB76
:1098700000BF00BF042006F0C5F8054625B900BFAB
:1098800000BF4FF0FF3070BD2562652084F83200C4
:109890006E21332001550A4860610A48A06104F135
:1098A0002A002860204604F011FF0020EBE70000AA
:1098B0006E6574696620213D204E554C4C000000B9
:1098C000598D000885E80008054600262C4600BF93
:1098D00000BF27E04FF0FF311348006813F092FEFD
:1098E00001281FD112F0AEFC00BF204604F04CFF4F
:1098F000064612F0F3FCAEB112F0A4FC214630464D
:109900002269904730B100BF00BF304609F08CF8A3
:10991000002605E000210448006813F073FEE4E728
:1099200012F0DCFCD6E70000C402002000BF054AAC
:10993000126802F04002002AF9D0C2B2014B5A600C
:1099400070470000001001401CB5064805210023A7
:109950008022CDE9001004A1064813F0D7FF13F0D0
:10996000A1F81CBD0400002073746172745F7461FF
:10997000736B0000CD4101082DE9F047E4B00646C5
:109980000D4690469946DDF8B0A16D9F402D0ED949
:109990006846F9F7B7FB2A4631466846FAF7B6FE3D
:1099A000694627A8F9F756FB27AE142500BF4DA836
:1099B000F9F7A8FB002405E0305D80F0360017A918
:1099C0000855641CAC42F7D32C4603E0362017A997
:1099D0000855641C402CF9D3402217A94DA8FAF76A
:1099E00095FE4A4641464DA8FAF790FE4DA931A88A
:1099F000F9F730FB36A8F9F785FB002405E0305D68
:109A000080F05C0017A90855641CAC42F7D32C46C3
:109A100003E05C2017A90855641C402CF9D34022B0
:109A200017A936A8FAF772FE142231A936A8FAF758
:109A30006DFE36A92CA8F9F70DFB3868142801D95A
:109A4000142000E0386838602CA950463A68F6F7D0
:109A50006FFC64B0BDE8F08770B505460C46224641
:109A60000321284600F02EF970BD00002DE9F04FCB
:109A700085B004468A46774880680390039800784A
:109A80000007860E142E02DA00BF00BFD9E06089FD
:109A9000042802D200BF00BFD3E060680578606888
:109AA0004078049015B1082D72D100E0C4E0DFF8D1
:109AB000A49109F114096748007D00F0F000E02846
:109AC00002D100BF00BFC0E0624A1168506900F0D7
:109AD0009DF910B100BF00BFB7E000BF00BF2089F3
:109AE000082802D200BF00BFABE0204600F063F9B7
:109AF00038B100BF00BF204608F096FF05B0BDE8B2
:109B0000F08F06F10E01204608F066FB002845D0D4
:109B1000208930441FFA80FB2089584502DD00BFB0
:109B200000BF92E04FF4207259460E2008F0A6FBC9
:109B3000074617B900BF00BF87E0798906F1080022
:109B4000814205D200BF00BF384608F06DFF7CE0BF
:109B5000324678680399F6F7EBFB3146384609F050
:109B6000E7F850B100BF00BF3BA0FBF79BF900BF77
:109B700000BF384608F058FF67E02146384608F035
:109B80009DFD30B100BF00BF384608F04DFF5CE0DE
:109B90003EE0204608F048FF3C460DE006F10E018D
:109BA000204609F0C5F838B100BF00BF38A0FBF768
:109BB00079F900BF00BF48E0D4F804803146204660
:109BC00008F00AFB08B100BF21E06768D9F800007F
:109BD000F860204800693861002088F80000A8F883
:109BE0000200FF2038720020788101200021FF232D
:109BF0000A46CDE9010A00914946204600F078FB6B
:109C00008346BBF1000F01D000BF00BF00BF13E0CF
:109C1000032D0ED00B2D0CD00C2D0AD0042D08D006
:109C2000052D06D00D2D04D00E2D02D0112D00D003
:109C300000BF00BF00BF00BF00BF204608F0F4FE19
:109C40005CE7204608F0F0FE58E7204608F0ECFEFE
:109C500000BF53E7586A002069636D705F696E70DA
:109C600075743A206D6F76696E6720722D3E706153
:109C7000796C6F616420746F2069636D7020686512
:109C800061646572206661696C65640A00000000A9
:109C900069636D705F696E7075743A207265737474
:109CA0006F72696E67206F726967696E616C207090
:109CB0002D3E7061796C6F6164206661696C6564CA
:109CC0000A0000002DE9FF5F0646894692464FF0E4
:109CD0001C083089404501DAB6F8088008F1080010
:109CE00081B24FF42072222008F0C8FA04461CB951
:109CF00000BF00BFBDE8FF9F00BF618908F10800F9
:109D0000814204D200BF1CA0FBF7CCF800BF00BF0B
:109D1000D6F804B000BF00BF00BF00BF00BF00BF47
:109D200000BF00BF00BF00BF656885F8009085F8E0
:109D300001A00020A880E8807168626802F1080034
:109D40004246F6F7F5FADBF80C00039003A800F0A2
:109D5000D7FC07465FB10020688001200021FF2367
:109D600003AACDE901070091204600F0C1FA204680
:109D700008F05AFE00BFBDE7636865636B20746836
:109D80006174206669727374207062756620636105
:109D90006E20686F6C642069636D70206D657373ED
:109DA0006167650070B505460C4622460B212846C2
:109DB000FFF788FF70BDF0B5064600270024354642
:109DC00019E06989686805F061FB0444A0B200EB02
:109DD0001444688900EBD0714910A0EB410149B1EE
:109DE0000FB9012000E000200746E0B2C4F30721CC
:109DF00041EA00242D68002DE3D127B1E0B2C4F37D
:109E0000072141EA0024E04380B2F0BD18B50246C4
:109E10000092D04300B10AB9012018BD91F8310079
:109E200000F0020008B90020F7E74868904201D12D
:109E30000020F2E700988B681840D1E901342340F4
:109E4000984208D1886822EA00008C68E34398426F
:109E500001D10120E1E70020DFE700002DE9F74F05
:109E60008CB004460F464FF00008398DA1F1140064
:109E7000C11700EB5171C1F3CF0A1420059060683F
:109E80000990DDF8249099F8000000F00F001421EB
:109E9000B1EB800F04D06FF005000FB0BDE8F08F7C
:109EA00000BF6089142807DA00BF6CA0FAF7FAFF38
:109EB00000BF6FF00500F0E700BFB9F8060004F03E
:109EC00094FF04900498C0F30C000790049800F4E9
:109ED00000500390208914381FFA80FBB5E04FF63C
:109EE000FF7000EACA00584501DD584603E04FF60E
:109EF000FF7000EACA0008904FF4207214210E206F
:109F000008F0BCF9054605B9A5E000BF688914282A
:109F100004DA00BF58A0FAF7C5FF00BF00BF142243
:109F200068680999F6F704FAD5F8049008980A9039
:109F300050E061890598081A80B2029000BF6189DB
:109F40000598814204DA00BF53A0FAF7ABFF00BFC7
:109F500000BF02990A98884201DA0A9800E0029844
:109F60008046B8F1000F03D100200590246831E04D
:109F700000F04AFD06461EB9284608F055FD6AE085
:109F8000616805980844334641224146CDE90008FE
:109F9000002008F0B9FA0B900B9830B9304600F069
:109FA00039FD284608F040FD55E0204608F09CFEAB
:109FB00074613D48306128460B9908F0D3FA0A983D
:109FC000A0EB080080B20A900A9810B1002005901A
:109FD000246800BF0A980028ABD10598404480B29D
:109FE0000590388D1438584501DB012000E0002031
:109FF00006900798C0F30C000490069808B10398E7
:10A0000018B1049840F400500490049804F0EDFE58
:10A01000A9F806000899143188B204F0E6FEA9F800
:10A0200002000020A9F80A007B69294638460E9AEA
:10A030009847284608F0F8FC0898ABEB00001FFA98
:10A0400080FB0798504480B20790BBF1000F7FF46B
:10A0500046AF002021E74FF0FF301EE76970345F04
:10A060006672616728293A207062756620746F6F86
:10A070002073686F7274000074686973206E656580
:10A0800064732061207062756620696E206F6E6552
:10A090002070696563652100702D3E6C656E203E01
:10A0A0003D20706F6666000081AF00082DE9F04723
:10A0B00006460F464FF0010A756828780421B1EB77
:10A0C000201F07D000BF00BF304608F0ADFC0020C5
:10A0D000BDE8F087287800074FEA9068688804F0A8
:10A0E00084FE81463189494503DD4946304608F002
:10A0F00083FD7089404505DB3089484502DBB8F1B6
:10A10000140F13DAB8F1140F01DA00BF00BF708921
:10A11000404501DA00BF00BF3089484501DA00BF81
:10A1200000BF304608F080FC0020D1E728695F4975
:10A130004861E86808610846007D00F0F000E0280A
:10A140000AD197F8310000F0010018B1786808B121
:10A150003C461CE000241AE0384600F0ABF808B199
:10A160003C4614E000245148007D7F280FD0504821
:10A17000046809E0BC4200D105E0204600F09AF8EE
:10A1800000B103E000BF2468002CF3D100BF84B904
:10A19000687A11280DD105EB080000BF00BF418887
:10A1A000B1F5884F04D100BF00BF3C464FF0000A14
:10A1B00000BFBAF1000F15D03C48006990B13B498F
:10A1C00008693946FFF722FE28B93848007C00F0BC
:10A1D000F000E02806D100BF00BF304608F024FCA4
:10A1E000002075E734B900BF00BF304608F01CFC02
:10A1F00000206DE7E8884FF63F71084048B100BF86
:10A2000000BF304600F030F906460EB900205FE787
:10A21000756800BF00BF00BF00BF244804604760EE
:10A22000856028780007800E2049888141463046A5
:10A2300008F07EFD687A01280DD0062806D0112886
:10A240000ED13946304610F0E5F924E03946304663
:10A250000BF032FD1FE039463046FFF707FC1AE0ED
:10A26000124948692146FFF7D1FD70B90F48007DBA
:10A2700000F0F000E02808D00FFA88F1304608F02E
:10A280007DFC02213046FFF7E7FB00BF00BF3046F0
:10A2900008F0CAFB00BF00BF002004490860486006
:10A2A000886088810861486100BF11E7586A002012
:10A2B0004002002010B5044600BF00BF94F83100F2
:10A2C00000F0010080B1606870B1084840696168C1
:10A2D000884205D0054948692146FFF797FD18B126
:10A2E00000BF00BF012010BD0020FCE7586A00201D
:10A2F0002DE9FE4F07460C4615469846DDE90C9AB7
:10A300000E9EA34625B10CB1206808B906F1040BD6
:10A3100043462A4659463846CDE9009A029600F04F
:10A3200003F8BDE8FE8F00002DE9F84F05460F4603
:10A3300090469A46DDF828B00C9E00BFA87B012805
:10A3400004D000BF37A0FAF7ADFD00BF00BFB8F1E1
:10A35000000F44D04FF014091421284607F03CFFA9
:10A3600028B100BF00BF6FF00100BDE8F88F6C6836
:10A3700000BF6889142804D200BF2DA0FAF792FD0F
:10A3800000BF00BF84F808A00B986072D8F80000E6
:10A39000206148464FEAE97109EB9171C1F38701E9
:10A3A00041F04001217084F801B0288904F01DFDBE
:10A3B00060800020E0802A48008804F016FDA0801C
:10A3C00027480088401C264908801FB92548006896
:10A3D000E06001E03868E060002060810BE068899F
:10A3E000142804DA00BF00BF6FF00100BDE76C68FD
:10A3F00020690090E84600BF00BF308D48B1288931
:10A40000318D884205DD424631462846FFF726FD5C
:10A41000ABE700BF00BF4246294630467369984704
:10A42000A3E70000702D3E726566203D3D2031009F
:10A43000636865636B207468617420666972737405
:10A4400020706275662063616E20686F6C64207393
:10A4500074727563742069705F6864720000000034
:10A46000BA020020341302082DE9F14F84B0049899
:10A470004568287800F00F001421B1EB800F02D05E
:10A4800000BF00BF0DE1E88804F0AFFCC0F30C0092
:10A490004FF6FF7101EAC00A688804F0A6FC07467F
:10A4A00028780007810E02910299B94200DDF8E098
:10A4B0000298381A87B2049808F0CFF806467C480C
:10A4C000018888190A280CDD3146284600F0F6FC80
:10A4D00020B17748008830440A2802DD00BF00BF61
:10A4E000DFE07448046813E06069E968884209D1D4
:10A4F000A0692969884205D1A089A988884201D12B
:10A50000012000E0002010B100BF00BF02E024687D
:10A51000002CE9D100BF34B93146284600F0F4FBE5
:10A52000044694B9BDE0E88804F05FFCC0F30C0079
:10A5300058B9E08904F059FCC0F30C0028B114228A
:10A54000294604F10800F5F7F3FEE888012121EA25
:10A5500050100190019850B10AEB070188B25045A4
:10A5600003DB4FF6EB71884200DD80E000BF204640
:10A57000019A049900F064FA83460BF1010000B9D6
:10A5800075E04B480088304449490880019850B133
:10A590000AEB070188B2A083A17F41F00101A177F6
:10A5A00000BF00BF00BFBBF1010F5CD1A08B143016
:10A5B00080B2009060684068D0F80090606845689C
:10A5C000142204F108012846F5F7B2FE009804F0C1
:10A5D0000CFC68800020E8806881606804900DE0D1
:10A5E000D9F8040003901421484608F0A1FB49461D
:10A5F000049807F0B7FF0398D0F80090B9F1000F66
:10A60000EED12C480068844202D14FF000080EE0E1
:10A610002848D0F8008006E0D8F80000A04200D119
:10A6200004E0D8F80080B8F1000FF5D100BF414632
:10A63000204600F03FFB049808F00FF8064600BFE4
:10A640001B480088B04204DA00BF1BA0FAF72AFCBE
:10A6500000BF00BF16480088801B15490880049879
:10A6600005B0BDE8F08F00BF00BF0020F8E700BFD5
:10A6700024B900BF17A0FAF715FC00BF00BF60683F
:10A6800070B900BF0B480068844204D000BF14A01A
:10A69000FAF708FC00BF00BF0021204600F00AFBCB
:10A6A00000BF00BF00BF049808F0BEF90020D7E744
:10A6B000C0020020BC02002069705F726561737384
:10A6C0005F70627566636F756E74203E3D20636CCB
:10A6D000656E000069707220213D204E554C4C0083
:10A6E0006E6F74206669727374616C74686F7567DD
:10A6F00068206A75737420656E7175657565640090
:10A7000010B502462248016821E091F8310000F0BE
:10A710000100D8B191F83100C0F38000B0B14868B1
:10A72000A0B110688B681840D1E9013423409842E9
:10A7300001D1084610BD91F8310000F0020028B99F
:10A740001068CB68984201D10846F3E709680029F0
:10A75000DBD110480068A0B10E48006890F83100C5
:10A7600000F0010068B10B48006890F83100C0F3B8
:10A77000800030B107480068406810B110787F2829
:10A7800003D100BF00BF0020D4E702480068D1E732
:10A7900040020020440200202DE9FF47064688467B
:10A7A0006F46347800BFF5F7A7FD0068005D2028EC
:10A7B00003D0002004B0BDE8F08700254FF00A095F
:10A7C000302C0ED1701C06460478782C01D0582C01
:10A7D00005D14FF01009701C0646047801E04FF0D7
:10A7E000080900BFF5F788FD0068005D20280FD13B
:10A7F000B9F1080F04D1A4F13000082800D328E0F3
:10A80000A4F1300005FB0905701C06460478E9E751
:10A81000B9F1100F1CD1F5F76FFD006810F804A016
:10A820008AEA8A0000F0800090B1F5F765FD0068C3
:10A83000005D00F0080008B1612100E0412104F151
:10A840000A00401A40EA0515701C06460478C9E75C
:10A8500000BF00BF2E2C09D103A8874201D30020DE
:10A86000A8E720C7701C064604789CE700BF00BF1D
:10A8700044B1F5F741FD0068005D00F0010008B942
:10A88000002097E76846381A012101EBA00005284F
:10A8900042D2DFE800F0030506142800002089E713
:10A8A00042E0B5F1807F01D3002083E70098FF28C4
:10A8B00001D900207EE7009845EA006534E0B5F54F
:10A8C000803F01D3002075E70098FF2802D8019847
:10A8D000FF2801D900206DE700980006019940EAA1
:10A8E0000140054320E0FF2D01D9002062E70098D8
:10A8F000FF2805D80198FF2802D80298FF2801D91F
:10A90000002057E700980006019940EA01400299AB
:10A9100040EA0120054307E000BF00BF08A0FAF7A6
:10A92000C1FA00BF00BF00BF00BFB8F1000F04D0E4
:10A93000284604F04DFAC8F8000001203AE700006C
:10A94000756E68616E646C656400000010B5044645
:10A9500010220249204600F003F810BD6C5A012075
:10A960002DE9FC4706460B4614464FF0000C3068B4
:10A970000190194601AA00273CE0002500BF10788D
:10A980004FF00A0990FBF9FA09FB1A0000F0FF08E2
:10A99000107890FBF9F0107008F1300000F0FF0A19
:10A9A000284605F1010909F0FF050DF800A010780F
:10A9B0000028E4D10BE060460CF1010CA04202DB60
:10A9C0000020BDE8FC871DF8050001F8010B281EDA
:10A9D000A5F1010909F0FF05EDD160460CF1010C6C
:10A9E000A04201DB0020ECE72E2001F8010B521CF5
:10A9F000781CC7B2042FC0DB4FF00009481E014687
:10AA000080F800901846DCE710B5052005F05EFAE6
:10AA100010BD000010B5044600BF24B900BF05A05A
:10AA2000FAF740FA00BF00BF2146052005F000FA02
:10AA300010BD00007020213D204E554C4C00000000
:10AA40002DE9F74F84B00646884600250120019085
:10AA5000D8F8040002900299488804F0C6F98346A9
:10AA6000029800780007800E03900398584503DD94
:10AA7000681E07B0BDE8F08F0398ABEB00001FFA2B
:10AA800080FB0299C88804F0B0F9C0F30C004FF6BF
:10AA9000FF7101EAC00A00BF00BFD8F804400020DF
:10AAA0002060A4F804A00AEB0B00E080E088504589
:10AAB00002DA4FF0FF30DCE7D6F804903EE0D9F838
:10AAC0000470A088B988884220DAC4F800909DB14B
:10AAD000A088E988884203DBE088B988884202DDE3
:10AAE0004FF0FF30C5E7C5F80080E888A1888842AC
:10AAF0000BD00020019008E0E088B988884202DD90
:10AB00004FF0FF30B5E7C6F804801AE0A088B98896
:10AB1000884202D14FF0FF30ABE7A088F988884225
:10AB200002DA4FF0FF30A4E72DB1E888B9888842F7
:10AB300001D000200190D7F800903D46B9F1000FF8
:10AB4000BDD100BFB9F1000F1FD19DB100BFE88892
:10AB5000A188884204DD00BF33A0FAF7A3F900BF43
:10AB600000BFC5F80080E888A18888420DD0002089
:10AB700001900AE000BF706820B100BF32A0FAF770
:10AB800091F900BF00BFC6F80480069820B9B07FD5
:10AB900000F00100002844D0019800283BD07068E4
:10ABA00018B170684068808810B10020019032E0D0
:10ABB0002546D4F800900BE0D9F80440E888A18835
:10ABC000884202D00020019005E02546D4F800908C
:10ABD000B9F1000FF0D100BF0198E0B100BF70687B
:10ABE00020B900BF26A0FAF75DF900BF00BF00BF83
:10ABF00070684068A04204D100BF21A0FAF752F962
:10AC000000BF00BF00BF206820B100BF20A0FAF73E
:10AC100049F900BF00BF019808B1012029E70020D1
:10AC200027E7002025E70000636865636B206672F4
:10AC300061676D656E747320646F6E2774206F7624
:10AC400065726C61700000006E6F207072657669CD
:10AC50006F757320667261676D656E742C20746801
:10AC60006973206D75737420626520746865206651
:10AC70006972737420667261676D656E742100007D
:10AC800073616E69747920636865636B000000000E
:10AC900076616C69646174655F6461746167726137
:10ACA0006D3A6E6578745F70627566213D4E554CE5
:10ACB0004C00000070B504460D460B480068A042E9
:10ACC00003D109492068086009E000BF25B900BF29
:10ACD00006A0FAF7E7F800BF00BF20682860214609
:10ACE000042005F0A5F870BDBC02002073616E69F8
:10ACF000747920636865636B206C696E6B65642092
:10AD00006C6973740000000070B505460E4604209F
:10AD100005F0DCF8044674B93146284600F0CEF858
:10AD2000B04203DB042005F0D1F804461CB900BF93
:10AD300000BF002070BD20212046F5F720FB0F202A
:10AD4000E077064800682060044804601422294621
:10AD500004F10800F5F7ECFA2046EBE7BC0200200E
:10AD60002DE9F04704468846002500BFA04504D1E0
:10AD700000BF38A0FAF796F800BF00BFB8F1000F87
:10AD80000AD000BFD8F80000A04204D000BF34A011
:10AD9000FAF788F800BF00BF6068D0F80490B9F8EF
:10ADA000040008BB6768D9F800006060142204F151
:10ADB00008017868F5F7BCFA01213846FEF7F2FF82
:10ADC000384607F04AFC064600BFA819B0F5803F98
:10ADD00004DB00BF27A0FAF765F800BF00BFA81981
:10ADE00085B2384607F020FE676819E0D7F804906E
:10ADF000BA46D9F80070504607F02FFC064600BF4F
:10AE0000A819B0F5803F04DB00BF1AA0FAF74AF892
:10AE100000BF00BFA81985B2504607F005FE00BF6D
:10AE2000002FE3D141462046FFF744FF00BF1948F9
:10AE30000088A84204DA00BF17A0FAF733F800BF71
:10AE400000BF14480088401B124908802846BDE80E
:10AE5000F08700007072657620213D2069707200D5
:10AE6000707265762D3E6E657874203D3D20697068
:10AE70007200000070627566735F667265656420BB
:10AE80002B20636C656E203C3D20307866666666DC
:10AE900000000000C002002069705F72656173737A
:10AEA0005F70627566636F756E74203E3D207062E0
:10AEB0007566735F66726565640000002DE9F84F82
:10AEC00005468946002700BF0026B24600200090B4
:10AED00083461B48046821E06069E968884207D11D
:10AEE000A0692969884203D1A089A988884201D034
:10AEF000012000E0002068B10BF1010B1EB92646CD
:10AF0000CDF800A006E0E07FF17F884202DC264613
:10AF1000CDF800A0206800B1A2462468002CDBD147
:10AF20002EB130460099FFF71BFF804647444F453E
:10AF300002DABBF1010FC7DC3846BDE8F88F00002C
:10AF4000BC02002070B500260C48046813E0E07FC6
:10AF5000002807DDE07F401EE07700BF00BF2646E7
:10AF6000246808E000BF00BF254624683146284613
:10AF7000FFF7F6FE00BF002CE9D170BDBC02002037
:10AF800070B505462C4600BF24B900BF0BA0F9F7E9
:10AF900089FF00BF00BF00BFAC4204D000BF0AA0C1
:10AFA000F9F780FF00BF00BF606910B1606907F06A
:10AFB0003BFD2046FFF72EFD70BD00007063722040
:10AFC000213D204E554C4C00706372203D3D207059
:10AFD0000000000000B587B000BF00BF0020019056
:10AFE0003848006840F0100036490860084600689C
:10AFF00000F01000019000BF00BF00BF00BF00BF05
:10B00000002001900846006840F0100008600846E3
:10B01000006800F01000019000BF00BF00BF00BF3B
:10B0200000BF002001900846006840F01000086052
:10B030000846006800F01000019000BF00BF00BF8C
:10B0400000BF00BF002001900846006840F00100EA
:10B0500008600846006800F00100019000BF00BFD2
:10B0600000BF1020029000200390012004900220D5
:10B07000059002A91448F6F7C7FD082002900020A9
:10B080000390012004900220059002A90E48F6F7D3
:10B09000BBFD0420029000200390012004900220B8
:10B0A000059002A90848F6F7AFFD012002900020A4
:10B0B000039002200490059002A90448F6F7A4FD2D
:10B0C00007B000BD303802400010024000000240CE
:10B0D00070B504460026094805884088454300218C
:10B0E000084603F0D5F803F081FA00BF02E00448F7
:10B0F0000480761CAE42FAD370BD0000C404002068
:10B100008000006C10B5044658488471002C58D15A
:10B11000F020564908804FF4A07048800846808887
:10B1200045F21051884210D14FF430504F490881F8
:10B130004FF4285048814FF42C5088814FF4F07020
:10B1400008804FF4487048801AE04848808841F6EB
:10B15000631188420DD12C20444908812B2048815D
:10B160002A2088814FF4F07008804FF4487048809E
:10B1700006E02C203D4908812A2048812B20888127
:10B180003A48808845F21031884205D03748808897
:10B1900047F29671884206D14FF4A0703349088077
:10B1A0004FF4F07048803148808849F606018842A3
:10B1B00058D14FF4F0702D4908804FF44870488002
:10B1C00050E04FF4A07029490880F02048800846DC
:10B1D000808845F21051884210D14FF430502349F5
:10B1E00008814FF4285048814FF42C5088814FF447
:10B1F000487008804FF4F070488020E01B48808839
:10B2000041F66311884205D01848808849F6060146
:10B2100088420DD12C20154908812A2048812B20F5
:10B2200088814FF4487008804FF4F070488006E041
:10B230002C200E4908812A2048812B2088810B4828
:10B24000808845F21031884205D00848808847F24E
:10B250009671884206D14FF4F070044908804FF48B
:10B26000A0704880002002F0F5FE10BDC40400204C
:10B2700070B505460E4614463146284603F008F8D8
:10B2800003F0B4F901490C8070BD00008000006C2F
:10B2900010B5CF2003F09EF9002003F08FF9C120F4
:10B2A00003F08CF9302003F089F9ED2003F092F9D6
:10B2B000642003F083F9032003F080F9122003F0E7
:10B2C0007DF9812003F07AF9E82003F083F98520E5
:10B2D00003F074F9102003F071F97A2003F06EF98D
:10B2E000CB2003F077F9392003F068F92C2003F024
:10B2F00065F9002003F062F9342003F05FF90220C1
:10B3000003F05CF9F72003F065F9202003F056F90B
:10B31000EA2003F05FF9002003F050F9002003F069
:10B320004DF9C02003F056F91B2003F047F9C12066
:10B3300003F050F9012003F041F9C52003F04AF968
:10B34000302003F03BF9302003F038F9C72003F038
:10B3500041F9B72003F032F9362003F03BF94820D9
:10B3600003F02CF93A2003F035F9552003F026F9C3
:10B37000B12003F02FF9002003F020F91A2003F088
:10B380001DF9B62003F026F90A2003F017F9A220D0
:10B3900003F014F9F22003F01DF9002003F00EF978
:10B3A000262003F017F9012003F008F9E02003F04C
:10B3B00011F90F2003F002F92A2003F0FFF82820EA
:10B3C00003F0FCF8082003F0F9F80E2003F0F6F87B
:10B3D000082003F0F3F8542003F0F0F8A92003F05C
:10B3E000EDF8432003F0EAF80A2003F0E7F80F2015
:10B3F00003F0E4F8002003F0E1F8002003F0DEF8A9
:10B40000002003F0DBF8002003F0D8F8E12003F07F
:10B41000E1F8002003F0D2F8152003F0CFF8172050
:10B4200003F0CCF8072003F0C9F8112003F0C6F8A8
:10B43000062003F0C3F82B2003F0C0F8562003F0D9
:10B44000BDF83C2003F0BAF8052003F0B7F810204F
:10B4500003F0B4F80F2003F0B1F83F2003F0AEF88A
:10B460003F2003F0ABF80F2003F0A8F82B2003F0E7
:10B47000B1F8002003F0A2F8002003F09FF80120AB
:10B4800003F09CF83F2003F099F82A2003F0A2F87B
:10B49000002003F093F8002003F090F8002003F060
:10B4A0008DF8EF2003F08AF8112003F093F878204C
:10B4B000FAF73CFF292003F08DF810BD10B5FF20EE
:10B4C00003F088F8FF2003F079F8982003F076F86D
:10B4D000062003F073F8BC2003F07CF8012003F091
:10B4E0006DF80F2003F06AF8612003F067F8FF2081
:10B4F00003F064F8012003F061F8012003F05EF826
:10B500000B2003F05BF8102003F058F8372003F00D
:10B5100055F8632003F052F8FF2003F04FF8FF20A6
:10B5200003F04CF8012003F049F8012003F046F83D
:10B53000002003F043F8002003F040F8FF2003F060
:10B540003DF8522003F03AF8012003F037F80020CC
:10B5500003F034F8402003F031F8BD2003F03AF84E
:10B56000012003F02BF8232003F028F8452003F0F6
:10B5700025F8672003F022F8012003F01FF82320AC
:10B5800003F01CF8452003F019F8672003F016F8C3
:10B59000BE2003F01FF8002003F010F8012003F094
:10B5A0000DF8AB2003F00AF8602003F007F8222022
:10B5B00003F004F8222003F001F8222002F0FEFF3D
:10B5C000222002F0FBFF222002F0F8FFC72003F048
:10B5D00001F8362002F0F2FFED2002F0FBFF7F20A1
:10B5E00002F0ECFF0F2002F0E9FFC02002F0F2FFB2
:10B5F0000F2002F0E3FF0B2002F0E0FF0A2002F030
:10B60000DDFFFC2002F0E6FF082002F0D7FFDF207C
:10B6100002F0E0FF002002F0D1FF002002F0CEFF98
:10B62000002002F0CBFF002002F0C8FF002002F053
:10B63000C5FF202002F0C2FFF32002F0CBFF7420F0
:10B6400002F0BCFFB42002F0C5FF002002F0B6FFFC
:10B65000002002F0B3FF002002F0B0FFF72002F05C
:10B66000B9FF822002F0AAFFB12002F0B3FF002050
:10B6700002F0A4FF132002F0A1FF132002F09EFFAE
:10B68000F22002F0A7FF802002F098FF042002F0D1
:10B6900095FF402002F092FF282002F08FFFC1208A
:10B6A00002F098FF172002F089FF882002F086FF41
:10B6B000882002F083FF202002F080FFE02002F0CB
:10B6C00089FF002002F07AFF0A2002F077FF1220A3
:10B6D00002F074FF102002F071FF0E2002F06EFFE6
:10B6E000202002F06BFFCC2002F068FF072002F060
:10B6F00065FF062002F062FF0B2002F05FFF0E20C4
:10B7000002F05CFF0F2002F059FF0D2002F056FFFF
:10B71000152002F053FF102002F050FF002002F02D
:10B720004DFFE12002F056FF002002F047FF0B2002
:10B7300002F044FF132002F041FF0D2002F03EFF13
:10B740000E2002F03BFF1B2002F038FF712002F0B8
:10B7500035FF062002F032FF062002F02FFF0A20FC
:10B7600002F02CFF0F2002F029FF0E2002F026FF2E
:10B770000F2002F023FF152002F020FF0C2002F022
:10B780001DFF002002F01AFF2A2002F023FF0020F4
:10B7900002F014FF002002F011FF012002F00EFF62
:10B7A000DF2002F00BFF2B2002F014FF002002F03C
:10B7B00005FF002002F002FF032002F0FFFE1F2021
:10B7C00002F0FCFE3A2002F005FF552002F0F6FEE2
:10B7D000362002F0FFFE002002F0F0FE112002F001
:10B7E000F9FE7820FAF7A2FD292002F0F3FE1420DA
:10B7F000FAF79CFD2C2002F0EDFE10BD10B5ED20F7
:10B8000002F0E8FE012002F0D9FEFE2002F0D6FE92
:10B81000EE2002F0DFFEDE2002F0D0FE212002F05A
:10B82000CDFEF12002F0D6FE012002F0C7FEDF209F
:10B8300002F0D0FE102002F0C1FEC42002F0CAFEC9
:10B840008F2002F0BBFEC62002F0C4FE002002F0F2
:10B85000B5FEE22002F0B2FEE22002F0AFFEE220EE
:10B8600002F0ACFEBF2002F0B5FEAA2002F0A6FE58
:10B87000B02002F0AFFE0D2002F0A0FE002002F08A
:10B880009DFE0D2002F09AFE002002F097FE11208E
:10B8900002F094FE002002F091FE192002F08EFECC
:10B8A000002002F08BFE212002F088FE002002F032
:10B8B00085FE2D2002F082FE002002F07FFE3D205A
:10B8C00002F07CFE002002F079FE5D2002F076FEA0
:10B8D000002002F073FE5D2002F070FE002002F0F6
:10B8E0006DFEB12002F076FE802002F067FE00209F
:10B8F00002F064FE8B2002F061FE002002F05EFE8A
:10B90000962002F05BFE002002F058FEB22002F00A
:10B9100061FE002002F052FE002002F04FFE0220E5
:10B9200002F04CFE002002F049FE032002F046FE29
:10B93000002002F043FEB32002F04CFE002002F093
:10B940003DFE002002F03AFE002002F037FE00200B
:10B9500002F034FE002002F031FE002002F02EFE44
:10B96000002002F02BFE002002F028FE002002F052
:10B9700025FE002002F022FE002002F01FFE002023
:10B9800002F01CFE002002F019FE002002F016FE5C
:10B99000002002F013FE002002F010FE002002F052
:10B9A0000DFE002002F00AFE002002F007FE00203B
:10B9B00002F004FE002002F001FE002002F0FEFD75
:10B9C000002002F0FBFD002002F0F8FDB42002F0A0
:10B9D00001FE8B2002F0F2FD002002F0EFFD962028
:10B9E00002F0ECFD002002F0E9FDA12002F0E6FDEE
:10B9F000002002F0E3FDB52002F0ECFD022002F091
:10BA0000DDFD002002F0DAFD032002F0D7FD00206A
:10BA100002F0D4FD042002F0D1FD002002F0CEFDA2
:10BA2000B62002F0D7FD002002F0C8FD002002F091
:10BA3000C5FDB72002F0CEFD002002F0BFFD0020C2
:10BA400002F0BCFD3F2002F0B9FD002002F0B6FD7F
:10BA50005E2002F0B3FD002002F0B0FD642002F091
:10BA6000ADFD002002F0AAFD8C2002F0A7FD002011
:10BA700002F0A4FDAC2002F0A1FD002002F09EFD2A
:10BA8000DC2002F09BFD002002F098FD702002F007
:10BA900095FD002002F092FD902002F08FFD002025
:10BAA00002F08CFDEB2002F089FD002002F086FD03
:10BAB000DC2002F083FD002002F080FDB82002F0BF
:10BAC00089FD002002F07AFD002002F077FD0020C1
:10BAD00002F074FD002002F071FD002002F06EFD06
:10BAE000002002F06BFD002002F068FD002002F053
:10BAF00065FDBA2002F06EFD242002F05FFD0020FB
:10BB000002F05CFD002002F059FD002002F056FD1D
:10BB1000C12002F05FFD202002F050FD002002F065
:10BB20004DFD542002F04AFD002002F047FDFF20A9
:10BB300002F044FD002002F041FDC22002F04AFD67
:10BB40000A2002F03BFD002002F038FD042002F044
:10BB500035FD002002F032FDC32002F03BFD3C2009
:10BB600002F02CFD002002F029FD3A2002F026FD13
:10BB7000002002F023FD392002F020FD002002F019
:10BB80001DFD372002F01AFD002002F017FD3C20B9
:10BB900002F014FD002002F011FD362002F00EFD2F
:10BBA000002002F00BFD322002F008FD002002F020
:10BBB00005FD2F2002F002FD002002F0FFFC2C20EA
:10BBC00002F0FCFC002002F0F9FC292002F0F6FC57
:10BBD000002002F0F3FC262002F0F0FC002002F02E
:10BBE000EDFC242002F0EAFC002002F0E7FC242017
:10BBF00002F0E4FC002002F0E1FC232002F0DEFC75
:10BC0000002002F0DBFC3C2002F0D8FC002002F017
:10BC1000D5FC362002F0D2FC002002F0CFFC32200E
:10BC200002F0CCFC002002F0C9FC2F2002F0C6FC80
:10BC3000002002F0C3FC2C2002F0C0FC002002F027
:10BC4000BDFC292002F0BAFC002002F0B7FC26203F
:10BC500002F0B4FC002002F0B1FC242002F0AEFCA3
:10BC6000002002F0ABFC242002F0A8FC002002F02F
:10BC7000A5FC232002F0A2FC002002F09FFCC420BF
:10BC800002F0A8FC622002F099FC002002F096FC71
:10BC9000052002F093FC002002F090FC842002F0CA
:10BCA0008DFC002002F08AFCF02002F087FC0020CE
:10BCB00002F084FC182002F081FC002002F07EFCDF
:10BCC000A42002F07BFC002002F078FC182002F097
:10BCD00075FC002002F072FC502002F06FFC002086
:10BCE00002F06CFC0C2002F069FC002002F066FC03
:10BCF000172002F063FC002002F060FC952002F0A7
:10BD00005DFC002002F05AFCF32002F057FC0020FA
:10BD100002F054FCE62002F051FC002002F04EFC40
:10BD2000C52002F057FC322002F048FC002002F04F
:10BD300045FC442002F042FC002002F03FFC65205C
:10BD400002F03CFC002002F039FC762002F036FCC8
:10BD5000002002F033FC882002F030FC002002F0CA
:10BD60002DFCC62002F036FC202002F027FC00202B
:10BD700002F024FC172002F021FC002002F01EFC3F
:10BD8000012002F01BFC002002F018FCC72002F08A
:10BD900021FC002002F012FC002002F00FFC002029
:10BDA00002F00CFC002002F009FCC82002F012FC9A
:10BDB000002002F003FC002002F000FC002002F052
:10BDC000FDFB002002F0FAFBC92002F003FC00207A
:10BDD00002F0F4FB002002F0F1FB002002F0EEFB89
:10BDE000002002F0EBFB002002F0E8FB002002F054
:10BDF000E5FB002002F0E2FB002002F0DFFB002068
:10BE000002F0DCFB002002F0D9FB002002F0D6FBA0
:10BE1000002002F0D3FB002002F0D0FB002002F053
:10BE2000CDFB002002F0CAFB002002F0C7FBE0209F
:10BE300002F0D0FB162002F0C1FB002002F0BEFB96
:10BE40001C2002F0BBFB002002F0B8FB212002F016
:10BE5000B5FB002002F0B2FB362002F0AFFB002061
:10BE600002F0ACFB462002F0A9FB002002F0A6FB8A
:10BE7000522002F0A3FB002002F0A0FB642002F09D
:10BE80009DFB002002F09AFB7A2002F097FB002035
:10BE900002F094FB8B2002F091FB002002F08EFB5D
:10BEA000992002F08BFB002002F088FBA82002F012
:10BEB00085FB002002F082FBB92002F07FFB00200E
:10BEC00002F07CFBC42002F079FB002002F076FB3C
:10BED000CA2002F073FB002002F070FBD22002F0B7
:10BEE0006DFB002002F06AFBD92002F067FB002006
:10BEF00002F064FBE02002F061FB002002F05EFB38
:10BF0000F32002F05BFB002002F058FBE12002F07E
:10BF100061FB162002F052FB002002F04FFB1C20B8
:10BF200002F04CFB002002F049FB222002F046FB0D
:10BF3000002002F043FB362002F040FB002002F01C
:10BF40003DFB452002F03AFB002002F037FB522077
:10BF500002F034FB002002F031FB642002F02EFBE3
:10BF6000002002F02BFB7A2002F028FB002002F0D8
:10BF700025FB8B2002F022FB002002F01FFB992002
:10BF800002F01CFB002002F019FBA82002F016FBB7
:10BF9000002002F013FBB92002F010FB002002F099
:10BFA0000DFBC42002F00AFB002002F007FBCA20B0
:10BFB00002F004FB002002F001FBD22002F0FEFAA6
:10BFC000002002F0FBFAD82002F0F8FA002002F07C
:10BFD000F5FAE02002F0F2FA002002F0EFFAF32086
:10BFE00002F0ECFA002002F0E9FAE22002F0F2FAA4
:10BFF000052002F0E3FA002002F0E0FA0B2002F044
:10C00000DDFA002002F0DAFA1B2002F0D7FA002055
:10C0100002F0D4FA342002F0D1FA002002F0CEFA75
:10C02000442002F0CBFA002002F0C8FA4F2002F0C0
:10C03000C5FA002002F0C2FA612002F0BFFA002027
:10C0400002F0BCFA792002F0B9FA002002F0B6FA48
:10C05000882002F0B3FA002002F0B0FA972002F034
:10C06000ADFA002002F0AAFAA62002F0A7FA0020FA
:10C0700002F0A4FAB72002F0A1FA002002F09EFA22
:10C08000C22002F09BFA002002F098FAC72002F0CA
:10C0900095FA002002F092FAD12002F08FFA0020E7
:10C0A00002F08CFAD62002F089FA002002F086FA1B
:10C0B000DD2002F083FA002002F080FAF32002F083
:10C0C0007DFA002002F07AFAE32002F083FA0520DC
:10C0D00002F074FA002002F071FA0A2002F06EFAFF
:10C0E000002002F06BFA1C2002F068FA002002F037
:10C0F00065FA332002F062FA002002F05FFA442071
:10C1000002F05CFA002002F059FA502002F056FAD0
:10C11000002002F053FA622002F050FA002002F0F0
:10C120004DFA782002F04AFA002002F047FA8820FF
:10C1300002F044FA002002F041FA972002F03EFAA1
:10C14000002002F03BFAA62002F038FA002002F0AC
:10C1500035FAB72002F032FA002002F02FFAC2209E
:10C1600002F02CFA002002F029FAC72002F026FA89
:10C17000002002F023FAD12002F020FA002002F081
:10C180001DFAD52002F01AFA002002F017FADD207D
:10C1900002F014FA002002F011FAF32002F00EFA75
:10C1A000002002F00BFAE42002F014FA012002F061
:10C1B00005FA002002F002FA012002F0FFF9002047
:10C1C00002F0FCF9022002F0F9F9002002F0F6F981
:10C1D0002A2002F0F3F9002002F0F0F93C2002F0EE
:10C1E000EDF9002002F0EAF94B2002F0E7F9002017
:10C1F00002F0E4F95D2002F0E1F9002002F0DEF93E
:10C20000742002F0DBF9002002F0D8F9842002F05B
:10C21000D5F9002002F0D2F9932002F0CFF90020E6
:10C2200002F0CCF9A22002F0C9F9002002F0C6F910
:10C23000B32002F0C3F9002002F0C0F9BE2002F0E2
:10C24000BDF9002002F0BAF9C42002F0B7F90020CD
:10C2500002F0B4F9CD2002F0B1F9002002F0AEF9FD
:10C26000D32002F0ABF9002002F0A8F9DD2002F0A3
:10C27000A5F9002002F0A2F9F32002F09FF90020B6
:10C2800002F09CF9E52002F0A5F9002002F096F9F1
:10C29000002002F093F9002002F090F9002002F053
:10C2A0008DF9022002F08AF9002002F087F9292096
:10C2B00002F084F9002002F081F93C2002F07EF9BE
:10C2C000002002F07BF94B2002F078F9002002F008
:10C2D00075F95D2002F072F9002002F06FF9742008
:10C2E00002F06CF9002002F069F9842002F066F98E
:10C2F000002002F063F9932002F060F9002002F0C0
:10C300005DF9A22002F05AF9002002F057F9B3209B
:10C3100002F054F9002002F051F9BE2002F04EF96B
:10C32000002002F04BF9C42002F048F9002002F08E
:10C3300045F9CD2002F042F9002002F03FF9D32068
:10C3400002F03CF9002002F039F9DC2002F036F965
:10C35000002002F033F9F32002F030F9002002F05F
:10C360002DF9E62002F036F9112002F027F900201D
:10C3700002F024F9342002F021F9002002F01EF925
:10C38000562002F01BF9002002F018F9762002F086
:10C3900015F9002002F012F9772002F00FF90020C1
:10C3A00002F00CF9662002F009F9002002F006F90B
:10C3B000882002F003F9002002F000F9992002F031
:10C3C000FDF8002002F0FAF8BB2002F0F7F8002098
:10C3D00002F0F4F8992002F0F1F8002002F0EEF8F3
:10C3E000662002F0EBF8002002F0E8F8552002F099
:10C3F000E5F8002002F0E2F8552002F0DFF8002016
:10C4000002F0DCF8452002F0D9F8002002F0D6F85E
:10C41000432002F0D3F8002002F0D0F8442002F0CC
:10C42000CDF8002002F0CAF8E72002F0D3F832205D
:10C4300002F0C4F8002002F0C1F8552002F0BEF866
:10C44000002002F0BBF8762002F0B8F8002002F0DD
:10C45000B5F8662002F0B2F8002002F0AFF86720CD
:10C4600002F0ACF8002002F0A9F8672002F0A6F86C
:10C47000002002F0A3F8872002F0A0F8002002F0CC
:10C480009DF8992002F09AF8002002F097F8BB205E
:10C4900002F094F8002002F091F8992002F08EF852
:10C4A000002002F08BF8772002F088F8002002F0DC
:10C4B00085F8442002F082F8002002F07FF8562030
:10C4C00002F07CF8002002F079F8232002F076F8E0
:10C4D000002002F073F8332002F070F8002002F020
:10C4E0006DF8452002F06AF8002002F067F8E820B5
:10C4F00002F070F8002002F061F8002002F05EF80F
:10C50000992002F05BF8002002F058F8872002F032
:10C5100055F8002002F052F8882002F04FF8002071
:10C5200002F04CF8772002F049F8002002F046F8BB
:10C53000662002F043F8002002F040F8882002F064
:10C540003DF8002002F03AF8AA2002F037F8002067
:10C5500002F034F8BB2002F031F8002002F02EF88F
:10C56000992002F02BF8002002F028F8662002F053
:10C5700025F8002002F022F8552002F01FF80020D4
:10C5800002F01CF8552002F019F8002002F016F80D
:10C59000442002F013F8002002F010F8442002F0CA
:10C5A0000DF8002002F00AF8552002F007F80020EC
:10C5B00002F004F8E92002F00DF8AA2001F0FEFFD5
:10C5C000002001F0FBFF002001F0F8FF002001F047
:10C5D000F5FF002001F0FEFFAA2001F0EFFFCF20C1
:10C5E00001F0F8FF002001F0E9FF002001F0E6FF74
:10C5F000002001F0E3FF002001F0E0FF002001F047
:10C60000DDFF002001F0DAFF002001F0D7FF00205D
:10C6100001F0D4FF002001F0D1FF002001F0CEFF97
:10C62000002001F0CBFF002001F0C8FF002001F046
:10C63000C5FF002001F0C2FF002001F0BFFF002075
:10C6400001F0BCFF002001F0B9FFF02001F0C2FFB3
:10C65000002001F0B3FF502001F0B0FF002001F0F6
:10C66000ADFF002001F0AAFF002001F0A7FFF3209A
:10C6700001F0B0FF002001F0A1FFF92001F0AAFFB6
:10C68000062001F09BFF102001F098FF292001F007
:10C6900095FF002001F092FF3A2001F09BFF55200A
:10C6A00001F08CFF112001F095FF6420F9F73EFEA8
:10C6B000292001F08FFF352001F08CFF002001F0D0
:10C6C0007DFF512001F086FFFF2001F077FF53200E
:10C6D00001F080FF2C2001F071FF552001F07AFF5E
:10C6E000822001F06BFF2C2001F074FF10BD10B50B
:10C6F00055214FF4704001F083FFAA214FF2010051
:10C7000001F07EFF52214FF2020001F079FF082173
:10C710004FF2030001F074FF01214FF2040001F019
:10C720006FFF0D214FF4304001F06AFF0D214BF2F5
:10C73000010001F065FF0D214BF2020001F060FFE6
:10C7400034214FF4364001F05BFF34214BF201609D
:10C7500001F056FF34214BF2026001F051FF0D2130
:10C760004FF4314001F04CFF0D214BF2011001F06C
:10C7700047FF0D214BF2021001F042FF34214FF42C
:10C78000374001F03DFF34214BF2017001F038FFDA
:10C7900034214BF2027001F033FF00214FF432409C
:10C7A00001F02EFF00214BF2012001F029FF0021B2
:10C7B0004BF2022001F024FF24214FF4384001F015
:10C7C0001FFF24214BF6010001F01AFF24214BF634
:10C7D000020001F015FF01214FF43F4001F010FF6E
:10C7E0000F214FF4334001F00BFF0F214BF20130CA
:10C7F00001F006FF0F214BF2023001F001FF34215E
:10C800004FF4394001F0FCFE34214BF6011001F0E9
:10C81000F7FE34214BF6021001F0F2FE08214FF42E
:10C82000354001F0EDFE08214BF2015001F0E8FE29
:10C8300008214BF2025001F0E3FE03214FF4424085
:10C8400001F0DEFE24214FF43A4001F0D9FE24210C
:10C850004BF6012001F0D4FE24214BF6022001F01A
:10C86000CFFE00214FF43C4001F0CAFE78214BF688
:10C87000014001F0C5FE00214BF6024001F0C0FE70
:10C8800000214FF43D4001F0BBFE78214BF60150F2
:10C8900001F0B6FE00214BF6025001F0B1FE00217E
:10C8A0004FF43E4001F0ACFE64214BF6016001F014
:10C8B000A7FE00214FF4514001F0A2FE33214DF2BA
:10C8C000011001F09DFE00214DF2021001F098FED2
:10C8D00034214DF2031001F093FE00214DF20410BB
:10C8E00001F08EFE3A214DF2051001F089FE002183
:10C8F0004DF2061001F084FE4A214DF2071001F0BE
:10C900007FFE00214DF2081001F07AFE5C214DF20D
:10C91000091001F075FE00214DF20A1001F070FEC1
:10C9200081214DF20B1001F06BFE00214DF20C1035
:10C9300001F066FEA6214DF20D1001F061FE00210E
:10C940004DF20E1001F05CFEE5214DF20F1001F0EA
:10C9500057FE01214DF2101001F052FE13214DF24D
:10C96000111001F04DFE01214DF2121001F048FEB0
:10C9700054214DF2131001F043FE01214DF2141029
:10C9800001F03EFE82214DF2151001F039FE012129
:10C990004DF2161001F034FECA214DF2171001F0CD
:10C9A0002FFE02214DF2181001F02AFE00214DF257
:10C9B000191001F025FE02214DF21A1001F020FE9F
:10C9C00001214DF21B1001F01BFE02214DF21C1043
:10C9D00001F016FE34214DF21D1001F011FE02216E
:10C9E0004DF21E1001F00CFE67214DF21F1001F0F8
:10C9F00007FE02214DF2201001F002FE84214DF2CB
:10CA0000211001F0FDFD02214DF2221001F0F8FD90
:10CA1000A4214DF2231001F0F3FD02214DF2241068
:10CA200001F0EEFDB7214DF2251001F0E9FD0221E4
:10CA30004DF2261001F0E4FDCF214DF2271001F058
:10CA4000DFFD02214DF2281001F0DAFDDE214DF26A
:10CA5000291001F0D5FD02214DF22A1001F0D0FD80
:10CA6000F2214DF22B1001F0CBFD02214DF22C10E2
:10CA700001F0C6FDFE214DF22D1001F0C1FD032194
:10CA80004DF22E1001F0BCFD10214DF22F1001F0DF
:10CA9000B7FD03214DF2301001F0B2FD33214DF20C
:10CAA000311001F0ADFD03214DF2321001F0A8FD6F
:10CAB0006D214DF2331001F0A3FD00214FF45240DF
:10CAC00001F09EFD33214DF2012001F099FD00217E
:10CAD0004DF2022001F094FD34214DF2032001F0CB
:10CAE0008FFD00214DF2042001F08AFD3A214DF224
:10CAF000052001F085FD00214DF2062001F080FDAA
:10CB00004A214DF2072001F07BFD00214DF2082063
:10CB100001F076FD5C214DF2092001F071FD00214C
:10CB20004DF20A2001F06CFD81214DF20B2001F045
:10CB300067FD00214DF20C2001F062FDA6214DF2AF
:10CB40000D2001F05DFD00214DF20E2001F058FD99
:10CB5000E5214DF20F2001F053FD01214DF210208F
:10CB600001F04EFD13214DF2112001F049FD01218C
:10CB70004DF2122001F044FD54214DF2132001F03A
:10CB80003FFD01214DF2142001F03AFD82214DF2CA
:10CB9000152001F035FD01214DF2162001F030FD88
:10CBA000CA214DF2172001F02BFD02214DF2182071
:10CBB00001F026FD00214DF2192001F021FD022196
:10CBC0004DF21A2001F01CFD01214DF21B2001F055
:10CBD00017FD02214DF21C2001F012FD34214DF20F
:10CBE0001D2001F00DFD02214DF21E2001F008FD77
:10CBF00067214DF21F2001F003FD02214DF220209C
:10CC000001F0FEFC84214DF2212001F0F9FC02210B
:10CC10004DF2222001F0F4FCA4214DF2232001F07A
:10CC2000EFFC02214DF2242001F0EAFCB7214DF285
:10CC3000252001F0E5FC02214DF2262001F0E0FC68
:10CC4000CF214DF2272001F0DBFC02214DF22820FC
:10CC500001F0D6FCDE214DF2292001F0D1FC0221A9
:10CC60004DF22A2001F0CCFCF2214DF22B2001F0F4
:10CC7000C7FC02214DF22C2001F0C2FCFE214DF236
:10CC80002D2001F0BDFC03214DF22E2001F0B8FC57
:10CC900010214DF22F2001F0B3FC03214DF2302082
:10CCA00001F0AEFC33214DF2312001F0A9FC03214B
:10CCB0004DF2322001F0A4FC6D214DF2332001F041
:10CCC0009FFC00214FF4534001F09AFC33214DF2B8
:10CCD000013001F095FC00214DF2023001F090FC92
:10CCE00034214DF2033001F08BFC00214DF2043071
:10CCF00001F086FC3A214DF2053001F081FC002163
:10CD00004DF2063001F07CFC4A214DF2073001F073
:10CD100077FC00214DF2083001F072FC5C214DF2ED
:10CD2000093001F06DFC00214DF20A3001F068FC81
:10CD300081214DF20B3001F063FC00214DF20C30EB
:10CD400001F05EFCA6214DF20D3001F059FC0021EE
:10CD50004DF20E3001F054FCE5214DF20F3001F0A0
:10CD60004FFC01214DF2103001F04AFC13214DF22D
:10CD7000113001F045FC01214DF2123001F040FC70
:10CD800054214DF2133001F03BFC01214DF21430DF
:10CD900001F036FC82214DF2153001F031FC012109
:10CDA0004DF2163001F02CFCCA214DF2173001F083
:10CDB00027FC02214DF2183001F022FC00214DF237
:10CDC000193001F01DFC02214DF21A3001F018FC5F
:10CDD00001214DF21B3001F013FC02214DF21C30F9
:10CDE00001F00EFC34214DF21D3001F009FC02214E
:10CDF0004DF21E3001F004FC67214DF21F3001F0AE
:10CE0000FFFB02214DF2203001F0FAFB84214DF2AC
:10CE1000213001F0F5FB02214DF2223001F0F0FB50
:10CE2000A4214DF2233001F0EBFB02214DF224301E
:10CE300001F0E6FBB7214DF2253001F0E1FB0221C4
:10CE40004DF2263001F0DCFBCF214DF2273001F00E
:10CE5000D7FB02214DF2283001F0D2FBDE214DF24A
:10CE6000293001F0CDFB02214DF22A3001F0C8FB40
:10CE7000F2214DF22B3001F0C3FB02214DF22C3098
:10CE800001F0BEFBFE214DF22D3001F0B9FB032174
:10CE90004DF22E3001F0B4FB10214DF22F3001F095
:10CEA000AFFB03214DF2303001F0AAFB33214DF2EC
:10CEB000313001F0A5FB03214DF2323001F0A0FB2F
:10CEC0006D214DF2333001F09BFB00214FF45440B3
:10CED00001F096FB33214DF2014001F091FB00215E
:10CEE0004DF2024001F08CFB34214DF2034001F081
:10CEF00087FB00214DF2044001F082FB3A214DF204
:10CF0000054001F07DFB00214DF2064001F078FB69
:10CF10004A214DF2074001F073FB00214DF2084019
:10CF200001F06EFB5C214DF2094001F069FB00212C
:10CF30004DF20A4001F064FB81214DF20B4001F0FB
:10CF40005FFB00214DF20C4001F05AFBA6214DF28F
:10CF50000D4001F055FB00214DF20E4001F050FB59
:10CF6000E5214DF20F4001F04BFB01214DF2104045
:10CF700001F046FB13214DF2114001F041FB01216C
:10CF80004DF2124001F03CFB54214DF2134001F0F0
:10CF900037FB01214DF2144001F032FB82214DF2AA
:10CFA000154001F02DFB01214DF2164001F028FB48
:10CFB000CA214DF2174001F023FB02214DF2184027
:10CFC00001F01EFB00214DF2194001F019FB022176
:10CFD0004DF21A4001F014FB01214DF21B4001F00B
:10CFE0000FFB02214DF21C4001F00AFB34214DF2EF
:10CFF0001D4001F005FB02214DF21E4001F000FB37
:10D0000067214DF21F4001F0FBFA02214DF2204052
:10D0100001F0F6FA84214DF2214001F0F1FA0221EB
:10D020004DF2224001F0ECFAA4214DF2234001F030
:10D03000E7FA02214DF2244001F0E2FAB7214DF265
:10D04000254001F0DDFA02214DF2264001F0D8FA28
:10D05000CF214DF2274001F0D3FA02214DF22840B2
:10D0600001F0CEFADE214DF2294001F0C9FA022189
:10D070004DF22A4001F0C4FAF2214DF22B4001F0AA
:10D08000BFFA02214DF22C4001F0BAFAFE214DF216
:10D090002D4001F0B5FA03214DF22E4001F0B0FA17
:10D0A00010214DF22F4001F0ABFA03214DF2304038
:10D0B00001F0A6FA33214DF2314001F0A1FA03212B
:10D0C0004DF2324001F09CFA6D214DF2334001F0F7
:10D0D00097FA00214FF4554001F092FA33214DF2B6
:10D0E000015001F08DFA00214DF2025001F088FA52
:10D0F00034214DF2035001F083FA00214DF2045027
:10D1000001F07EFA3A214DF2055001F079FA002142
:10D110004DF2065001F074FA4A214DF2075001F029
:10D120006FFA00214DF2085001F06AFA5C214DF2CD
:10D13000095001F065FA00214DF20A5001F060FA41
:10D1400081214DF20B5001F05BFA00214DF20C50A1
:10D1500001F056FAA6214DF20D5001F051FA0021CE
:10D160004DF20E5001F04CFAE5214DF20F5001F056
:10D1700047FA01214DF2105001F042FA13214DF20D
:10D18000115001F03DFA01214DF2125001F038FA30
:10D1900054214DF2135001F033FA01214DF2145095
:10D1A00001F02EFA82214DF2155001F029FA0121E9
:10D1B0004DF2165001F024FACA214DF2175001F039
:10D1C0001FFA02214DF2185001F01AFA00214DF217
:10D1D000195001F015FA02214DF21A5001F010FA1F
:10D1E00001214DF21B5001F00BFA02214DF21C50AF
:10D1F00001F006FA34214DF21D5001F001FA02212E
:10D200004DF21E5001F0FCF967214DF21F5001F064
:10D21000F7F902214DF2205001F0F2F984214DF28C
:10D22000215001F0EDF902214DF2225001F0E8F910
:10D23000A4214DF2235001F0E3F902214DF22450D4
:10D2400001F0DEF9B7214DF2255001F0D9F90221A4
:10D250004DF2265001F0D4F9CF214DF2275001F0C4
:10D26000CFF902214DF2285001F0CAF9DE214DF22A
:10D27000295001F0C5F902214DF22A5001F0C0F900
:10D28000F2214DF22B5001F0BBF902214DF22C504E
:10D2900001F0B6F9FE214DF22D5001F0B1F9032154
:10D2A0004DF22E5001F0ACF910214DF22F5001F04B
:10D2B000A7F903214DF2305001F0A2F933214DF2CC
:10D2C000315001F09DF903214DF2325001F098F9EF
:10D2D0006D214DF2335001F093F900214FF4564087
:10D2E00001F08EF933214DF2016001F089F900213E
:10D2F0004DF2026001F084F934214DF2036001F037
:10D300007FF900214DF2046001F07AF93A214DF2E3
:10D31000056001F075F900214DF2066001F070F929
:10D320004A214DF2076001F06BF900214DF20860CF
:10D3300001F066F95C214DF2096001F061F900210C
:10D340004DF20A6001F05CF981214DF20B6001F0B1
:10D3500057F900214DF20C6001F052F9A6214DF26F
:10D360000D6001F04DF900214DF20E6001F048F919
:10D37000E5214DF20F6001F043F901214DF21060FB
:10D3800001F03EF913214DF2116001F039F901214C
:10D390004DF2126001F034F954214DF2136001F0A6
:10D3A0002FF901214DF2146001F02AF982214DF28A
:10D3B000156001F025F901214DF2166001F020F908
:10D3C000CA214DF2176001F01BF902214DF21860DD
:10D3D00001F016F900214DF2196001F011F9022156
:10D3E0004DF21A6001F00CF901214DF21B6001F0C1
:10D3F00007F902214DF21C6001F002F934214DF2CF
:10D400001D6001F0FDF802214DF21E6001F0F8F8F8
:10D4100067214DF21F6001F0F3F802214DF2206008
:10D4200001F0EEF884214DF2216001F0E9F80221CB
:10D430004DF2226001F0E4F8A4214DF2236001F0E6
:10D44000DFF802214DF2246001F0DAF8B7214DF245
:10D45000256001F0D5F802214DF2266001F0D0F8E8
:10D46000CF214DF2276001F0CBF802214DF2286068
:10D4700001F0C6F8DE214DF2296001F0C1F8022169
:10D480004DF22A6001F0BCF8F2214DF22B6001F060
:10D49000B7F802214DF22C6001F0B2F8FE214DF2F6
:10D4A0002D6001F0ADF803214DF22E6001F0A8F8D7
:10D4B00010214DF22F6001F0A3F803214DF23060EE
:10D4C00001F09EF833214DF2316001F099F803210B
:10D4D0004DF2326001F094F86D214DF2336001F0AD
:10D4E0008FF855214FF4704001F08AF8AA214FF2CD
:10D4F000010001F085F852214FF2020001F080F89E
:10D5000008214FF2030001F07BF800214FF20400E4
:10D5100001F076F8CC214FF4314001F071F8002190
:10D520004BF2011001F06CF805214FF4364001F088
:10D5300067F870214FF4374001F062F870214BF228
:10D54000017001F05DF801214FF4384001F058F806
:10D5500003214BF6010001F053F803214BF60200C2
:10D5600001F04EF803214BF6030001F049F80221C7
:10D570004FF43C4001F044F800214BF6014001F02B
:10D580003FF800214BF6024001F03AF8D0214FF469
:10D59000494001F035F802214CF6011001F030F855
:10D5A00050214CF6021001F02BF850214CF60310DC
:10D5B00001F026F850214CF6041001F021F800216A
:10D5C0004FF4545001F01CF855214FF4685001F00D
:10D5D00017F84FF4885000F0FDFF7820F8F7B2FEFE
:10D5E0004FF4245000F0F6FF10BD10B5E22000F01B
:10D5F000F1FF1D2000F0E2FF022000F0DFFF042019
:10D6000000F0DCFF6420F8F79DFEE02000F0E2FF70
:10D61000012000F0D3FF0A20F8F788FEE02000F098
:10D62000D9FF032000F0CAFF0C20F8F77FFE01208D
:10D6300000F0D0FF0A20F8F779FEE62000F0CAFFDC
:10D640002F2000F0BBFFFF2000F0B8FFFF2000F00C
:10D65000B5FFB02000F0BEFF202000F0AFFF00209B
:10D6600000F0ACFF032000F0A9FF40F21F3000F0F3
:10D67000A5FF012000F0A2FF40F2DF1000F09EFFA6
:10D68000002000F09BFFB42000F0A4FF042000F075
:10D6900095FF40F21F4000F091FF002000F08EFF48
:10D6A0002E2000F08BFF002000F088FF002000F00B
:10D6B00085FF002000F082FF002000F07FFFB620F1
:10D6C00000F088FF022000F079FF4FF4037000F0B3
:10D6D00075FF002000F072FF172000F06FFF15208B
:10D6E00000F06CFF002000F069FF002000F066FFF2
:10D6F000F02000F06FFF032000F060FF292000F011
:10D7000069FFD02000F066FF002000F057FFBE2028
:10D7100000F060FF052000F051FFFE2000F04EFFFA
:10D72000012000F04BFF002000F048FF002000F037
:10D7300045FF002000F042FFB82000F04BFF03201F
:10D7400000F03CFF012000F039FFBA2000F042FF5A
:10D75000012000F033FF10BD10B5112000F03AFF9A
:10D760007820F8F7E3FD362000F034FF002000F0C9
:10D7700025FF3A2000F02EFF052000F01FFFB22009
:10D7800000F028FF0C2000F019FF0C2000F016FF1D
:10D79000002000F013FF332000F010FF332000F0D2
:10D7A0000DFFB72000F016FF352000F007FFBB206B
:10D7B00000F010FF322000F001FFC02000F00AFF4F
:10D7C0000C2000F0FBFEC22000F004FF012000F05E
:10D7D000F5FEC32000F0FEFE102000F0EFFEC42096
:10D7E00000F0F8FE202000F0E9FEC62000F0F2FE76
:10D7F0000F2000F0E3FED02000F0ECFEA42000F0AB
:10D80000DDFEA12000F0DAFEE02000F0E3FED020F3
:10D8100000F0D4FE002000F0D1FE022000F0CEFE89
:10D82000072000F0CBFE0A2000F0C8FE282000F000
:10D83000C5FE322000F0C2FE442000F0BFFE4220B0
:10D8400000F0BCFE062000F0B9FE0E2000F0B6FE8F
:10D85000122000F0B3FE142000F0B0FE172000F0FC
:10D86000ADFEE12000F0B6FED02000F0A7FE0020C3
:10D8700000F0A4FE022000F0A1FE072000F09EFEB2
:10D880000A2000F09BFE282000F098FE312000F0D6
:10D8900095FE542000F092FE472000F08FFE0E20EF
:10D8A00000F08CFE1C2000F089FE172000F086FEA0
:10D8B0001B2000F083FE1E2000F080FE2A2000F0D6
:10D8C00089FE002000F07AFE002000F077FE0020A4
:10D8D00000F074FEEF2000F071FE2B2000F07AFEC5
:10D8E000002000F06BFE002000F068FE012000F038
:10D8F00065FE3F2000F062FE292000F06BFE10BDA7
:10D9000010B5112000F066FE7820F8F70FFD3620E4
:10D9100000F060FE482000F051FE3A2000F05AFE70
:10D92000552000F04BFEF02000F054FEC32000F024
:10D9300045FEF02000F04EFE962000F03FFEB420A1
:10D9400000F048FE012000F039FEB62000F042FE53
:10D950000A2000F033FEA22000F030FEB72000F0D5
:10D9600039FEC62000F02AFEB92000F033FE022066
:10D9700000F024FEE02000F021FEC02000F02AFE8E
:10D98000802000F01BFE162000F018FEC12000F0E1
:10D9900021FE192000F012FEC22000F01BFEA7207D
:10D9A00000F00CFEC52000F015FE162000F006FE6B
:10D9B000E82000F00FFE402000F000FE8A2000F07A
:10D9C000FDFD002000F0FAFD002000F0F7FD292009
:10D9D00000F0F4FD192000F0F1FDA52000F0EEFDAF
:10D9E000332000F0EBFDE02000F0F4FDF02000F02B
:10D9F000E5FD072000F0E2FD0D2000F0DFFD042032
:10DA000000F0DCFD052000F0D9FD142000F0D6FD6B
:10DA1000362000F0D3FD542000F0D0FD4C2000F063
:10DA2000CDFD382000F0CAFD132000F0C7FD142002
:10DA300000F0C4FD2E2000F0C1FD342000F0BEFD3A
:10DA4000E12000F0C7FDF02000F0B8FD102000F04C
:10DA5000B5FD142000F0B2FD0E2000F0AFFD0C204B
:10DA600000F0ACFD082000F0A9FD352000F0A6FD77
:10DA7000442000F0A3FD4C2000F0A0FD262000F083
:10DA80009DFD102000F09AFD122000F097FD2C2043
:10DA900000F094FD322000F091FDF02000F09AFD9E
:10DAA0003C2000F08BFDF02000F094FD692000F098
:10DAB00085FD7820F8F73AFC212000F08BFD292025
:10DAC00000F088FD10BD00002DE9F04F05460E4620
:10DAD00017469846DDF824A04FF0000B781B401C39
:10DAE0001FFA80FB344613E02146284600F0D0FBA5
:10DAF00000F07CFD4FF0000906E00749A1F800A006
:10DB000009F101001FFA80F9D945F6DB601C84B2E7
:10DB10004445E9DDBDE8F08F8000006C00B595B0AC
:10DB200000BF00BF00200190F848006840F04000AE
:10DB3000F64908600846006800F04000019000BF08
:10DB400000BF00BF00BF00BF002001900846006872
:10DB500040F0080008600846006800F008000190E6
:10DB600000BF00BF00BF00BF00BF002001900846FB
:10DB7000006840F0080008600846006800F00800EF
:10DB8000019000BF00BF00BF00BF00BF0020019098
:10DB90000846006840F0400008600846006800F051
:10DBA0004000019000BF00BF00BF00BF00BF0020C9
:10DBB00001900846006840F00200086008460068CE
:10DBC00000F00200019000BF00BF00BF8814109059
:10DBD0000220119001201290022013900C2014902A
:10DBE00010A9CB48F4F710F82020109010A9C948CC
:10DBF000F4F70AF81020109010A9C648F4F704F8BA
:10DC00004FF48050109010A9C348F3F7FDFF4FF474
:10DC1000004010900120119010A9C048F3F7F4FFC4
:10DC20004FF02040BE490860BE484860062088602A
:10DC30000021BB48C1601021416100218161C161A7
:10DC400041624FF4805181620021C1624FF48041F2
:10DC500001630021416381630F20099000200A9035
:10DC60003C200B9000200F90092002900020039090
:10DC7000092004900020089002AA09A9A848F4F7F6
:10DC80002BFD3220F8F752FBD32000F0A3FC00F06C
:10DC9000D5F9A549888000F0D1F9A349888000F022
:10DCA000CDF9A1498880084680884FF6FF7101EAC6
:10DCB00000209D49888000F0C1F99B49898808436C
:10DCC000994988800846808849F2413188427CD051
:10DCD000042000F07FFC00F0B1F99349888000F047
:10DCE000ADF99149888000F0A9F98F4988800846EC
:10DCF00080884FF6FF7101EA00208B49888000F090
:10DD00009DF9894989880843874988800846808821
:10DD100048F25251884203D147F289708249888083
:10DD20008148808847F289718842D0D0D42000F0A1
:10DD300051FC00F083F97C49888000F07FF97A4932
:10DD4000888000F07BF978498880084680884FF603
:10DD5000FF7101EA00207449888000F06FF9724970
:10DD600089880843704988800846808845F21031C8
:10DD70008842ACD0D32000F02DFC00F05FF96A4956
:10DD8000888000F05BF96849888000F057F966499F
:10DD90008880084680884FF6FF7101EA00206249BA
:10DDA000888000F04BF96049898808435E49888083
:10DDB0000846808847F29671884288D055214FF4F2
:10DDC000704000F01DFCAA2100E07EE04FF201004F
:10DDD00000F016FC52214FF2020000F011FC082165
:10DDE0004FF2030000F00CFC01214FF2040000F0A0
:10DDF00007FC4FF4454000F0EDFB00F01FF94A49E5
:10DE00008880084680884FF6FF7101EA0020464965
:10DE100088804CF2015000F0DDFB00F00FF9424920
:10DE200089880843404988800520F8F77FFA3E48F2
:10DE3000808845F21051884247D0D32000F0CAFBB9
:10DE400000F0FCF83849888000F0F8F836498880FE
:10DE500000F0F4F834498880084680884FF6FF7156
:10DE600001EA00203049888000F0E8F82E498988CE
:10DE700008432D4988800846808849F60601884273
:10DE800023D0A12000F0A6FB00F0D8F82649888016
:10DE900000F0D4F824498880084680884FF6FF7146
:10DEA00001EA00202049888000F0C8F81E498988CE
:10DEB00008431D4988800846808845F26171884280
:10DEC00003D141F66310184988801748818817A04C
:10DED000F6F7E8FF1448808847F28971884202D13A
:10DEE000FFF73AFC4EE01048808849F24131884201
:10DEF00002D1FDF7CDF945E00B48808845F210319D
:10DF0000884219D1FDF77AFC3CE00000303802402D
:10DF100000180240000C02400014024000040240BD
:10DF200074040020040100A0C40400204C434420D9
:10DF300049443A25780D0A003A48808847F296719C
:10DF4000884202D1FFF7DCFC1CE03648808845F2AD
:10DF50001051884202D1FEF7CAFB13E03148808895
:10DF600049F60601884202D1FDF7A8FA0AE02D48D9
:10DF7000808841F66311884204D1FFF736FB6420A4
:10DF800000F0ECFA2748808847F2897188420BD06C
:10DF90002448808849F24131884205D02148808850
:10DFA00041F6631188420AD10320029004901E4971
:10DFB0000B6B8A68486802A9F2F7BEFF21E0194896
:10DFC000808845F21031884211D01648808847F287
:10DFD000967188420BD01348808845F210518842D0
:10DFE00005D01048808849F60601884209D10220F0
:10DFF000029004900C490B6B8A68486802A9F2F7FA
:10E000009BFF0020FDF77EF800BF0122D1030748E7
:10E01000F3F70EFF00BF4FF6FF70FDF759F815B08C
:10E0200000BD0000C404002074040020000402406D
:10E0300000BF011EA0F10100FBD1704708B502200E
:10E04000FFF7F6FF024800880090BDF8000008BD09
:10E050008000006CF0B50546002400278B488079CD
:10E06000012805D18948808841F66311884208D18A
:10E0700086488079F0B98548808841F663118842E6
:10E0800018D1082D15D2DFE805F00406080A0C0E99
:10E09000101206250DE007250BE0042509E00525F3
:10E0A00007E0012505E0002503E0032501E0022546
:10E0B00000BF00BF082D1CD2DFE805F00406090CE4
:10E0C0000F12151800BF14E044F0800411E044F072
:10E0D00040040EE044F0C0040BE044F0200408E0EB
:10E0E00044F0600405E044F0A00402E044F0E004E1
:10E0F00000BF00BF36276548808845F2105188422E
:10E1000000D13F026148808849F2413188420BD0FA
:10E110005E48808847F28971884205D05B488088D4
:10E1200047F29671884201D144F0080421463846EE
:10E1300000F066FA5548808841F6631188421DD088
:10E1400004F0200068B1514800885049498888424D
:10E1500014DA4E48068840884C49088008464680B4
:10E160000CE04A48008849494988884206DD47480A
:10E17000068840884549088008464680434880888C
:10E1800045F21051884252D14049488900F022FAA4
:10E19000002000F013FA3D494989491C88B200F07B
:10E1A00019FA002000F00AFA38494989891C88B216
:10E1B00000F010FA35490988491EC1F30F2000F01C
:10E1C000FDF932494989C91C88B200F003FA2F4988
:10E1D0000978491EC8B200F0F1F92C49888900F08D
:10E1E000F9F9002000F0EAF928498989491C88B228
:10E1F00000F0F0F9002000F0E1F924498989891C38
:10E2000088B200F0E7F921494988491EC1F30F207F
:10E2100000F0D4F91D498989C91C88B200F0DAF9E7
:10E220001A498978491EC8B200F0C8F92DE017498B
:10E23000488900F0CFF9002000F0C0F9002000F07C
:10E24000BDF912490988491EC1F30F2000F0B6F943
:10E250000E490978491EC8B200F0B0F90B49888907
:10E2600000F0B8F9002000F0A9F9002000F0A6F9AC
:10E2700006494988491EC1F30F2000F09FF9034960
:10E280008978491EC8B200F099F9F0BDC404002095
:10E2900010B502460C464548808841F66311884215
:10E2A00047D142488079A8B940480088401E801A6A
:10E2B00082B23E49488900F08DF9002000F07EF9D5
:10E2C000002000F07BF9101200F078F9D0B200F0D5
:10E2D00075F916E03549488900F07CF9101200F014
:10E2E0006DF9D0B200F06AF930490988491EC1F3CE
:10E2F0000F2000F063F92D490978491EC8B200F0DB
:10E300005DF92A49888900F065F9201200F056F974
:10E31000E0B200F053F925494988491EC1F30F20A6
:10E3200000F04CF921498978491EC8B200F046F93D
:10E330003AE01E48808845F21051884220D11B499E
:10E34000488900F047F9101200F038F91749498957
:10E35000491C88B200F03EF9D0B200F02FF9134901
:10E36000888900F037F9201200F028F90F498989CF
:10E37000491C88B200F02EF9E0B200F01FF913E05A
:10E380000A49488900F026F9101200F017F9D0B2B6
:10E3900000F014F90549888900F01CF9201200F0FA
:10E3A0000DF9E0B200F00AF910BD0000C40400202D
:10E3B0002DE9FC4F80460E4615461C46B34600200C
:10E3C000019000902046E31704EB5373DB102146C5
:10E3D0004FEAE47C04EB5C7C4FEAEC0CA4EBCC0C45
:10E3E000BCF1000F02D04FF0010C01E04FF0000C27
:10E3F0006344224604EBD27C4FEA6C0C03FB0CF323
:10E40000DBB20193A5F12000C5B20C2C06D0102C74
:10E410000BD0182C0ED0202C18D112E005EB4500A3
:10E420002D4901EB8000009012E02C4800EB051014
:10E4300000900DE005EBC500294901EB800000903C
:10E4400006E0284800EB8510009001E0BDE8FC8F55
:10E4500000BF00273AE0009810F807904FF0000A3C
:10E460002EE009F0800028B1314640460C9AFCF7B6
:10E47000FFFE07E00B9828B91B483146026840466A
:10E48000FCF7F6FE4FEA49604FEA1069701C86B24D
:10E4900016484088B04200DCD8E7A6EB0B00A0424B
:10E4A0000AD15E4608F101001FFA80F80F48008883
:10E4B000404500DCCAE706E00AF1010000F0FF0A6F
:10E4C000BAF1080FCDDB00BF781CC7B201988742B4
:10E4D000C1DB00BFBAE70000F4E1010868E601080B
:10E4E00058EC0108B4F901084C000020C4040020D5
:10E4F0002DE9FC4F04460D4690469946DDE90C7A1D
:10E500000B9E04F0FF0B08EB04001FFA80F809EBE8
:10E5100005001FFA80F917E0444502DB5C46A819A4
:10E5200085B24D4500DB15E00020CDE9000A3A78C0
:10E53000334629462046FFF73BFF304606EBD071B5
:10E5400004EB61018CB27F1C38787E2802DC3878BD
:10E550002028E1DA00BFBDE8FC8F000070B52DED8A
:10E56000048B0446BE2000F035F8052000F026F8A4
:10E570002046F2F7C9F841EC190B9FED0E0B53EC56
:10E58000102BF1F7E0FF41EC180BF2F7CAF885B257
:10E59000284600F013F8012000F010F8FF2000F0EA
:10E5A0000DF8002000F00AF8002000F007F8BDEC9C
:10E5B000048B70BD666666666666044001B5BDF88C
:10E5C00000000090BDF800000149088008BD00006F
:10E5D0008000006C01B5BDF800000090BDF800009F
:10E5E0000149088008BD00007E00006C02480089D7
:10E5F0000249088070470000C40400207E00006CBF
:10E60000034A10804FF0D842A2F8801070470000F3
:10E610007E00006C00B587B000BF00BF00200190F5
:10E620002048006840F020001E4908600846006845
:10E6300000F02000019000BF00BF00BF00BF00BF7E
:10E64000002001900846006840F02000086008465D
:10E65000006800F02000019000BF00BF00BF481517
:10E6600002900120039004900220059002A90E4818
:10E67000F3F7CAFA4FF48060029002A90A48F3F750
:10E68000C3FA00BF012251020748F3F7D1FB00BFD4
:10E6900000BF012291020448F3F7CAFB00BF07B094
:10E6A00000BD0000303802400014024000BF0AE004
:10E6B00000BF4FF480610448F3F7B0FB00BF4FF494
:10E6C0007A700DF0F5FFF3E7001402401CB5044624
:10E6D000062084F830002148007884F82A001F487A
:10E6E00041782B2001551D4881782C2001551B486D
:10E6F000C1782D200155194801792E200155174860
:10E7000041792F20015540F2DC5020850322002161
:10E7100001200EF091FB12490860022043022246BC
:10E720001049009010A006F0BDF901900E2084F869
:10E73000310004230F4802680F4801680F48F2F7C0
:10E74000A7FD04230E4802680E4801680B48F2F743
:10E7500059FD0A48F3F71FF91CBD00007C5A01203F
:10E76000C4020020C99800086574685F7468726507
:10E77000616400005C00002054000020240500209B
:10E7800058000020500000202DE9F84F0024A24638
:10E79000A046002000903A48F2F7BCFD10B10020DE
:10E7A000BDE8F88F3648808F1FFA80FB3448D0F8D8
:10E7B00040904FF4C1725946002003F05FFD0746B8
:10E7C000002F32D02E48066B00243D462BE0B5F8D2
:10E7D0000A804FF0000A16E040F2F4531A1B09EBCE
:10E7E00004016B6803EB0A00F1F7A2FDF668D6F8A6
:10E7F000089040F2F450001BA8EB000840F2F450DF
:10E80000001B8244002408EB040040F2F4518842CB
:10E81000E2D809EB04016A6802EB0A004246F1F70C
:10E8200087FD44442D68002DD1D11548066B00208A
:10E83000009007E0306840F000403060F6680098D3
:10E84000401C00900E48816B00988142F2D8002154
:10E850000B488163006800F58050406900F080003B
:10E8600058B180210648006800F5805041610021C0
:10E870000348006800F580508160384690E700004A
:10E88000240500202DE9F84F8B463748C06A806880
:10E8900000904FF0000900240026A2463248D0F82C
:10E8A0002C8000BF5D463FE0D8F8000000F000403B
:10E8B00010B16FF007073FE06E894FF0000A23E0C8
:10E8C00040F2F4531A1B6B6803EB0A01009B181902
:10E8D000F1F72EFDD8F80C80D8F8000000F00040C9
:10E8E00010B16FF0070727E0D8F80800009040F259
:10E8F000F450001B361A40F2F450001B824440F2E0
:10E90000F450001B81440024301940F2F451884235
:10E91000D6D86A6802EB0A01009A10193246F1F75C
:10E9200007FD3444B1442D68002DBDD149460E4841
:10E93000F3F783F8002700BF0B48006800F580500C
:10E94000406900F0200058B120210748006800F518
:10E950008050416100210448006800F5805041600A
:10E960003846BDE8F88F0000240500202DE9F0416D
:10E97000C4B006460C4615464FF4807104A8F1F762
:10E98000FEFC4FF4807003902046F1F721FD07460E
:10E990003046F1F71DFD804603A804A93B462246F8
:10E9A000CDE9001041463046FAF7E6FF04A92846B3
:10E9B000039A00F003F844B0BDE8F081F0B50346D7
:10E9C00000201EE00E5CF71706EB17773F1107F1EA
:10E9D00030050E5CF71706EB17773F11A6EB07170C
:10E9E0003037FCB2392D01DDEE1DF5B2392C01DDD9
:10E9F000E61DF4B203F81050012606EB40069C55C4
:10EA0000401C9042DEDB002603F81260F0BDC021FE
:10EA10008171A822C271012202721B224272B821A6
:10EA20000170AE2141701D2181700021C170012152
:10EA3000017100214171C0218172A822C27201229C
:10EA400002731E224273FF218173FF22C27302747C
:10EA500000224274C0218174A822C274012202756E
:10EA6000427500218175704730B587B000250021BF
:10EA700008460BF05DFBFAF75BFE10B1012007B012
:10EA800030BD2948FFF7C3FF06E0681CC5B2052D5D
:10EA900002DD00250320F2E7FAF7A2FD0028F4D1F9
:10EAA00006900590049021482149002204ABCDE94D
:10EAB0000021029005AA06A91E4803F0D5F80446D5
:10EAC0000CB90420DBE71B4803F0AEFA194890F8B4
:10EAD0003100C0F3800018B1164803F051FB02E08A
:10EAE000144803F0A9FA134800F0A8F91249114894
:10EAF00003F0D4FA03204FF480730E4A0F490090BC
:10EB00000FA005F0CFFF039000200749C875887556
:10EB100004208301074A0D4900900DA005F0C2FFB3
:10EB200003900020ABE700007C5A01205DA20108A1
:10EB300061980008985A01203DEE0008B9EE0008DF
:10EB40006574685F6C696E6B00000000EDEF000893
:10EB50006574685F64686370000000002DE9F0412F
:10EB6000044625466868804705F060FE06460D4964
:10EB7000286809684718B81BB0F1004F01D301207D
:10EB800000E0002030B1296888192246064906F0C5
:10EB900001F804E022460449384605F0FBFFBDE8D1
:10EBA000F0810000980200205DEB00081CB521A058
:10EBB00000F0D0F80546D5E9032001682A48F1F7AE
:10EBC000B7FB4FF49671002002F0D8FF04462246AE
:10EBD000264927A0FFF7CAFE1C212E48F1F7CFFBDC
:10EBE0002DA02C4908603CA0486008468460642041
:10EBF000888100204861087648760861214602F045
:10EC0000ABFF01F029FD3B490860224801463A4B21
:10EC100040F25B72CDE9001013493648006801F0FC
:10EC200001FA05E00CF03AF94FF47A700DF040FD6E
:10EC3000F8E700006B3077796451416F6C30392E02
:10EC4000696F742D61732D6D7174742E636E2D73E5
:10EC500068616E676861692E616C6979756E63734E
:10EC60002E636F6D00000000CC0200209017020898
:10EC700063653837346665343838643966346330F0
:10EC80003535363562373764343861316564343947
:10EC900000000000985B0120616C695F736572760B
:10ECA00065725F746573747C7365637572656D6F8F
:10ECB00064653D332C7369676E6D6574686F643D80
:10ECC000686D6163736861312C74696D657374611B
:10ECD0006D703D3738397C00616C695F73657276A1
:10ECE00065725F74657374266B3077796451416F18
:10ECF0006C303900D0020020FD06010808B500BFC5
:10ED000000BF12480068E0B111480068C8B10EF0B9
:10ED100043FE04464FF0FF300023224601210090BD
:10ED20000A4800680FF002FA0EF036FE04464FF073
:10ED3000FF300023224601210090054800680FF0B3
:10ED4000F5F9FFF733FF00BFFEE7000020000020C9
:10ED50002400002038B504466946204602F022FF10
:10ED6000054635B100BF00BFD2201349086000201E
:10ED700038BD1248009901601149086000204860C0
:10ED80004FF4807221460F48F1F716FB00200D4921
:10ED900081F8000108460C49086000200B49086012
:10EDA000084609494860022088600420C860044879
:10EDB00008610846DCE70000C8010020D0010020FF
:10EDC000D4010020D4640020C0640020CC010020C5
:10EDD0000146080601F47F4240EA022001F47F0266
:10EDE00040EA122040EA1160704701460806000C14
:10EDF00040EA11207047000008B50020009000BFD5
:10EE00006846804204D000BF0B48F6F74BF800BFBD
:10EE100000BF00BF00BF05F0EDFB00F07DFD01F07D
:10EE20002FF803F093F80BF0E9FB06F039FFF9F740
:10EE3000BDFA05F01DFF08BDD414020810B5044644
:10EE400094F8310000F0010030B10120064908704B
:10EE500006A0F6F727F805E00520034908700CA086
:10EE6000F6F720F810BD0000C802002054686520A5
:10EE70006E6574776F726B206361626C6520697375
:10EE800020636F6E6E6563746564200D0A00000078
:10EE9000546865206E6574776F726B206361626C75
:10EEA00065206973206E6F7420636F6E6E65637486
:10EEB0006564200D0A00000008B50446002000909B
:10EEC0002646002533E06A4601211948F2F71AFD6B
:10EED000009800F00400B0B900201649C8756D1CF8
:10EEE000022D00DB23E00520134908703046F8F7B7
:10EEF0008FFD0F48F2F778FD304603F09DF830465D
:10EF000003F0D0F80FE000250A48C07D58B9012071
:10EF10000849C8750648F2F73EFD304603F030F95F
:10EF2000304603F0F3F864200DF0C2FB00BFCAE7DF
:10EF3000240500207C5A0120C80200202DE9F04160
:10EF400007460D46164634461DB9FA20E16808709A
:10EF500005E00020E1680870606829680160A06829
:10EF600005F0F2FCBDE8F081F8B505462C46002618
:10EF700000962346114AD4E90001F9F7DFF9E16868
:10EF80000870E06890F90000401DA8B90C4805F031
:10EF90000BFC0021A06805F0A5FA094805F0A2FBCA
:10EFA00000BFE06890F90000401D20B900BF05A037
:10EFB000F5F778FF00BF00BFF8BD00003DEF000887
:10EFC000E8010020646F5F676574686F737462792D
:10EFD0006E616D65207374696C6C20696E2070724F
:10EFE0006F677265737321210000000088B080464E
:10EFF000444600250026002783E1C2480078012806
:10F0000004D0022813D0052879D170E10020606077
:10F01000A060E0606060A060E0600220B949087014
:10F02000B9A0F5F73FFF2046F8F774FC64E12046ED
:10F03000F8F7F4FC002863D00320B2490870BC48FC
:10F0400045688668C768201DFBF780FC82465246EB
:10F05000B8A103A8F5F736FF03A9B7A0F5F722FF7B
:10F06000002D4BD00220BF498875084640790979A8
:10F07000BC4AD278CDE900210290BA488378427820
:10F080000178B9A0F5F70EFF290EB6484173290C97
:10F090000173290AC17201468D72407B00900846B7
:10F0A000037BC27A817ABEA0F5F7FCFE310EAD4833
:10F0B0004174310C0174310AC17301468E73407C76
:10F0C00000900846037CC27B817BC1A0F5F7EAFE75
:10F0D000390EA4484175390C0175390AC1740146CD
:10F0E0008F74407D00900846037DC27C817CC4A063
:10F0F000F5F7D8FE9B48816902208847F6E0FAE0E0
:10F10000D4F8249099F806000428F7DD04207D49FE
:10F110000870FF20934988750846807A0106914857
:10F12000C07A41EA00418F48007B41EA00208D49C6
:10F13000497B084302068B48807A01068948C07AD9
:10F1400041EA00418748007B41EA00218548407B35
:10F15000014301F47F4042EA00228248807A01069E
:10F160008048C07A41EA00417E48007B41EA0020A5
:10F170007C49497B084300F47F0042EA1022794829
:10F18000807A01067748C07A41EA00417548007BE1
:10F1900041EA00207349497B084342EA1060644910
:10F1A00048607048807B01066E48C07B41EA0041A0
:10F1B0006C48007C41EA00206A49497C0843020609
:10F1C0006848807B01066748C07B41EA004165488A
:10F1D000007C41EA00216348407C014301F47F4008
:10F1E00042EA00225F48807B01065E48C07B41EA1C
:10F1F00000415C48007C41EA00205A49497C0843B0
:10F2000000F47F0042EA10225648807B01065548F0
:10F21000C07B41EA00415348007C41EA002151484B
:10F22000407C014342EA1160414988604D48807C3E
:10F2300001064C48C07C41EA00414A48007D41EA51
:10F2400000204849497D084302064648807C010663
:10F250004448C07C41EA00414248007D41EA002028
:10F260004049497D084300F47F4042EA00223D487E
:10F27000807C01063B48C07C41EA00413948007D62
:10F2800041EA00213748407D014301F47F0042EA12
:10F2900010223448807C01063248C07C41EA00419B
:10F2A0003048007D41EA00212E48407D014342EA7A
:10F2B00011601F49C86001F10C031A1F091D204687
:10F2C00002F082FE201DFBF741FB8246524619A147
:10F2D00003A8F5F7F7FD56A0F5F7E4FD03A959A03B
:10F2E000F5F7E0FD1F4881690220884704E000200F
:10F2F0000449087000E000BF00BF4FF47A700DF0C1
:10F30000D7F97AE6C802002053746174653A204C3C
:10F310006F6F6B696E6720666F72204448435020A0
:10F32000736572766572202E2E2E0D0A0000000085
:10F33000985A012025730000495020616464726569
:10F3400073732061737369676E65642062792061ED
:10F350002044484350207365727665723A202573C5
:10F360000D0A00007C5A0120CDF8BFA8656EB5C417
:10F370004D4143B5D8D6B7CEAA3A2E2E2E2E2E2EDC
:10F380002E2E2E2E2E2E2E2E2E2E25642E25642E43
:10F3900025642E25642E25642E25640D0A000000A8
:10F3A000CDA8B9FD44484350BBF1C8A1B5BD4950F3
:10F3B000B5D8D6B72E2E2E2E2E2E2E2E2E2E2E2E0B
:10F3C0002E2E25642E25642E25642E25640D0A001C
:10F3D000CDA8B9FD44484350BBF1C8A1B5BDD7D3B2
:10F3E000CDF8D1DAC2EB2E2E2E2E2E2E2E2E2E2E34
:10F3F0002E2E25642E25642E25642E25640D0A00EC
:10F40000CDA8B9FD44484350BBF1C8A1B5BDB5C4B2
:10F41000C4ACC8CFCDF8B9D82E2E2E2E2E2E2E2E1F
:10F420002E2E25642E25642E25642E25640D0A00BB
:10F43000444843502054696D656F75742021212024
:10F440000D0A00005374617469632049502061649F
:10F4500064726573733A2025730D0A0008B5694616
:10F46000084800680DF042FF00BF009838B14FF027
:10F47000805005490860BFF34F8FBFF36F8F00BF07
:10F4800008BD0000C402002004ED00E0F8B5054608
:10F490000A462B4600200090002103F0010636B1F9
:10F4A000002A04DD13F8010B8DF80100521E1C46E2
:10F4B00003E034F8027B3944921E012AF9DC002A69
:10F4C00002DD20788DF80000BDF80000014488B20C
:10F4D00000EB114188B200EB114126B1C8B2C1F373
:10F4E000072747EA002188B2F8BDF0B503460C466D
:10F4F00000BF13F8011B14F8015BA9420FD041F0C3
:10F500002006612E08DB7A2E06DC45F02007BE427D
:10F5100001D00120F0BD01E00120FBE700BF521E39
:10F520000AB10029E5D10020F4E7000030B58BB026
:10F53000044604F0010038B340F2CF1041A120226C
:10F540001346CDE900210290C8220A210620FEF7C9
:10F55000CFFF40F2CF103DA11822CDE9002102904B
:10F560003E480288182328210620FEF7C1FF40F2FA
:10F57000CF103BA110221346CDE900210290C822F2
:10F5800046210620FEF7B4FF04F00200002857D001
:10F590004FF61F0036A110221346CDE9002102903C
:10F5A000C8226E210520FEF7A3FF3648807D022881
:10F5B0000DD13448407B3349097BCDE900103148F7
:10F5C000C37A827A30A103A8F5F77CFC0CE02D48C1
:10F5D000407B2C49097BCDE900102A48C37A827A06
:10F5E0002EA103A8F5F76EFC4FF61F0003A9102209
:10F5F0001346CDE900210290C82282210520FEF7A2
:10F6000077FFF9F7D3FF05466DB14FF61F0029A12B
:10F6100010221346CDE900210290C8229621052030
:10F62000FEF766FF0CE04FF61F0027A110221346DD
:10F63000CDE900210290C82296210520FEF758FF4F
:10F640000BB030BD53544D33320000006C7749503D
:10F65000204D515454416C6979756E00C4040020EA
:10F6600041544F4D40414C49454E54454B000000DC
:10F670006C77495020496E697420537563636573D4
:10F68000736564007C5A0120444843502049503A35
:10F6900025642E25642E25642E2564005374617420
:10F6A00069632049503A25642E25642E25642E2551
:10F6B0006400000045746865726E6574205370655F
:10F6C00065643A3130304D0045746865726E65741A
:10F6D0002053706565643A31304D000010B5F2F783
:10F6E000C5FB0723022208214FF4A87005F074F926
:10F6F000A820F6F7FFFD4FF4E1300BF059FC0F485E
:10F70000416854208847FEF785FFFEF707FAFBF7AC
:10F7100061FC04F063FCF6F795F8F8F751FA002065
:10F7200002F084F9022002F081F9012002F07EF952
:10F73000F6F79EF9FAF708F9002010BDB000002096
:10F740002DE9F04106460F4606FB07F4A0B2A042A1
:10F7500004D000BF00BF0020BDE8F081A0B200F0DF
:10F7600051F905461DB121462846F0F708FE284606
:10F77000F2E7000070B5054615B900BF00BF70BDC7
:10F7800005F0030088B100BF00BF38A0F5F78AFB81
:10F7900000BF00BF00BF00BF00BF04F09DFE0646D3
:10F7A000304604F0F7FE00BFE9E7A5F10804384849
:10F7B0000068844205D305F10C0036490968884287
:10F7C00011D900BF00BF34A0F5F76CFB00BF00BF2C
:10F7D00000BF00BF00BF04F07FFE0646304604F0C5
:10F7E000D9FE00BFCBE7334804F07CFF2079A0B9F5
:10F7F00000BF00BF30A0F5F755FB00BF00BF2D488C
:10F8000004F0D2FF00BF00BF00BF04F065FE064653
:10F81000304604F0BFFE00BFB1E7204600F0C6F856
:10F82000A0B900BF00BF2EA0F5F73CFB00BF00BF92
:10F83000204804F0B9FF00BF00BF00BF04F04CFE39
:10F840000646304604F0A6FE00BF98E7002020716F
:10F8500030480068844201D22E480460204603F0FC
:10F86000DDFB144804F0A0FF00BF88E76D656D5F05
:10F87000667265653A2073616E69747920636865A4
:10F88000636B20616C69676E6D656E7400000000CB
:10F89000F8010020FC0100206D656D5F66726565F2
:10F8A0003A20696C6C6567616C206D656D6F72796B
:10F8B00000000000000200206D656D5F66726565E6
:10F8C0003A20696C6C6567616C206D656D6F72794B
:10F8D0003A20646F75626C65206672656500000091
:10F8E0006D656D5F667265653A20696C6C65676110
:10F8F0006C206D656D6F72793A206E6F6E2D6C693C
:10F900006E6B65643A20646F75626C652066726523
:10F91000650000000402002010B500BF00BF1748BA
:10F9200020F0030016490860084604684FF4C840F8
:10F9300020800020608020714FF4C84004F026FA37
:10F94000104908600120096808714FF4C8400D494A
:10F95000096808800B4909684880094800680A4915
:10F9600008600A4804F002FF30B100BF00BF08A0E1
:10F97000F5F798FA00BF00BF10BD0000736A0020C1
:10F98000F8010020FC0100200402002000020020F9
:10F990006661696C656420746F206372656174656B
:10F9A000206D656D5F6D7574657800002DE9F0411F
:10F9B0000446204600F046F90546208804F0E6F9A2
:10F9C0000646608804F0E2F907462088B0F5C84F83
:10F9D00010D86088B0F5C84F0CD86088A84202D013
:10F9E0003888A84206D106480068864205D070884B
:10F9F000A84202D00020BDE8F0810120FBE7000012
:10FA0000FC0100202DE9F0478146B9F1000F02D139
:10FA10000020BDE8F08709F1030020F0030085B263
:10FA20000C2D00D20C25B5F5C84F01D84D4501DA93
:10FA30000020EEE7534804F055FE5348006800F0FC
:10FA400001F9064692E0304604F0A0F90446207918
:10FA500000286AD1218806F10800081AA84264D358
:10FA6000218806F10800091A05F11400814225D306
:10FA700006F1080028441FFA80F800BFB8F5C84F07
:10FA800004D100BF41A0F5F70DFA00BF00BF40460A
:10FA900004F07CF9074600213971218839807E8085
:10FAA000A4F80080012020713888B0F5C84F07D035
:10FAB000388804F06BF9A0F8028001E00120207181
:10FAC00031480068844223D12F48D0F800A004E0D8
:10FAD000BAF8000004F05AF982469AF8040018B106
:10FAE0002F4800688245F3D12748C0F800A000BF26
:10FAF00000682B490968884208D0234800680079CB
:10FB000020B100BF27A0F5F7CDF900BF00BF00BFAF
:10FB10001C4804F049FE00BF04F1080028442049B5
:10FB20000968884206D900BF00E01BE024A0F5F771
:10FB3000B9F900BF00BF00BF04F0030020B100BF4F
:10FB40002BA0F5F7AFF900BF00BF00BF04F0030022
:10FB500020B100BF32A0F5F7A5F900BF00BF04F146
:10FB6000080056E7304604F011F90688C5F5C8408C
:10FB7000B0423FF668AF034804F016FE00BF00BF76
:10FB8000002046E70002002004020020696E766132
:10FB90006C6964206E6578742070747200000000D7
:10FBA000FC0100206D656D5F6D616C6C6F633A20C8
:10FBB000216C667265652D3E7573656400000000FA
:10FBC0006D656D5F6D616C6C6F633A20616C6C6F1D
:10FBD0006361746564206D656D6F7279206E6F74FA
:10FBE0002061626F76652072616D5F656E642E00C4
:10FBF0006D656D5F6D616C6C6F633A20616C6C6FED
:10FC00006361746564206D656D6F72792070726FC9
:10FC10007065726C7920616C69676E65642E000096
:10FC20006D656D5F6D616C6C6F633A2073616E69B9
:10FC3000747920636865636B20616C69676E6D65BC
:10FC40006E740000014602480088081A80B27047AE
:10FC5000F80100202DE9F84F81468B460BF1030097
:10FC600020F0030085B20C2D00D20C25B5F5C84F4D
:10FC700001D85D4502DA0020BDE8F88F00BF554885
:10FC80000068814503D354480068814504D300BF10
:10FC900052A0F5F707F900BF00BF4E480068814544
:10FCA00003D34D48006881450BD300BF00BF00BFA0
:10FCB00004F012FC0090009804F06CFC00BF484671
:10FCC000DAE7A9F108063046FFF7BCFF074631889E
:10FCD000C81B08381FFA80FA00BF554504DD00BF75
:10FCE00044A0F5F7DFF800BF00BF554501DD002057
:10FCF000C2E7554501D14846BEE7464804F0F2FC4C
:10FD0000308804F043F80446207978BB00BF30887F
:10FD1000B0F5C84F04D100BF3FA0F5F7C3F800BF4E
:10FD200000BF2088009007F1080028441FFA80F8DF
:10FD30003E480068A04204D1404604F027F83B4901
:10FD40000860404604F022F8044600202071009824
:10FD500020806780A6F800802088B0F5C84F04D0C6
:10FD6000208804F013F8A0F802802EE0FFE705F1E8
:10FD70001400504529D807F1080028441FFA80F8DC
:10FD800000BF3088B0F5C84F04D100BF22A0F5F7FE
:10FD900089F800BF00BF404603F0F8FF044623483F
:10FDA0000068844201D2214804600020207130881C
:10FDB00020806780A6F800802088B0F5C84F04D066
:10FDC000208803F0E3FFA0F80280124804F0ECFC66
:10FDD000484651E7F8010020FC0100206D656D5F89
:10FDE0007472696D3A206C6567616C206D656D6F2A
:10FDF000727900006D656D5F7472696D2063616E6C
:10FE0000206F6E6C7920736872696E6B206D656D02
:10FE10006F72790000020020696E76616C6964205F
:10FE20006E65787420707472000000000402002077
:10FE300070B504460D4600BF0E2C05DB00BF08A0C0
:10FE4000F5F730F800BF70BD00BF05B9FBE70B49FF
:10FE500051F824002946F8F705FD00BFF3E700003C
:10FE60006D656D705F667265653A207479706520A6
:10FE70003C204D454D505F4D41580000781202081E
:10FE800010B5002406E0054951F8240000F008F8F8
:10FE9000601C84B20E2CF6D310BD0000781202084C
:10FEA00010B50023C46823608368DB1C23F00301C2
:10FEB000002207E0C3681B680B60C3681960838871
:10FEC0001944521CC3889342F4DC10BD70B504463B
:10FED00000BF0E2C06DB00BF07A0F4F7E3FF00BF56
:10FEE000002070BD00BF0C4951F82400F8F7E6FC73
:10FEF00005462846F5E700006D656D705F6D616C25
:10FF00006C6F633A2074797065203C204D454D50EC
:10FF10005F4D415800000000781202082DE9F041C1
:10FF200005460E464FF00008002700BF25B900BF68
:10FF300011A0F4F7B7FF00BF00BF2C6804E0E08910
:10FF4000384407B2A0462468002CF8D100BF1E2F09
:10FF500004DD00BF11A0F4F7A5FF00BF00BFC7F18B
:10FF60001E00F081B8F1000F01D12E6001E0C8F849
:10FF70000060BDE8F08100006D7174745F617070A5
:10FF8000656E645F726571756573743A207461693A
:10FF90006C20213D204E554C4C0000006D71747456
:10FFA0005F617070656E645F726571756573743AD8
:10FFB0002074696D655F6265666F7265203C3D20E7
:10FFC0004D5154545F5245515F54494D454F55541E
:10FFD0000000000070B5044600BF24B900BF08A0AF
:10FFE000F4F760FF00BF00BF256804E02E682846D4
:10FFF00000F0F0FC3546002DF8D10020206070BDE7
:020000040801F1
:100000006D7174745F636C6561725F726571756543
:100010007374733A207461696C20213D204E554CF5
:100020004C0000002DE9FF4F87B004468B46159E1B
:100030004FF00A08002700200690059004900390D6
:1000400000BF24B900BFD4A0F4F72CFF00BF00BF4D
:1000500000BFBBF1000F04D100BFD8A0F4F722FF0E
:1000600000BF00BF00BF26B900BFDEA0F4F71AFF33
:1000700000BF00BF00BF306820B900BFE4A0F4F7A4
:1000800011FF00BF00BFA07A30B100BF00BF6FF00A
:1000900009000BB0BDE8F08F4FF4F8712046F0F77F
:1000A0006EF9149820610A986061B089608004211B
:1000B00004F11C0000F0F2FC3069002852D0706995
:1000C00000284FD047F00407307E00F0030047EAD5
:1000D000C007707E08B147F020073069F0F778F963
:1000E000054600BFFF2D07D900BFD6A0F4F7DAFE02
:1000F00000BF6FF00500CCE700BF00BF3DB900BFF7
:10010000E0A0F4F7CFFE00BF6FF00500C1E700BF2D
:10011000E8B206907069F0F75BF9054600BFFF2D65
:1001200007D900BFE7A0F4F7BDFE00BF6FF00500E0
:10013000AFE700BFE8B2059008F102000699084455
:10014000801C0599451800BFB5F5803F07D300BF57
:10015000EBA0F4F7A7FE00BF6FF0050099E700BF22
:100160001FFA85F87068002832D047F08007706861
:10017000F0F72EF9054600BFB5F5803F07D300BF65
:10018000EBA0F4F78FFE00BF6FF0050081E700BF22
:1001900000BF3DB900BFF648F4F784FE00BF6FF022
:1001A000050076E700BFA8B2049008F102000499A8
:1001B000451800BFB5F5803F07D300BFD0A0F4F7C6
:1001C00071FE00BF6FF0050063E700BF1FFA85F8FE
:1001D000B068002832D047F04007B068F0F7F8F870
:1001E000054600BFB5F5803F07D300BFE1A0F4F797
:1001F00059FE00BF6FF005004BE700BF00BF3DB9DF
:1002000000BFEC48F4F74EFE00BF6FF0050040E77A
:1002100000BFA8B2039008F102000399451800BF7F
:10022000B5F5803F07D300BFB5A0F4F73BFE00BF94
:100230006FF005002DE700BF1FFA85F847F00207B1
:100240003068F0F7C5F8054600BFB5F5803F07D325
:1002500000BFD9A0F4F726FE00BF6FF0050018E735
:1002600000BF1FFA85FA08F1020000EB0A0500BF83
:10027000B5F5803F07D300BFA1A0F4F713FE00BF80
:100280006FF0050005E700BF1FFA85F8414604F14D
:10029000EC0000F009FE10B94FF0FF30F9E6002045
:1002A00006F054FBE060E06810B94FF0FF30F0E674
:1002B0002146E06804F0B4FE0022CE49E06804F074
:1002C000B3FE8146B9F1000F02D000BF00BF5CE071
:1002D00000BF00BFC84BE0685946099A05F068F8AE
:1002E0008146B9F1000F02D000BF00BF4DE0C34905
:1002F000E06805F063FB0120A0720020034602467F
:100300000121CDE9000804F1EC0000F074FD0422A5
:10031000BBA104F1EC0000F099FD042104F1EC0014
:1003200000F0B9FD394604F1EC0000F0B4FDB189EC
:1003300004F1EC0000F0A3FD524604F1EC0031683A
:1003400000F084FD07F0040058B1316904F1EC00BD
:10035000069A00F07BFD716904F1EC00059A00F04B
:1003600075FD07F0800028B1716804F1EC00049A73
:1003700000F06CFD07F0400028B1B16804F1EC001A
:10038000039A00F063FD002083E6E06804F0D8FDE6
:100390000020E06048467CE66D7174745F636C69B0
:1003A000656E745F636F6E6E6563743A20636C692B
:1003B000656E7420213D204E554C4C006D71747457
:1003C0005F636C69656E745F636F6E6E6563743ACC
:1003D0002069705F6164647220213D204E554C4C51
:1003E000000000006D7174745F636C69656E745F0A
:1003F000636F6E6E6563743A20636C69656E745FDB
:10040000696E666F20213D204E554C4C0000000067
:100410006D7174745F636C69656E745F636F6E6E2B
:100420006563743A20636C69656E745F696E666FAC
:100430002D3E636C69656E745F696420213D204EBA
:10044000554C4C006D7174745F636C69656E745FBC
:10045000636F6E6E6563743A20636C69656E745F7A
:10046000696E666F2D3E77696C6C5F746F7069633F
:10047000206C656E677468206F766572666C6F7746
:10048000000000006D7174745F636C69656E745F69
:10049000636F6E6E6563743A20636C69656E745F3A
:1004A000696E666F2D3E77696C6C5F746F706963FF
:1004B000206C656E677468206D75737420626520AA
:1004C0003E2030006D7174745F636C69656E745F9B
:1004D000636F6E6E6563743A20636C69656E745FFA
:1004E000696E666F2D3E77696C6C5F6D7367206C0B
:1004F000656E677468206F766572666C6F77000052
:100500006D7174745F636C69656E745F636F6E6E3A
:100510006563743A2072656D61696E696E675F6CC0
:10052000656E677468206F766572666C6F77000021
:100530006D7174745F636C69656E745F636F6E6E0A
:100540006563743A20636C69656E745F696E666F8B
:100550002D3E636C69656E745F75736572206C65A2
:100560006E677468206F766572666C6F7700000046
:10057000081702086D7174745F636C69656E745F4F
:10058000636F6E6E6563743A20636C69656E745F49
:10059000696E666F2D3E636C69656E745F70617322
:1005A00073206C656E677468206F766572666C6F19
:1005B000770000004C1702086D7174745F636C69FA
:1005C000656E745F636F6E6E6563743A20636C6909
:1005D000656E745F696E666F2D3E636C69656E74DF
:1005E0005F6964206C656E677468206F76657266FB
:1005F0006C6F770034130208AD1701081918010851
:100600004D5154540000000010B5044600BF24B9F9
:1006100000BF06A0F4F746FC00BF00BFA07A032885
:1006200001D1012010BD0020FCE700006D71747441
:100630005F636C69656E745F69735F636F6E6E652F
:10064000637465643A20636C69656E7420213D2093
:100650004E554C4C0000000010B54FF4F8710120CD
:10066000FFF76EF810BD000070B504460D4600BFE0
:1006700024B900BF19A0F4F715FC00BF00BFE06863
:10068000C0B10021E06807F017FF0021E06805F025
:1006900095F90021E06808F079FAE06804F048FD77
:1006A000064626B1E06804F04BFC00BF00BF002006
:1006B000E06000BF04F11800FFF78CFC21460E48F3
:1006C00004F01EFBA07A40B10020A072606920B146
:1006D0002A462046D4E90413984770BD6D7174749E
:1006E0005F636C6F73653A20636C69656E7420217B
:1006F0003D204E554C4C0000D90801082DE9FE4321
:1007000007460C461646A04632461BA0D8F80010F5
:10071000F4F7C8FB002E28D13846FFF775FF0028F4
:1007200027D00023204A21492148006800F0D4FE48
:100730000120204B024620A1CDE90040384600F0C0
:10074000F3FE0546002D14D129462AA0F4F7AAFB92
:100750001F202FA110221346CDE900210290D222A2
:10076000AA210520FDF7C4FE03E031462EA0F4F7D0
:1007700099FBBDE8FE8300000D0A4D5154542063DF
:100780006C69656E74202225732220636F6E6E651E
:100790006374696F6E2063623A2073746174757359
:1007A0002025640D0A000000DD0901082D0A01085A
:1007B000D00200206D1301082F7379732F6B3077EF
:1007C000796451416F6C30392F616C695F73657268
:1007D0007665725F746573742F7468696E672F73C2
:1007E0006572766963652F70726F70657274792FA8
:1007F000736574006D7174745F737562736372698D
:1008000062652072657475726E3A2025640A000074
:100810006D7174745F73756273637269626520735E
:1008200075636365656400006D7174745F636F6EFA
:100830006E656374696F6E5F63623A2044697363C7
:100840006F6E6E65637465642C20726561736F6E84
:100850003A2025640A0000002DE9F04705460F46BE
:1008600090469946DDF820A0002600BF25B900BFBC
:1008700010A0F4F717FB00BF00BF002413E005EB46
:100880000410006805EB041188420AD105EB041638
:1008900000203060C6F80490C6F808A0A6F80C80C6
:1008A00003E0601CC4B2BC42E9D300BF3046BDE8DF
:1008B000F08700006D7174745F6372656174655FC9
:1008C000726571756573743A20725F6F626A732026
:1008D000213D204E554C4C007CB5054601262C464A
:1008E00000BF24B900BF31A0F4F7DCFA00BF00BF9D
:1008F000A07A022810D12088401C2080208800EB9C
:10090000800064284ADB00BF00BF40F2011120468E
:10091000FFF7AAFE002641E0A07A03283BD105217B
:1009200004F1180000F046FD6088002836DDA0883C
:10093000401CA080608800EBD07100EB6101A288B0
:1009400002EB8202914207DA00BF00BF40F20111C0
:100950002046FFF789FE0026208800EB8000618892
:10096000884214DB00BF00BF002104F1EC0000F05E
:100970009BFA98B100200090034602460C2101909A
:1009800004F1EC0000F037FA0020208006E0208817
:10099000401C208002E000BF00BF00262EB12A4686
:1009A0000B4941F2883004F0BFF87CBD6D7174745E
:1009B0005F6379636C69635F74696D65723A206324
:1009C0006C69656E7420213D204E554C4C00000032
:1009D000D908010800B10060704700002DE9F0411E
:1009E0000446884615461E46274633462A4603A037
:1009F0003968F4F757FABDE8F08100000D0A4D514F
:100A0000545420636C69656E74202225732220641F
:100A10006174612063623A206C656E2025642C202D
:100A2000666C6167732025640A0000002DE9F041BF
:100A300004460D461646274633462A4602A0396824
:100A4000F4F730FABDE8F0810D0A4D51545420639B
:100A50006C69656E742022257322207075626C6942
:100A600073682063623A20746F7069632025732C69
:100A7000206C656E2025640D0A00000070B50446E8
:100A80000D46606848B1032D01DA002301E06FF0E4
:100A90000C031946D4E90120904770BD70B5054696
:100AA0000E4600BF25B900BF08A0F4F7FBF900BF50
:100AB00000BF002406E005EB041005EB04110860FC
:100AC000601CC4B2B442F6D370BD00006D71747482
:100AD0005F696E69745F72657175657374733A20CE
:100AE000725F6F626A7320213D204E554C4C0000AE
:100AF0002DE9FF4F89B004468A461546002008902C
:100B000004F16C0000EB0A06CAF18000079094F82B
:100B10006C0007090020069000BFA06E504504D26B
:100B200000BF9DA0F4F7BEF900BF00BF00BF0AEBF5
:100B30000500802809DD00BFA0A0F4F7B3F900BFCD
:100B40004FF480700DB0BDE8F08F00BF022F1CD1B4
:100B5000A07A022817D1022D02DA00BF00BF17E1E8
:100B60007078089000BF00BF089800280AD1208044
:100B70000320A0726069002804D0D4E90413204641
:100B8000089A984702E100BF00E10D2F01D100BF94
:100B9000FCE0032F7ED100200590049594F86C00B2
:100BA000C0F341000390A06E80286AD8039808B172
:100BB000022000E0002001900198801CA84202DD84
:100BC00000BF00BFE4E096F80090707800EB0920C9
:100BD0001FFA80F90198801C281A484505DB019806
:100BE000801C0799081A484502D200BF00BFCFE019
:100BF00006F1020B09F102001FFA80F8039808B110
:100C0000022000E0012000EB08010798814202D990
:100C100000BF00BFBCE00398002813DD08F102000C
:100C2000854202D200BF00BFB2E008F10100305C93
:100C300016F8081000EB0120208108F102001FFACD
:100C400080F801E0002020811BF8090002900020BC
:100C50000BF80900A5EB080080B20490CDF81480D1
:100C600000BF00BF606E40B1DDF810C00C9901EB11
:100C70000C025946636EE06D984702980BF8090024
:100C800000BF0498002801DC0C9860BBDDE904106B
:100C9000084400E028E0A84202D900BF00BF77E086
:100CA000206E58B10C9A0AB9012200E000221346C6
:100CB000059AB118D4E9170C049AE0470C9890B93A
:100CC000039800280FDD0398012801D1042000E0DB
:100CD0000520804600BF00BF2289002341462046F0
:100CE00003F05CF800BF51E03078000206907078A5
:100CF000069908430690069810B900BF00BF47E068
:100D0000052F08D100BF00BF012306212046069A07
:100D100003F044F83AE0062F08D100BF00BF0023DB
:100D200007212046069A03F039F82FE0092F05D055
:100D30000B2F03D0072F01D0042F24D104F118006A
:100D4000069900F0F5FC8046B8F1000F18D000BFFE
:100D500000BF092F09D1032D02DA00BF00BF17E041
:100D6000B1784046FFF78AFE06E0D8F8040018B1D3
:100D70000021D8E9012090474046FFF72BFE01E013
:100D800000BF00BF02E000BF00BF01E00898D9E645
:100D90004FF48070D6E6000066697865645F686429
:100DA000725F6C656E203C3D20636C69656E742DCE
:100DB0003E6D73675F696478000000006275666667
:100DC0006572206C656E677468206D69736D6174FF
:100DD000636800002DE9F04107460D4616460024E1
:100DE00005E0295D384600F06BFB601C84B2B4421C
:100DF000F7DBBDE8F0812DE9F04780460D46164649
:100E00001F46DDE908942807000E06F0010240EABB
:100E1000C20007F0030240EA420009F0010240EA82
:100E20000201404600F037F800BF04F07F00802C3C
:100E300001DB802200E0002240EA0201404600F08F
:100E40002AF8E411002CF0DCBDE8F0872DE9F04130
:100E500007460E4614462112384600F031FBE1B237
:100E6000384600F02DFB002505E0715D384600F0A6
:100E700027FB681C85B2A542F7DBBDE8F08170B5A1
:100E800005460C462112284600F01AFBE1B228461E
:100E900000F016FB70BD70B504460D46294620468D
:100EA00000F00EFB70BD000070B505460C46601CDE
:100EB00086B200BF25B900BF0AA0F3F7F3FF00BF59
:100EC00000BF00BF701C86B2E411002CFADC28467B
:100ED00000F0EBFAC0F58070B04201DB012070BD7C
:100EE0000020FCE76D7174745F6F75747075745FCA
:100EF000636865636B5F73706163653A207262203B
:100F0000213D204E554C4C002DE9F04704460D463E
:100F10004FF00009204600F0C8FA6188C1F58071E1
:100F2000884203DA204600F0C0FA02E06088C0F58B
:100F3000807087B2B5F8646000BF25B900BF39A0E2
:100F4000F3F7B0FF00BF00BF06B10FB9BDE8F087EF
:100F500000BF00BFBE4209DD3E46204600F0A5FAB4
:100F6000B84201DD012000E000208146204600F06B
:100F700097FA8246B9F1000F01D0022000E000206C
:100F800040F0010332465146284608F095FB804662
:100F9000B8F1000F37D1B9F1000F34D031462046F7
:100FA00000F046FA204600F080FA6188C1F58071B1
:100FB000884203DA204600F078FA02E06088C0F543
:100FC0008070B5F86410884202DDB5F864000EE068
:100FD000204600F06AFA6188C1F58071884203DA20
:100FE000204600F062FA02E06088C0F5807086B2A8
:100FF000204600F055FA82460123324651462846E3
:1010000008F05AFB8046B8F1000F07D13146204660
:1010100000F00EFA284605F0FBFC01E000BF00BF1F
:1010200000BF93E76D7174745F6F75747075745F52
:1010300073656E643A207470636220213D204E55C2
:101040004C4C00002DE9F84F044689464FF000084B
:1010500000260025AA4678E0022D02DB0AF0800077
:1010600090B3A06EA84204D904F16C0010F805A05A
:101070000EE041464A1C1FFA82F8484601F070FD16
:101080008246A16E481CA06604F16C0000F801A025
:10109000681CC5B2022D58DB0AF07F00A91EC1EB07
:1010A000C101884006430AF0800000284DD100BFEE
:1010B00000BF56B900231A4629462046FFF718FDFF
:1010C0000020A066002540E003E07019A16E461ADA
:1010D0003BE0B9F80800A0EB080080B2B04204D2AF
:1010E000B9F80800A0EB080000E0304687B2C5F16F
:1010F00080001FFA80FB5F4500DD5F4604F16C0055
:10110000411943463A46484601F0FEFAA06E38447B
:10111000A06608EB07001FFA80F8F61B00BF00BFAF
:101120000EB15F4510D133463A4629462046FFF7B7
:10113000DFFC0090009810B10098BDE8F88F16B958
:101140000020A066002500BF00BFB9F80800404598
:1011500082DC0020F1E700002DE9FF5F04468A46AB
:1011600093461E4600BF24B900BF4EA0F3F79AFE77
:1011700000BF00BF00BFBAF1000F04D100BF51A0F3
:10118000F3F790FE00BF00BF00BFA07A48B900BFD0
:1011900053A0F3F787FE00BF6FF00A0004B0BDE86C
:1011A000F09F00BF5046EFF713F9804600BF4FF69F
:1011B000FD70804507D900BF51A0F3F773FE00BF53
:1011C0006FF00F00EAE700BF1FFA88F00390039862
:1011D000801C00EB06090E98002806DD09F10209C3
:1011E000204600F0E1FB054600E0002500BFB9F510
:1011F000803F07D300BF4BA0F3F754FE00BF6FF052
:101200000F00CBE700BF1FFA89F0029000BF00BFBC
:10121000119800902A46042104F11C00109BFFF74E
:101220001BFB074617B94FF0FF30B7E704F1EC009E
:101230000299FFF739FE28B93846FFF7CBFB4FF08C
:10124000FF30ABE702990F98CDE90001002203219E
:1012500004F1EC000E9BFFF7CEFD514604F1EC00CB
:10126000039AFFF7F3FD0E98002804DD294604F1E8
:10127000EC00FFF704FEBBF1000F07D0002E05DDE8
:101280003246594604F1EC00FFF7A4FD394604F15B
:101290001800FEF743FE04F1EC00E168FFF734FEAE
:1012A00000207BE76D7174745F7075626C697368A0
:1012B0003A20636C69656E7420213D204E554C4C7C
:1012C000000000006D7174745F7075626C69736802
:1012D0003A20746F70696320213D204E554C4C00BC
:1012E0006D7174745F7075626C6973683A205443F1
:1012F0005020646973636F6E6E656374656400008B
:101300006D7174745F7075626C6973683A20746F84
:10131000706963206C656E677468206F76657266AD
:101320006C6F77006D7174745F7075626C6973684F
:101330003A20746F74616C206C656E677468206FFE
:10134000766572666C6F770070B504460D4602A034
:10135000F3F7A8FD70BD00007075626C69736820BA
:10136000737563636573730D0A00000070B50446FE
:101370000D4626460120044908602A4603A031682C
:10138000F3F790FD70BD0000E00200200D0A4D5102
:10139000545420636C69656E742022257322207278
:1013A0006571756573742063623A206572722025D9
:1013B000640D0A0070B505460E4600BF25B900BF92
:1013C00011A0F3F76FFD00BF00BF2C6817E0E089A4
:1013D000B04210DCA07B301AC6B22068286060687A
:1013E00020B16FF00201D4E9012090472046FFF7B9
:1013F000F1FA2C6803E0E089801BE0810026002ED2
:1014000001DD002CE3D170BD6D7174745F72657184
:10141000756573745F74696D655F656C6170736524
:10142000643A207461696C20213D204E554C4C007B
:1014300070B504460D4600BFFF2D04DD00BF08A0B7
:10144000F3F730FD00BF00BF6088284460806088EB
:10145000FF2803DD6088A0F58070608070BD00000B
:101460006D7174745F72696E676275665F616476D0
:10147000616E63655F6765745F6964783A206C6567
:101480006E203C204D5154545F4F55545055545F7D
:1014900052494E474255465F53495A4500000000A5
:1014A00001464A88081D10447047014608884B8849
:1014B000C21AB2F5803F01D302F5807290B2704734
:1014C0000388021DD1540288521C02800288FF2A20
:1014D00001DD0022028070472DE9F04104460D46EF
:1014E00017461E4600BF24B900BF05A0F3F7DAFC7B
:1014F00000BF00BF27666566E665BDE8F0810000B5
:101500006D7174745F7365745F696E7075625F632B
:10151000616C6C6261636B3A20636C69656E742008
:10152000213D204E554C4C002DE9FF4F85B004461F
:101530000F469046DDF84C9000BF24B900BF52A082
:10154000F3F7B0FC00BF00BF00BF27B900BF56A033
:10155000F3F7A8FC00BF00BF3846EEF739FF054699
:1015600000BF4FF6FD70854209D900BF56A0F3F7C2
:1015700099FC00BF6FF00F0009B0BDE8F08F00BF0D
:101580001FFA85FBB9F1000F01D0012100E0002115
:101590000BF1040001EB000A00BFBAF5803F07D34E
:1015A00000BF53A0F3F77EFC00BF6FF00F00E3E72E
:1015B00000BF1FFA8AF0049000BFB8F1030F04DBEC
:1015C00000BF55A0F3F76EFC00BF00BFA07A20B9A2
:1015D00000BF00BF6FF00A00CEE7204600F0E4F93C
:1015E000039012980090042104F11C00089B039AB8
:1015F000FFF732F9064616B94FF0FF30BCE704F1A9
:10160000EC000499FFF750FC28B93046FFF7E2F9E7
:101610004FF0FF30B0E700BF00BF00210498CDE9D4
:101620000010B9F1000F01D0082000E00A200146A7
:101630000123002204F1EC00FFF7DDFB04F1EC00D4
:101640000399FFF71CFC5A46394604F1EC00FFF7FA
:10165000FDFBB9F1000F0AD0B8F1020F01DA4046E4
:1016600000E00220014604F1EC00FFF714FC3146D3
:1016700004F11800FEF752FC04F1EC00E168FFF7FA
:1016800043FC002078E700006D7174745F7375622D
:101690005F756E7375623A20636C69656E742021A4
:1016A0003D204E554C4C00006D7174745F73756233
:1016B0005F756E7375623A20746F70696320213DA7
:1016C000204E554C4C0000006D7174745F73756250
:1016D0005F756E7375623A20746F706963206C6514
:1016E0006E677468206F766572666C6F77000000B5
:1016F0006D7174745F7375625F756E7375623A2095
:10170000746F74616C206C656E677468206F7665A9
:1017100072666C6F770000006D7174745F73756230
:101720005F756E7375623A20716F73203C203300D1
:101730002DE9F04105460F460024002600BF25B9DB
:1017400000BF12A0F3F7AEFB00BF00BF2C6805E09E
:10175000A089B84200D103E026462468002CF7D1C6
:1017600000BF7CB116B92068286001E020683060B5
:10177000206828B12068C089E18908442168C881AF
:10178000002020602046BDE8F08100006D71747477
:101790005F74616B655F726571756573743A20740F
:1017A00061696C20213D204E554C4C002DE9F041E3
:1017B00007460E4615463C4625B100BF00BF2846E9
:1017C000BDE8F0810020A0660F49304606F074FEA7
:1017D0000E49304607F0DAF902220D49304605F08D
:1017E000B5FE00BF00BF0220A0722246094941F2A7
:1017F000883003F099F90020208004F1EC00E168C2
:10180000FFF782FB0020DBE7811801085919010866
:1018100065180108D908010870B505460E462C4622
:1018200000BF00BF00BF24B900BF06A0F3F73AFB1A
:1018300000BF00BF0020E0604FF480712046FEF73B
:1018400013FF70BD6D7174745F7463705F65727245
:101850005F63623A20636C69656E7420213D204E9F
:10186000554C4C0070B504460E462546A87A032810
:1018700004D1314605F1EC00FFF746FB002070BDB6
:101880002DE9F04781460E4614461F464D4600BFDF
:1018900025B900BF1DA0F3F705FB00BF00BF00BFC7
:1018A000E868B04204D000BF21A0F3F7FBFA00BF04
:1018B00000BF3CB900BF00BF4FF480712846FEF75F
:1018C000D3FE20E03FB100BF00BF204601F0ACF8DE
:1018D0003846BDE8F0872189304606F043FE2146B0
:1018E0002846FFF7AFFB8046204601F09DF8B8F18F
:1018F000000F03D041462846FEF7B6FE688808B1BF
:101900000020A88000BF0020E3E700006D71747420
:101910005F7463705F726563765F63623A20636CC5
:1019200069656E7420213D204E554C4C000000002E
:101930006D7174745F7463705F726563765F636208
:101940003A20636C69656E742D3E636F6E6E203D48
:101950003D207063620000002DE9F04106460F460D
:1019600090463446A07A03281BD100202080A08016
:101970000AE000BF00BF686818B10021D5E9012066
:1019800090472846FFF726F8002104F11800FFF7DA
:10199000CFFE051EEDD104F1EC00E168FFF7B4FACB
:1019A00000BF0020BDE8F0810146C888401CC88007
:1019B000C88810B9C888401CC880C8887047000013
:1019C0002DE9F04104460E461548005D38B914482B
:1019D00020380168204688470120BDE8F081114881
:1019E00050F82400B04219D90F4850F82400B6FB33
:1019F000F0F10B480C3850F8240030F81120002585
:101A000008E0002306480C3850F824004F1920F84D
:101A100017306D1C9542F4DB0020DEE70220DCE786
:101A2000C40100208C1102088011020830B5044660
:101A30000225084951F8241001FB05F2064951F826
:101A40002400002100F07EF8012103480C300155EC
:101A500030BD000074110208B80100202DE9F047E4
:101A600004460F460025A9462348005D20B92248B8
:101A700020380168204688471FB94FF0FF30BDE885
:101A8000F0871E4850F82400B7FBF0F61B4850F8CA
:101A90002400B7FBF0F100FB117000B1761C184870
:101AA00050F82400451E22E013480C3850F824005A
:101AB00030F8150010B909F1010901E04FF00009F3
:101AC000B14513D14FF0000809E00B480C3850F82D
:101AD000240005EB080220F8126008F10108B04567
:101AE000F3D3064850F824006843C8E76D1E002D64
:101AF000DADA4FF0FF30C2E7C4010020801102089B
:101B00007411020810B501460023002207E00B48BB
:101B100050F8210030F8120000B15B1C521C08483C
:101B200050F821009042F2D84FF47A705843044C98
:101B300054F82140B0FBF4F080B210BDB801002091
:101B40007411020830B5034601E003F8011B141EAE
:101B5000A2F10102F9D130BD70B505460C4604B9B9
:101B600070BD054850F82500261A31462846FFF773
:101B700027FF00BFF4E70000AC01002070B5044669
:101B80000E4631462046FFF769FF0546681C08B936
:101B9000002070BD024850F824002844F9E70000F6
:101BA000AC01002070B586B004460D4600BF44B9B4
:101BB00000BF1AA0F3F776F900BF6FF00F0006B070
:101BC00070BD00BF00BF3DB900BF1DA0F3F76AF9AB
:101BD00000BF6FF00F00F2E700BFCDF814D001A8EE
:101BE0000490039502940021049802F04DFE0090A9
:101BF0009DF8000010B19DF90000E0E702A9194826
:101C0000049A08F043FB0646049802F013FE0EB156
:101C10003046D4E79DF90000D1E700006E6574639B
:101C20006F6E6E5F676574686F737462796E616DF5
:101C3000653A20696E76616C6964206E616D65003D
:101C40006E6574636F6E6E5F676574686F737462E0
:101C5000796E616D653A20696E76616C69642061A8
:101C60006464720069EF00082DE9F05F04460E46D7
:101C700017469846DDE90AB900BF3CB900BF4AA043
:101C8000F3F710F900BF0020BDE8F09F00BF00BFD0
:101C9000B9F1000F06D100BF4AA0F3F703F900BF66
:101CA0000020F1E700BF06B94F4E07B94E4FB8F11B
:101CB000000F01D1DFF8308100206060A060E0609B
:101CC0004A4860610020208584F831006062E0614C
:101CD000C4F820B04648007884F834000C9820619D
:101CE00043463A463146204600F06EF92046C84742
:101CF00008B10020C8E700BF94F83400FF2802D1E3
:101D0000002084F834004FF0000A3A48056821E0CA
:101D100000BFA54204D100BF37A0F3F7C3F800BF4E
:101D200000BF0AF1010A00BFBAF1FF0F04DD00BFD6
:101D300036A0F3F7B7F800BF00BF95F8340094F869
:101D40003410884205D194F83400401C84F83400E3
:101D500002E02D68002DDBD100BF002DCCD194F81E
:101D60003400FE2803D100202149087004E094F8D3
:101D70003400401C1E4908701E48006820601D4841
:101D8000046000BF00BF00BF00BF00BF00BF00BFB6
:101D900000BF00BF00BF00BF00BF00BF00BF00BF4B
:101DA00000BF204670E700006E657469665F61647D
:101DB000643A20696E76616C6964206E6574696648
:101DC000000000006E657469665F6164643A204ECD
:101DD0006F20696E69742066756E6374696F6E201A
:101DE000676976656E00000034130208C11F0108A0
:101DF00048020020400200206E6574696620616C14
:101E0000726561647920616464656400746F6F2039
:101E10006D616E79206E65746966732C206D6178D2
:101E20002E20737570706F72746564206E756D62AC
:101E300065722069732032353500000070B50446A4
:101E40000D462946204604F021FD2946204608F08B
:101E500053FD70BD10B503460868DC68A04201D18F
:101E6000012000E0002040B909B9002000E0086826
:101E7000D86000BF00BF012010BD0020FCE70000BB
:101E8000F8B505460C46164600BF24B900BF16A09B
:101E9000F3F708F800BF00BF00BF26B900BF12A0CB
:101EA000F3F700F800BF00BF20686968884201D1DD
:101EB000012000E00020A0B9206800906868306030
:101EC00000BF00BF69463046FFF7B8FF0CB90020DD
:101ED00000E0206868600121284600F039F8012000
:101EE000F8BD0020FCE70000696E76616C69642033
:101EF000706F696E7465720010B5034608689C685F
:101F0000A04201D1012000E0002040B909B9002021
:101F100000E00868986000BF00BF012010BD0020ED
:101F2000FCE7000002466AB10748016808E091F842
:101F30003400401CC0B2904201D108467047096885
:101F40000029F4D10020F9E740020020704700008A
:101F500070B504460D4600BF24B900BF0FA0F2F7CC
:101F6000A1FF00BF00BF94F8310000F0040020B1D1
:101F700094F8310000F0010000B970BD05F00100D7
:101F800050B1606840B194F8310000F0080018B119
:101F9000211D2046F7F7F4F900BFEEE76E6574697E
:101FA000665F69737375655F7265706F7274733A9B
:101FB00020696E76616C6964206E657469660000E4
:101FC00003466FF00B0070472DE9F84F80460C4632
:101FD00015461E464FF00009CA4604B9114C05B912
:101FE000104D06B90F4E0CB1206808B9012000E071
:101FF0000020074627B16A4621464046FFF740FFCA
:102000004A4629464046FFF777FF5246314640464A
:10201000FFF720FF27B96A4621464046FFF730FF09
:10202000BDE8F88F341302080249086000BF00BF02
:10203000704700004402002010B5044600BF2CB9D0
:1020400000BF0EA0F2F72EFF00BF10BD00BF94F836
:10205000310000F0010078B100BF94F8310000F0C9
:10206000FE0084F8310000BF94F8310000F0080051
:1020700010B12046F6F756FC00BFE6E76E657469BE
:10208000665F7365745F646F776E3A20696E766120
:102090006C6964206E6574696600000000B1C161FE
:1020A0007047000010B5044600BF2CB900BF0EA059
:1020B000F2F7F8FE00BF10BD00BF94F8310000F049
:1020C000040070B100BF94F8310000F0FB0084F808
:1020D000310000BF00BFE06910B12046E1698847C8
:1020E00000BF00BFE7E700006E657469665F736557
:1020F000745F6C696E6B5F646F776E3A20696E76A1
:10210000616C6964206E65746966000010B50446F0
:1021100000BF2CB900BF11A0F2F7C4FE00BF10BD74
:1021200000BF94F8310000F00400A8B900BF94F893
:10213000310040F0040084F8310000BF2046F4F77D
:1021400051FD03212046FFF703FF00BFE06910B1F6
:102150002046E169884700BF00BFE0E76E6574690B
:10216000665F7365745F6C696E6B5F75703A20694A
:102170006E76616C6964206E6574696600000000AB
:1021800010B5044600BF2CB900BF0CA0F2F78AFEC0
:1021900000BF10BD00BF94F8310000F0010058B935
:1021A00000BF94F8310040F0010084F8310000BF16
:1021B00003212046FFF7CCFE00BFEAE76E65746995
:1021C000665F7365745F75703A20696E76616C69DD
:1021D00064206E657469660070B504460D46002281
:1021E0002946204600F002F870BD00002DE9F047B6
:1021F00004460D46904600BF24B900BF1CA0F2F76C
:1022000051FE00BF00BF14B1B5F5803F02D30120DD
:10221000BDE8F0870DB90020FAE7AEB2208930445E
:1022200080B2B04201DA0120F2E794F80C9009F094
:10223000800048B16068471B04F1100087420BD250
:1022400000BF00BF0120E3E7B8F1000F02D06068D3
:10225000471B01E00120DBE700BF00BF676060892A
:10226000304460812089304420810020D0E7000084
:102270007020213D204E554C4C0000002DE9FE4FB2
:1022800082460E469046574600BF00BFB8F1010F88
:102290000AD0B8F1410F06D0B8F5C17F0BD0B8F520
:1022A000207F7AD161E000BF42463146002000F035
:1022B000FBF804469CE0002400200290B14600BFD9
:1022C0000D20FDF703FE054635B914B1204600F098
:1022D000ABFB0020BDE8FE8FF81C20F0030040F2AD
:1022E000EC51081A80B2484501DD484606E0F81C6A
:1022F00020F0030040F2EC51081A80B2834600201F
:10230000CDE9008005F110003844C01C20F0030125
:102310005B464A46284600F04BFC00BF287900F097
:10232000030020B100BF35A0F2F7BCFD00BF00BF25
:1023300000BFF81C20F0030040F2EC51081A04D151
:1023400000BF3AA0F2F7AEFD00BF00BF0CB92C46AB
:1023500001E0029805600295A9EB0B001FFA80F9D5
:102360000027B9F1000FABDC42E0F81C20F00301BC
:10237000F01C20F00300084485B205F110001FFA9C
:1023800080F9F01C20F00300A84204D8F01C20F0D3
:102390000300484502D900209CE720E04846FDF7AD
:1023A00031FB04460CB9002094E70020CDE9008001
:1023B00004F110003844C01C20F0030133463246BB
:1023C000204600F0F5FB00BF207900F0030020B1AB
:1023D00000BF23A0F2F766FD00BF00BF08E000BF0A
:1023E00000BF2AA0F2F75EFD00BF00BF002071E72A
:1023F00000BF00BF00BF20466CE70000706275663A
:102400005F616C6C6F633A207062756620712D3E5F
:102410007061796C6F61642070726F7065726C7935
:1024200020616C69676E656400000000504255468B
:102430005F504F4F4C5F42554653495A45206D758A
:1024400073742062652062696767657220746861D1
:102450006E204D454D5F414C49474E4D454E540011
:10246000706275665F616C6C6F633A20706275664E
:102470002D3E7061796C6F61642070726F7065724F
:102480006C7920616C69676E6564000070627566C6
:102490005F616C6C6F633A206572726F6E656F7509
:1024A00073207479706500002DE9FC4107460D46E4
:1024B000144600BF412C06D0012C04D000BF0DA053
:1024C000F2F7F0FC00BF00BF0C20FDF7FFFC064652
:1024D00026B900BF00BF0020BDE8FC8100202B46CC
:1024E0002A463946CDE90040304600F061FB3046CF
:1024F000F2E70000696E76616C696420706275664F
:102500005F747970650000002DE9FC5F06460C469B
:1025100017469846DDE90C9BB24600BF00BF0AF1A2
:10252000030020F003002044584504D900BF00BF39
:102530000020BDE8FC9FB9F1000F06D00AF10300AE
:1025400020F0030000EB090500E0002502202346EF
:1025500022462946CDE90070404600F029FB40465E
:10256000E7E7000070B506460D4600BF06B12DB97D
:1025700000BF15A0F2F796FC00BF70BD00BF344647
:1025800004E02089298908442081246820680028E3
:10259000F7D100BF20896189884204D000BF18A00C
:1025A000F2F780FC00BF00BF00BF206820B100BF71
:1025B0001FA0F2F777FC00BF00BF208929890844DB
:1025C0002081256000BFD8E7286820213D204E5596
:1025D0004C4C2920262620287420213D204E554C85
:1025E0004C29202870726F6772616D6D657220765C
:1025F000696F6C61746573204150492900000000C7
:10260000702D3E746F745F6C656E203D3D20702DA3
:102610003E6C656E20286F66206C6173742070625A
:10262000756620696E20636861696E29000000008C
:10263000702D3E6E657874203D3D204E554C4C000B
:1026400070B505460C4621462846FFF78BFF20460D
:1026500000F04AFB00BF00BF70BD0146002002E051
:10266000421C90B209680029FAD170472DE9F04167
:1026700080460E461446218932464046FFF7FEFD4D
:10268000074617B90020BDE8F0812146384600F022
:1026900015F8054600BF25B100BF03A0F2F702FC04
:1026A00000BF00BF3846EEE7706275665F636F700B
:1026B00079206661696C65640000000070B50546AC
:1026C0000C4600BF00BF00BF3CB900BF07A0F2F737
:1026D000E9FB00BF6FF00F0070BD00BF228900232F
:1026E0002146284600F07CF8F6E700007062756627
:1026F0005F636F70793A20696E76616C69642073EC
:102700006F757263650000002DE9F05F80468946B1
:1027100016461D464FF0000AD34600BFB8F1000F21
:1027200007D100BF1DA0F2F7BDFB00BF0020BDE830
:10273000F09F00BF00BFB9F1000F06D100BF1FA07E
:10274000F2F7B0FB00BF0020F1E700BF444620E0F5
:1027500035B16089A84203DC6089281A85B217E088
:102760006089401B87B2B74200DD37466268511965
:1027700009EB0A003A46EDF7DBFD0BEB07001FFA09
:1027800080FB0AEB07001FFA80FAF01B86B20025D7
:1027900024680EB1002CDBD15846C8E7706275661C
:1027A0005F636F70795F7061727469616C3A206900
:1027B0006E76616C69642062756600007062756691
:1027C0005F636F70795F7061727469616C3A2069E0
:1027D0006E76616C6964206461746170747200006B
:1027E0002DE9F05F04460D4616469A4657464FF0CF
:1027F000000800BF00BF00BF15B12889B04208DA49
:1028000000BF4DA0F2F74EFB00BF6FF00F00BDE818
:10281000F09F00BF00BF24B120890AEB0601884267
:1028200007DA00BF51A0F2F73DFB00BF6FF00F00C9
:10283000EDE700BF00BF6089C01B6989A1EB0801FB
:10284000884203D36889A0EB080B02E06089A0EB03
:10285000070B5E4501D2304600E058461FFA80F96A
:102860006A6802EB08016268D0194A46EDF760FD1C
:102870004F44C844A6EB090086B200BF6089B84245
:1028800004D200BF45A0F2F70DFB00BF00BF00BFA0
:102890006889404504D200BF46A0F2F703FB00BFA1
:1028A00000BF688940450ED84FF000082D6800BF72
:1028B00045B93EB100BF46A0F2F7F4FA00BF6FF091
:1028C0000F00A4E700BF6089B8420DD1002724683B
:1028D00000BF44B93EB100BF41A0F2F7E3FA00BF28
:1028E0006FF00F0093E700BF7DB1688929898842A6
:1028F0000BD100BF286838B100BF3DA0F2F7D2FA73
:1029000000BF6FF0050082E700BF7CB160892189BC
:1029100088420BD100BF206838B100BF34A0F2F765
:10292000C1FA00BF6FF0050071E700BF002E82D131
:1029300000BF00BF00206AE7706275665F636F705A
:10294000795F7061727469616C5F706275663A205C
:10295000636F70795F6C656E20626967676572206E
:102960007468616E20736F7572636500706275665E
:102970005F636F70795F7061727469616C5F7062C0
:1029800075663A20746172676574206E6F74206298
:10299000696720656E6F7567680000006F66667313
:1029A00065745F746F203C3D20705F746F2D3E6CCA
:1029B000656E00006F66667365745F66726F6D208A
:1029C0003C3D20705F66726F6D2D3E6C656E000041
:1029D000705F66726F6D20213D204E554C4C00009B
:1029E000705F746F20213D204E554C4C000000005C
:1029F000706275665F636F70795F70617274696130
:102A00006C5F70627566282920646F6573206E6F35
:102A10007420616C6C6F77207061636B65742071DA
:102A200075657565732100002DE9F047044664B9AA
:102A300000BF24B900BF33A0F2F734FA00BF00BFD3
:102A400000BF00BF0020BDE8F08700BF00BF002628
:102A500054E001F041FD824600BFA07B002804DC69
:102A600000BF2BA0F2F71EFA00BF00BFA07B401EE4
:102A700000F0FF0884F80E80504601F08BFDB8F19D
:102A8000000F37D1276800BF00BF207B00F00F0583
:102A9000607B00F0020078B1A14600BFD9F81000B9
:102AA00020B900BF20A0F2F7FDF900BF00BF20460B
:102AB000D9F81010884719E0022D04D121460D20C5
:102AC000FDF7B6F912E0012D04D121460C20FDF7E7
:102AD000AFF90BE01DB92046FCF74CFE06E000BF45
:102AE00000BF1AA0F2F7DEF900BF00BF701CC6B22B
:102AF0003C4602E000BF00BF002400BF002CA8D16C
:102B00003046A0E77020213D204E554C4C0000007F
:102B1000706275665F667265653A20702D3E7265FB
:102B200066203E203000000070632D3E6375737494
:102B30006F6D5F667265655F66756E6374696F6EF3
:102B400020213D204E554C4C00000000696E7661FE
:102B50006C6964207062756620747970650000008D
:102B600070B505460E463146284600F03FFA044649
:102B7000002C01DBE0B270BD0020FCE770B504461C
:102B80000D4601222946204600F001F870BD70B5BF
:102B900005460C461646002C04DA6142284600F031
:102BA000C7F870BD324621462846FFF71FFBF8E7FD
:102BB00070B5DDE90445002606604160028143816D
:102BC00004734573012686730026C67370BDF8B57D
:102BD00006460F4615466A463946304600F0F0F87C
:102BE000044644B16089BDF80010884203DDBDF899
:102BF000001060684554F8BD2DE9F04106460F46C7
:102C000000BF26B900BF25A0F2F74CF900BF00BFF6
:102C10003089B84201DCBDE8F0813089C01B1FFA61
:102C200080F83D4634460FE06089281A85B2208935
:102C3000A0EB08002081246800BF24B900BF1DA0BC
:102C4000F2F730F900BF00BF6089A842ECDB207BBF
:102C500000F00F00B0B96089A84213D0607B00F08B
:102C6000020078B9A088001B284481B22046FCF7F6
:102C7000F1FF044600BF24B900BF14A0F2F712F917
:102C800000BF00BF658160892081206810B1206885
:102C9000FFF7CAFE0020206000BFBCE770627566C7
:102CA0005F7265616C6C6F633A207020213D204E2D
:102CB000554C4C00706275665F7265616C6C6F6339
:102CC0003A207120213D204E554C4C006D656D5FC2
:102CD0007472696D2072657475726E6564207120FE
:102CE0003D3D204E554C4C0070B50446A4B100BF8C
:102CF00001F0F2FB0546A07B401CA073284601F0C2
:102D000049FC00BF00BFA07B002804DC00BF03A07B
:102D1000F2F7C8F800BF00BF70BD000070627566B2
:102D200020726566206F766572666C6F77000000B2
:102D30002DE9F04104460D4600BF24B900BF15A09F
:102D4000F2F7B0F800BF00BF14B1B5F5803F02D371
:102D50000120BDE8F0810DB90020FAE7AEB200BF56
:102D60006089B04206DA00BF0DA0F2F79BF800BF01
:102D70000120EEE700BF67686068284460606089F2
:102D8000801B60812089801B208100BF00BF002044
:102D9000DFE700007020213D204E554C4C00000024
:102DA000696E6372656D656E745F6D61676E69747F
:102DB000756465203C3D20702D3E6C656E00000002
:102DC0002DE9F04104460D46164632462946204676
:102DD00000F004F807463846BDE8F08130B50346F8
:102DE0000C462146184603E045894D1BA9B20068F0
:102DF00010B145898D42F7DD02B1118030BD000070
:102E00002DE9F04704468846164637464FF0000A3B
:102E100000BF44B900BF2AA0F2F744F800BF6FF02A
:102E20000F00BDE8F08700BF00BFB8F1000F07D169
:102E300000BF29A0F2F736F800BF6FF00F00F0E7EF
:102E400000BF00BF2089B04207DA00BF29A0F2F717
:102E500029F800BF4FF0FF30E3E700BF2CB1B8F115
:102E6000000F02D02089B04202DA6FF00F00D8E7DD
:102E7000254617E000BF25B900BF26A0F2F712F8DB
:102E800000BF00BFB9466889484501D2B5F80A902D
:102E900008EB0A014A466868EDF74AFAA7EB09070A
:102EA000CA442D68002FE5D100BF0FB9B24504D048
:102EB00000BF1EA0F1F7F6FF00BF00BF0020B0E783
:102EC000706275665F74616B653A20696E76616CDD
:102ED0006964206275660000706275665F74616B7C
:102EE000653A20696E76616C696420646174617012
:102EF00074720000706275665F74616B653A20627F
:102F00007566206E6F74206C6172676520656E6FE8
:102F100075676800706275665F74616B653A2069F9
:102F20006E76616C69642070627566006469642005
:102F30006E6F7420636F707920616C6C20646174B3
:102F4000610000002DE9F84F8346884615469946F2
:102F50006A4649465846FFF733FF0446002C36D0F0
:102F60002089BDF800102944884230DB2F46C24634
:102F700000BF6089BDF80010884204DC00BF15A0C6
:102F8000F1F790FF00BF00BF6089BDF80010401A44
:102F9000A84204DA6089BDF80010401A00E0284613
:102FA00086B2BDF800206168881832464146EDF7C8
:102FB000BFF9B81B87B2B244002F06DD3A4651462E
:102FC0002068FFF71DFFBDE8F88F0020FBE74FF0FA
:102FD000FF30F8E7636865636B20706275665F7346
:102FE0006B697020726573756C740000F8B50546E6
:102FF0000E466A4631462846FFF7F0FE04464CB1BD
:103000006089BDF80010884204DDBDF800106068DA
:10301000405CF8BD4FF0FF30FBE700002DE9F041C8
:10302000044600BF33480068844204D200BF32A087
:10303000F1F738FF00BF00BF00BF35480068844289
:1030400004D300BF33A0F1F72DFF00BF00BF00BFC6
:10305000207920B100BF36A0F1F724FF00BF00BFE8
:1030600000BF2088B0F5C84F04D900BF37A0F1F7E2
:1030700019FF00BF00BF208800F088FE0546AC4263
:1030800019D02879B8B922480068854213D03A4847
:103090000068A84201D13848046028882080288828
:1030A000B0F5C84F07D02046FCF7CCFD074628886E
:1030B00000F06CFE4780608800F068FE0646A6427D
:1030C00015D0307998B92C480068A04201D12A481F
:1030D0000660208830802088B0F5C84F07D0304681
:1030E000FCF7B0FD0746208800F050FE4780BDE8A1
:1030F000F0810000F8010020706C75675F686F6CEC
:1031000065733A206D656D203E3D2072616D000053
:10311000FC010020706C75675F686F6C65733A2006
:103120006D656D203C2072616D5F656E640000000E
:10313000706C75675F686F6C65733A206D656D2D97
:103140003E75736564203D3D20300000706C7567EE
:103150005F686F6C65733A206D656D2D3E6E6578A6
:1031600074203C3D204D454D5F53495A455F414CCD
:1031700049474E4544000000040200202DE9F0417B
:1031800005460E462948076800202949096881F844
:10319000590027480068001D09F00AF850B9244872
:1031A000006890F82C10012088402249096881436A
:1031B00020480160681CD8B9D6B11F4948681C492D
:1031C000096888601A4982680968CA6018490968EC
:1031D000091D8268516016490968091D8160164AF7
:1031E000134909684A6111460968491C11601AE0CF
:1031F0007C190F4800684460BC4207D20C48016843
:10320000091D0E48006808F0F7FF0CE00848016847
:10321000091D0B48006808F0EFFF0A480068844267
:1032200001D208480460BDE8F0810000F8020020E7
:10323000E4020020FC020020C45E0120EC02002019
:10324000E80200201403002010B5044608F0FAFF3D
:1032500031480068401C304908603048006840B977
:103260002E4804600846006801280DD100F070FA6D
:103270000AE02B48006838B928480068C06AE16A4B
:10328000884201D82548046026480068401C25492A
:10329000086008460068606494F82C10012088409B
:1032A00021490968084320490860E16A01EB81016E
:1032B0001E4A02EB81014868A0608268E260211D1D
:1032C000826851608160E16A01EB8101174A02EB7B
:1032D00081026261E16A01EB8101144A52F8211016
:1032E000491CE26A02EB8202104B43F8221008F0FC
:1032F000F5FF0B48006868B108480068C06AE16AD9
:10330000884207D24FF0805009490860BFF34F8FC1
:10331000BFF36F8F10BD0000F4020020E402002014
:103320000003002010030020FC020020F45B0120B9
:1033300004ED00E010B508F085FF10480068D0B932
:103340000F4808F049FF0F4808F046FF0C480E49A7
:1033500008600C480D49086000221021052009F082
:103360006BFD064908600846006820B108A10348C3
:10337000006809F0CBF808F0B1FF10BD2C03002065
:10338000D85E0120EC5E01202403002028030020E9
:10339000546D72510000000010B516E008F052FFA5
:1033A0000C48C068C468201D08F002FF0A48006885
:1033B000401E0949086009480068401E0749086026
:1033C00008F08CFF204600F05FF8044800680028F1
:1033D000E4D110BDB05E0120F4020020F002002014
:1033E00070B504460D46206C70B1216CE068014454
:1033F000E160D4E90210884201D32168E1602846E7
:10340000226CE168ECF794FF70BD2DE9F0410446B1
:103410000F4615464FF00008A66B206C48B920688F
:1034200000282CD1A0680AF0B1FB80460020A060E3
:1034300025E07DB93946226C6068ECF779FF216C94
:10344000606808446060D4E90101884217D32068AD
:10345000606014E03946226CE068ECF769FF216C8B
:10346000E068411AE1602168E068884203D2216C7B
:10347000A068411AE160022D01D106B1761E701CD0
:10348000A0634046BDE8F08110B50446206B08F00B
:1034900065FF204608F062FF10BD01464A6A22B16E
:1034A0000A6B1268C2F1200000E0002070470000A3
:1034B0000146084A126812680AB9012200E0002297
:1034C0000A600A6822B9034A1268D268106800E0EC
:1034D000002070472403002030B54FF40C431748F8
:1034E00000F007042CB1C01D20F00700134C041B92
:1034F0001B1B0246124C22600024114D6C60D01838
:10350000083820F007000F4C206000240D4D2D6876
:103510006C600C4D2D682C601146441A4C60094CAF
:1035200024680C60084D4C682C60084D4C682C6079
:103530004FF00044064D2C6030BD0000005F0120BC
:1035400038030020400300204803002044030020EB
:103550005403002000BFFFF71FFF06480068012842
:10356000F9D94FF0805004490860BFF34F8FBFF383
:103570006F8FF0E7F45B012004ED00E010B5044626
:1035800054B10020A06020600021E16000231A46B1
:103590001946204609F016FD10BD2DE9F0410646FA
:1035A0000D4617469846069C0DB9246000E027603A
:1035B000E66325640121204609F086FC84F85080EA
:1035C0000020A064BDE8F0812DE9F05F82460F463F
:1035D00090469B460A9E0C9C4FEA8801A522206BD0
:1035E000ECF7C6FEA8F10100216B01EB800929F080
:1035F000070909F0070008B9012000E0002028B9F8
:103600004FF4587224A12DA0F1F74CFC87B100258E
:1036100007E0795D04F134004155785D00B902E0BE
:103620006D1C102DF5D300BF00214320015502E091
:10363000002084F83400202E01D2012000E0002078
:1036400028B940F2973214A11CA0F1F72BFC202ED0
:1036500000D31F26E662E66400202065201D08F0E6
:10366000C8FD04F1180008F0C4FD2461C6F1200073
:10367000A06164620020606584F8580084F85900F5
:103680005A465146484600F08FFC20600B9808B11E
:103690000B980460BDE8F09F2E2E5C2E2E5C4D69C9
:1036A00064646C6577617265735C467265655254DB
:1036B0004F535C7461736B732E6300004572726FBD
:1036C000723A2025732C2025640D0A002DE9F0475D
:1036D00006460D4617469846DDE908940DB10120CF
:1036E00000E0002028B940F26B120CA114A0F1F701
:1036F000D9FBFFF71FFE2660A561C4F81C80C4F843
:103700002090201D08F075FD2FB194F8280040F09E
:10371000040084F82800BDE8F08700002E2E5C2EFF
:103720002E5C4D6964646C6577617265735C46728A
:10373000656552544F535C74696D6572732E6300F6
:103740004572726F723A2025732C2025640D0A0091
:1037500010B5002407E004EB84010F4A02EB81005E
:1037600008F03AFD641C202CF5D30C4808F034FD19
:103770000B4808F031FD0B4808F02EFD0A4808F010
:103780002BFD0A4808F028FD044809490860044850
:103790000849086010BD0000F45B0120745E012040
:1037A000885E01209C5E0120B05E0120C45E012085
:1037B000E8020020EC02002010B50146164800E0A7
:1037C000006803688B42FBD30246436813448B4274
:1037D00004D143684C682344436001460A464B6861
:1037E00013440468A34211D10C4C03682468A3421B
:1037F00008D04B680468646823444B6003681B6806
:103800000B6005E0054B1B680B6001E003680B6073
:10381000884200D0016010BD380300204003002022
:103820002DE9F04104460D4616461F464FF00008AC
:1038300065602461B5420CD8F01BA169884202D3AF
:103840004FF0010811E0211D0948006808F0D4FC80
:103850000BE0BE4204D2BD4202D34FF0010804E0A7
:10386000211D0448006808F0C7FC4046BDE8F0810F
:10387000280300202403002070B5054608F0E2FC70
:10388000A86B08B9012400E0002408F027FD2046B9
:1038900070BD70B5054608F0D5FCA86BE96B884291
:1038A00001D1012400E0002408F018FD204670BD7D
:1038B000F1B50098846C00262CB940F6D53220A1D1
:1038C00028A0F1F7EFFAA06BE16B884201D201204A
:1038D00000E0002028B940F6D63219A121A0F1F766
:1038E000E1FAA06BE16B884227D294F9455000229F
:1038F00069462046FFF789FD0646681C60B9606A84
:1039000008B9012000E00020B0B904F124000AF059
:103910003BFA88B101260FE07F2D01D0012000E0A5
:10392000002028B940F6F63205A10EA0F1F7BAFA48
:10393000681C40B284F8450000BF3046F8BD000066
:103940002E2E5C2E2E5C4D6964646C657761726509
:10395000735C4672656552544F535C71756575654D
:103960002E6300004572726F723A2025732C202559
:10397000640D0A0070B505460E460E480068C06822
:10398000C468201D08F014FC94F8280000F004001E
:1039900028B132462946204600F0FEF805E094F8AA
:1039A000280000F0FE0084F828002046216A88479D
:1039B00070BD00002403002070B586B08AE0029834
:1039C00000280CDA03AE2EB940F2063247A150A00F
:1039D000F1F768FAD6E90020B168904700BF029875
:1039E000002877DB049C606908B9012000E0002012
:1039F00010B9201D08F0DCFB01A800F0F9F805461D
:103A000002980A2864D2DFE800F06305072E3653D7
:103A100006082F3700BF00BF00BF94F8280040F011
:103A2000010084F828000398A269811803462A46F9
:103A30002046FFF7F5FEA8B194F8280000F0040036
:103A400038B10398A26981182A46204600F0A4F8EC
:103A500005E094F8280000F0FE0084F828002046D5
:103A6000216A884735E000BF94F8280000F0FE0086
:103A700084F828002DE000BF94F8280040F00100F1
:103A800084F828000398A061A06908B1012000E033
:103A9000002028B940F2593214A11DA0F1F702FA12
:103AA000A06941192B462A462046FFF7B9FE10E0CF
:103AB00094F8280000F0020018B9204608F04EFCE7
:103AC00005E094F8280000F0FE0084F8280000E0EB
:103AD00000BF00BF002202A91148006809F0D2FC13
:103AE00000287FF46CAF06B070BD00002E2E5C2E57
:103AF0002E5C4D6964646C6577617265735C4672B7
:103B0000656552544F535C74696D6572732E630022
:103B10004572726F723A2025732C2025640D0A00BD
:103B20002C030020F8B505460C4609F01DF8684640
:103B300000F05EF80646009820BB44B9B54206D8AE
:103B40000AF0C8F931462846FFF714FF1CE03CB1E3
:103B50000E480068006808B9012000E00020044613
:103B6000A91B22460A48006808F07CFD0AF0B2F959
:103B700050B94FF0805007490860BFF34F8FBFF333
:103B80006F8F01E00AF0A6F9F8BD000028030020BD
:103B90002C03002004ED00E070B504460D461646E7
:103BA00004E0A06905442046216A8847A0694119BC
:103BB0002B4632462046FFF733FE0028F1D170BD78
:103BC00009480068006808B9012000E0002020B121
:103BD0004FF0FF300549086005E003480068C06801
:103BE0000068024908607047E802002014030020C2
:103BF00070B5044609F0D0FE0546074800688542C6
:103C000004D200F00BF80120206001E000202060C9
:103C100001480560284670BD3403002070B508E0F7
:103C20000D480068C06804684FF0FF312046FFF778
:103C3000A1FE09480068006808B9012000E00020E2
:103C40000028EDD00448056804480068024908606F
:103C50000248056070BD00002403002028030020F6
:103C60000B480068401C08B9012000E0002020B982
:103C7000E92208A116A0F1F715F900BF502080F342
:103C80001188BFF34F8FBFF36F8F00BF00BFFEE7F8
:103C9000580300202E2E5C2E2E5C4D6964646C65EA
:103CA00077617265735C4672656552544F535C7000
:103CB0006F727461626C655C525644535C41524D44
:103CC0005F434D34465C706F72742E6300000000D9
:103CD0004572726F723A2025732C2025640D0A00FC
:103CE00008B500BF6846FFF7E3FB0446204600998D
:103CF000FFF718FFFFF760FEF4E770B5044608F021
:103D0000A1FA94F9455019E0A06C30B12046FFF7B4
:103D1000CFFD88B108F0ACFD0EE0606A08B9012063
:103D200000E0002038B904F124000AF02DF818B1A1
:103D300008F09EFD00E003E0681E45B2002DE3DCC4
:103D400000BFFF2084F8450008F0C8FA08F07AFAAE
:103D500094F9445010E0206908B9012000E00020E7
:103D600048B904F110000AF00FF808B108F080FD1E
:103D7000681E45B200E001E0002DECDC00BFFF2032
:103D800084F8440008F0AAFA70BD00000146024819
:103D90000068084470470000F80100202DE9FC414C
:103DA00004460E4615461F464FF00008022104F156
:103DB000EC00FDF779F8A8B1022000213B460A4645
:103DC000CDE90010314604F1EC00FDF714F8294666
:103DD00004F1EC00FDF753F804F1EC00E168FDF7A5
:103DE00093F803E000BF00BF4FF0FF384046BDE846
:103DF000FC8100002DE9F04104464FF0000808F076
:103E0000B3FE4948006808B9FFF766FB47480068F9
:103E10002040002875D1002C23D004F10800A042D6
:103E20001FD9083404F0070000281BD004F0070055
:103E3000C0F108002044A04211D904F00700C0F1ED
:103E40000800044404F0070008B9012000E0002045
:103E500040B99C2236A144A0F1F724F802E00024E6
:103E600000E00024002C4CD043480068844248D82D
:103E7000424E3046056801E02E462D686868A04233
:103E800002D228680028F7D127480068854238D038
:103E9000306800F10808286830606868001B102846
:103EA00013D92F1907F0070008B9012000E00020FE
:103EB00020B9CF221EA12CA0F0F7F4FF6868001BE8
:103EC00078606C603846FFF777FC2B4968680968B2
:103ED000081A294908600846006829490968884283
:103EE00003D22548006826490860104968680968B7
:103EF000084368600020286022480068401C21496F
:103F0000086009F0E7FF08F0070008B9012000E0A9
:103F1000002028B94FF4887205A113A0F0F7C2FF62
:103F20004046BDE8F081000040030020540300201B
:103F30002E2E5C2E2E5C4D6964646C657761726513
:103F4000735C4672656552544F535C706F72746156
:103F5000626C655C4D656D4D616E675C6865617036
:103F60005F342E63000000004572726F723A2025A4
:103F7000732C2025640D0A00440300203803002020
:103F8000480300204C0300200648006830B1054972
:103F9000096801F15000096D491C01600148006881
:103FA00070470000E4020020001F4FF080730360A0
:103FB000001F21F001030360001F054B036014384C
:103FC0000260001F6FF0020303602038704700009A
:103FD000613C0108014608687047000000B58DB0DB
:103FE00000BF00BF002000907148006840F0400012
:103FF0006F4908600846006800F04000009000BF6C
:1040000000BF00BF00BF00BF00200090084600684E
:1040100040F0080008600846006800F008000090C2
:1040200000BF00BF00BF00BF00BF002000900846D7
:10403000006840F0080008600846006800F00800CA
:10404000009000BF00BF00BF00BF00200090584894
:104050000830006840F00100554908310860084602
:10406000006800F00100009000BF00BF00BF00200A
:1040700000904F48006840F008004D49086008462D
:10408000006800F00800009000BF00BF00BF0020E3
:1040900000900846006840F010000860084600687C
:1040A00000F01000009000BF00BF00BF0020009093
:1040B0000846006840F0200008600846006800F0EC
:1040C0002000009000BF00BF00BF00200090084605
:1040D000006840F0400008600846006800F04000BA
:1040E000009000BF00BF0815089002200990012031
:1040F0000A9002200B900C200C9008A92D48EDF797
:1041000083FD2020089008A92B48EDF77DFD1020A5
:10411000089008A92848EDF777FD4FF6037008903E
:104120000220099001200A9002200B9008A9224841
:10413000EDF76AFD4FF68370089008A91F48EDF768
:1041400063FD4FF23F00089008A91D48EDF75CFDA4
:104150003F20089008A91748EDF756FD4FF0204082
:1041600018490860184848600420886000211548F4
:10417000C16001611021416100218161C161416221
:104180004FF4805181620021C16201634163816308
:1041900000200190029006200390002004900790D8
:1041A00001AA01A90748EEF797FA0DB000BD00007B
:1041B0003038024000180240000C0240001002405B
:1041C00000140240D4040020040100A03EB50446BF
:1041D00000BF5648564988610120FBF7A7F931E036
:1041E0004FF4784053A110221346CDE900210290EC
:1041F000C8226E211E20FAF77BF94FF4FA70F2F70D
:1042000095F84FF6FF704223E622322100901E20DF
:10421000F9F75AFC4FF478404BA110221346CDE930
:1042200000210290C8226E211E20FAF761F94FF496
:10423000FA70F2F77BF800BF4FF480614748EDF762
:10424000EDFD00BFFAF710FC0028C9D102E044A040
:10425000F0F728FE1120F5F7F7FA0028F7D002E072
:10426000052008F025FA3248807D022803D0304826
:10427000807DFF28F4D107F0E5FF4648006830B99B
:1042800003220021012008F0D7FD4249086042487E
:10429000006830B903220021012008F0CDFD3E491D
:1042A00008603E4801231A460A2100903CA009F00C
:1042B000E1FE3E4908603E48022301224FF47A7134
:1042C00000903CA009F0D6FE3D4908603D480C2115
:1042D00000238022CDE900103BA13E4809F016FBE7
:1042E0003D480C2100238022CDE900103BA13E482F
:1042F00009F00CFB3D480B2100234FF48062CDE90F
:1043000000103BA13E4809F001FB3E480921002373
:104310008022CDE900103CA13E4809F0F7FA3E4862
:10432000006808F007FA07F0D9FF3EBD2DF5000838
:104330007C5A01206C77495020496E69742066616F
:10434000696C6564212100005265747279696E6739
:104350002E2E2E202020202020200000001402409D
:104360004D4355D3EB504859D0BEC6ACCDA8D0C5AF
:10437000CAA7B0DCA3ACC7EBBCECB2E9B5E7C2B7E7
:10438000BBF2D5DFD4B4C2EBA3A1A3A1A3A1A3A187
:104390000D0A0000180000201C000020F948000849
:1043A00054696D657231306D73000000200000208B
:1043B000D148000854696D6572313030306D73003A
:1043C00024000020100000207461736B5F31306D99
:1043D00073000000914D0108140000207461736B9C
:1043E0005F313030306D7300514D010808000020FE
:1043F0006C7769705F64656D6F5F7461736B0000EB
:10440000FDEC00080C0000206C65645F7461736B48
:1044100000000000ADE60008040000202DE9F8438C
:1044200005460E46174600BF25B900BF1CA0F0F791
:1044300039FD00BF00BF00BF286820B900BF1CA025
:10444000F0F730FD00BF00BF06B96E467FB94FF0F0
:10445000FF323146286809F015F8044600BF012CE8
:1044600004D000BF17A0F0F71DFD00BF16E0B8464E
:1044700042463146286809F005F8044624B9002070
:104480003060401EBDE8F88300BF012C04D000BF9F
:104490000CA0F0F707FD00BF00BF00BF0120F1E74F
:1044A0006D626F7820213D204E554C4C000000007D
:1044B0006D626F782D3E6D627820213D204E554C07
:1044C0004C0000006D626F7820666574636820663A
:1044D00061696C656400000010B507F0B3FE01204F
:1044E00010BD00002DE9F04105460E4600BF25B97C
:1044F00000BF1AA0F0F7D6FC00BF00BF00BF2868BD
:1045000020B900BF18A0F0F7CDFC00BF00BF76B9FE
:104510004FF0FF31286809F075F8044600BF012C00
:1045200004D000BF15A0F0F7BDFC00BF14E0374673
:104530003946286809F066F804461CB94FF0FF3088
:10454000BDE8F08100BF012C04D000BF0BA0F0F744
:10455000A9FC00BF00BF00BF0120F1E773656D201B
:10456000213D204E554C4C0073656D2D3E73656D9D
:1045700020213D204E554C4C0000000074616B69B9
:104580006E672073656D6170686F72652066616922
:104590006C65640010B5044607F0A0FE10BD000075
:1045A0002DE9F04100F042F9074600BF0F480468CA
:1045B0000CB9BDE8F0816068381AB0F1004F01D342
:1045C000012000E0002000B1F3E7084920680860FE
:1045D000A568E66806496068086021460A20FBF77E
:1045E00027FC0DB13046A847E0E700009402002008
:1045F000980200207047000070B504460D4600BFC9
:1046000024B900BF0DA0F0F74DFC00BF00BF00BFF4
:10461000002D04DC00BF0DA0F0F744FC00BF00BF7C
:1046200000220421284608F007FC2060206810B909
:104630004FF0FF3070BD0020FCE700006D626F7826
:1046400020213D204E554C4C0000000073697A65D6
:10465000203E20300000000073B5044600BF24B99E
:1046600000BF12A0F0F71EFC00BF00BF00BF206813
:1046700020B900BF11A0F0F715FC00BF00BF002358
:104680001A4601A9206808F09DFC0546012D01D1BC
:1046900000207CBD00BF25B100BF0DA0F0F702FCDB
:1046A00000BF00BF4FF0FF30F3E700006D626F788E
:1046B00020213D204E554C4C000000006D626F786B
:1046C0002D3E6D627820213D204E554C4C0000005F
:1046D0006D626F7820747279706F7374206661698F
:1046E0006C65640070B5044600BF24B900BF0FA01C
:1046F000F0F7D8FB00BF00BF00BF206820B900BFA3
:104700000EA0F0F7CFFB00BF00BF4FF0FF312068D5
:1047100009F05AF8054600BF012D04D000BF0CA0D7
:10472000F0F7C0FB00BF00BF70BD00006D75746581
:104730007820213D204E554C4C0000006D7574656D
:10474000782D3E6D757420213D204E554C4C000057
:104750006661696C656420746F2074616B65207498
:104760006865206D757465780000000010B504461A
:1047700000BF24B900BF08A0F0F794FB00BF00BF42
:10478000042008F047FB2060206810B94FF0FF308C
:1047900010BD0020FCE700006D7574657820213D98
:1047A000204E554C4C00000070B5044600BF24B9A3
:1047B00000BF0EA0F0F776FB00BF00BF00BF20686F
:1047C00020B900BF0DA0F0F76DFB00BF00BF20684F
:1047D00008F01EFE054600BF012D04D000BF0CA04E
:1047E000F0F760FB00BF00BF70BD00006D75746521
:1047F0007820213D204E554C4C0000006D757465AD
:10480000782D3E6D757420213D204E554C4C000096
:104810006661696C656420746F20676976652074D1
:104820006865206D757465780000000010B509F0AA
:10483000B3F810BD10B5044600BF24B900BF0AA0EC
:10484000F0F730FB00BF00BF00BF206820B900BFF9
:1048500008A0F0F727FB00BF00BF206807F09CFE10
:104860000020206010BD000073656D20213D204EAA
:10487000554C4C0073656D2D3E73656D20213D20B8
:104880004E554C4C0000000070B504460D4600BF6C
:1048900024B900BF17A0F0F705FB00BF00BF00BFA1
:1048A00035B1012D04D000BF15A0F0F7FBFA00BF11
:1048B00000BF03220021012008F0BEFA206020681A
:1048C00010B94FF0FF3070BD012D10D100231A46F2
:1048D0001946206808F076FB064600BF012E04D07A
:1048E00000BF10A0F0F7DEFA00BF00BF00BF00203D
:1048F000E9E7000073656D20213D204E554C4C00CA
:10490000696E697469616C5F636F756E7420696E3E
:1049100076616C696420286E6F742030206F72207D
:10492000312900007379735F73656D5F6E65773A47
:1049300020696E697469616C2067697665206661BB
:10494000696C65640000000070B5044600BF24B9BE
:1049500000BF10A0F0F7A6FA00BF00BF00BF20689C
:1049600020B900BF0EA0F0F79DFA00BF00BF0023E2
:104970001A461946206808F025FB054600BF012DA0
:1049800005D025B100BF0BA0F0F78CFA00BF00BF27
:1049900070BD000073656D20213D204E554C4C00CC
:1049A00073656D2D3E73656D20213D204E554C4C39
:1049B000000000007379735F73656D5F7369676EE4
:1049C000616C3A2073616E652072657475726E2039
:1049D00076616C75650000002DE9F04192B080466B
:1049E0000C4615461E46002700BF002000902A48AE
:1049F000006840F08050284908600846006800F0D0
:104A00008050009000BF00BF00BF002000902348EE
:104A1000006840F48040214908600846006800F4BE
:104A20008040009000BF00BF012001900004029070
:104A30000220079041050891CDF8288009940B9534
:104A40000C9601A8EDF7FAFB07461FB1012012B042
:104A5000BDE8F0810F200D9002200E9000200F90F5
:104A60004FF4A05010904FF48050119004210DA8E5
:104A7000EDF7A4FA07460FB10120E8E7EDF7DEF9FC
:104A800041F20101884205D10548006840F4807078
:104A9000034908600020DAE7403802400070004017
:104AA000003C02402DE9FF4706460F4690461C4653
:104AB000DDF830A000BF002C04DC00BF0FA0F0F731
:104AC000F1F900BF00BFA14603A81FFA89F24346CF
:104AD0003146CDE900A0384608F018FF054600BF72
:104AE000012D04D000BF0AA0F0F7DCF900BF00BF21
:104AF00003980290029804B0BDE8F087696E766171
:104B00006C696420737461636B73697A650000007B
:104B10007461736B206372656174696F6E20666186
:104B2000696C6564000000002DE9F04104460E4602
:104B3000174600BFB4F1804F04D300BF07A0F0F7C1
:104B4000B1F900BF00BFFFF771FE05193A463146C3
:104B5000284600F01FF8BDE8F081000054696D653B
:104B60006F75742074696D6520746F6F206C6F6E43
:104B7000672C206D6178206973204C5749505F5530
:104B8000494E5433325F4D41582F34206D73656365
:104B9000730000002DE9F04106460F4690460A20BA
:104BA000FBF794F904464CB900BF24B900BF1FA01D
:104BB000F0F778F900BF00BFBDE8F0810020206069
:104BC000A760C4F80C8066602848006810B92748C0
:104BD0000460F1E72549606809684968401AB0F146
:104BE000004F01D3012000E0002028B11F480068D9
:104BF00020601E48046017E01C48056811E0286822
:104C000050B1606829684968401AB0F1004F01D37B
:104C1000012000E0002018B1286820602C6002E02C
:104C20002D68002DEBD100BF00BFC5E77379735F1E
:104C300074696D656F75743A2074696D656F75740C
:104C400020213D204E554C4C2C20706F6F6C204D18
:104C5000454D505F5359535F54494D454F5554206E
:104C6000697320656D707479000000009402002063
:104C700010B5012408E0064901EBC40251F83400E4
:104C80000449FFF751FF641C062CF4D310BD00004B
:104C9000001302085DEB000870B51348006810B9F6
:104CA0004FF0FF3070BDFFF7C1FD04460E480068AD
:104CB0004068001BB0F1004F01D3012000E000204C
:104CC00008B10020EEE7084800684068051B00BFF7
:104CD000B5F1004F04D300BF04A0F0F7E3F800BF24
:104CE00000BF2846DEE7000094020020696E76616E
:104CF0006C696420736C65657074696D6500000093
:104D00002DE9F04106460F461048006808B9BDE895
:104D1000F0810E480468002513E0A068B0420ED16F
:104D2000E068B8420BD11DB908492068086001E06D
:104D30002068286021460A20FBF77AF8E7E7254635
:104D40002468002CE9D100BFE1E7000094020020B4
:104D50000CE04FF0FF310648006808F053FC0548AE
:104D6000017805A0F0F79EF8F1F728FAF1E70000C6
:104D70001C000020290000207461736B313030303A
:104D80006D73436F756E7465723A2025750A000065
:104D900012E04FF0FF310948006808F033FC084882
:104DA0000078642190FBF1F201FB120020B9044865
:104DB000017804A0F0F776F8EBE700001800002077
:104DC000280000207461736B31306D73436F756E12
:104DD0007465723A2025750A000000002DE9FF5F16
:104DE00004460E4600BF34B900BF3DA0F0F75AF8A4
:104DF00000BFBDE8FF9F00BF00BF207D012804D198
:104E000000BF3EA0F0F74EF800BF00BF207D0A288B
:104E100007D12146464802F005FB204600F046FE39
:104E20005CE04FF0000AD346276DD4F82480D4F814
:104E30008C50D4F81090207DE8B9E08A38B300BFD8
:104E40003C480068A04205D13A480068C06839492A
:104E500008600DE03749086806E0C168A14202D148
:104E6000E168C16002E0C0680028F6D100BF00BF61
:104E70000020E0600BE0B246B4F816B000BF214657
:104E80002D4802F0CFFA01202C49087000BF206F96
:104E900010B1206F03F0BFFDE06E10B1E06E03F0C3
:104EA000BAFDBAF1000F0CD000BF00BF208B211D4E
:104EB00023464246CDE9001B02903946204603F0C6
:104EC0003BFD207D0390204600F0F0FD00BF1DB1AA
:104ED0006FF00C014846A84700BF00BF00BF88E73D
:104EE0007463705F6162616E646F6E3A20696E76A2
:104EF000616C69642070636200000000646F6E275B
:104F0000742063616C6C207463705F61626F727493
:104F10002F7463705F6162616E646F6E20666F7282
:104F2000206C697374656E2D7063627300000000FD
:104F300060020020540200205C0200206402002075
:104F400010B5044601212046FFF748FF10BD0000C0
:104F500070B505460120FAF7B9FF04465CBB00F0C6
:104F600083FE00BF00BF01F06FFB0120FAF7AEFF28
:104F70000446FCB900BF00BF092001F02BFB012053
:104F8000FAF7A4FF0446A4B900BF00BF082001F04F
:104F900021FB0120FAF79AFF04464CB900BF00BF7D
:104FA000284601F0E1FA0120FAF790FF044600BF1D
:104FB00000BF00BF00BF44B398212046EBF7DFF9E4
:104FC0001434657043F6BC60A4F8500040F66830B5
:104FD000E082A082FF2004F8090C4FF40670E08301
:104FE0000620A0856085C01FA0830120A0860848F8
:104FF0000068E06007480078A07243F6BC60E08675
:105000000548E0660548E067143C204670BD000096
:1050100050020020660200200585010800DD6D00B9
:1050200000B10161704700002DE9F04705460C46CC
:1050300017464FF0040904B92A4C00BF45B900BF18
:1050400029A0EFF72FFF00BF6FF00F00BDE8F0873A
:1050500000BF00BF287D38B100BF29A0EFF722FFB5
:1050600000BF6FF00500F1E700BF37B901F076FC33
:1050700007460FBB6FF00100E8E74FF0000819E0AA
:10508000294850F82800066810E0F08AB8420CD190
:1050900046B1306830B12CB1206818B13068216851
:1050A000884202D16FF00700D0E7F668002EECD1FD
:1050B00008F10108C845E3DB34B1206820B10CB920
:1050C000002000E020682860EF8200BF17480068D9
:1050D000E8601648056004F0F1F900BF00BF00BFAA
:1050E0000020B3E7341302087463705F62696E6472
:1050F0003A20696E76616C6964207063620000001A
:105100007463705F62696E643A2063616E206F6ED3
:105110006C792062696E6420696E207374617465B5
:1051200020434C4F53454400F01202085402002023
:1051300010B5044600BF3CB900BF0CA0EFF7B2FEAB
:1051400000BF6FF00F0010BD00BF00BF00BF207D8B
:10515000012805D000BF608B40F01000608300BFC5
:105160000121204600F00EF8EDE700007463705F47
:10517000636C6F73653A20696E76616C6964207048
:10518000636200003EB504460D4600BF24B900BF6F
:1051900051A0EFF787FE00BF00BF002D53D0207D48
:1051A000042802D0207D07284DD1606F20B9208DC2
:1051B00040F66831884246D000BFA07E00F0100063
:1051C00020B900BF4CA0EFF76DFE00BF00BF208BE1
:1051D000E18A221DCDE90021029023462046626A21
:1051E000216D03F0A9FB204602F0D8F800BF00BFF4
:1051F00048480068A04205D146480068C068454953
:1052000008600DE04349086806E0C168A14202D188
:10521000E168C16002E0C0680028F6D100BF00BFAD
:105220000020E06000BF01203B49087000BF3B4800
:105230000068A04202D104F0DDF902E0204600F04F
:1052400035FC00203EBD207D20B1012824D002285D
:105250003AD12CE0E08AD8B100BF31480068A042C2
:1052600005D12F480068C0682D4908600DE02C4921
:10527000086806E0C168A14202D1E168C16002E0AD
:10528000C0680028F6D100BF00BF0020E06000BF6A
:10529000204600F00BFC1BE0204601F0F5F921460A
:1052A000204802F0BFF8204600F09AFC10E000BF52
:1052B0002146184802F0B6F801201749087000BFCF
:1052C000204600F0F3FB03E0204600F02DF8B9E79C
:1052D00000BF0020B6E700007463705F636C6F73FB
:1052E000655F73687574646F776E3A20696E766176
:1052F0006C696420706362007063622D3E666C614D
:10530000677320262054465F5258434C4F53454400
:10531000000000005C0200206402002090020020D7
:10532000540200205802002070B5054600BF25B980
:1053300000BF1CA0EFF7B6FD00BF00BF287D03280B
:1053400004D004280AD0072818D10FE0284603F01B
:10535000DFFB04460CB90520287511E0284603F050
:10536000D7FB04460CB90520287509E0284603F050
:10537000CFFB04460CB90920287501E0002070BD60
:1053800000BF1CB9284601F043FB09E0601C38B996
:1053900000BF688B40F00800688300BF0020EEE784
:1053A0002046ECE770636220213D204E554C4C00B6
:1053B0002DE9F05F04460E4691469A46002700BF4D
:1053C00044B900BF58A0EFF76DFD00BF6FF00F00AC
:1053D000BDE8F09F00BF00BF3EB900BF59A0EFF786
:1053E00061FD00BF6FF00F00F2E700BF00BF207D3E
:1053F00038B100BF5AA0EFF755FD00BF6FF00900AC
:10540000E6E700BF00BF00BF0EB9002000E0306833
:105410006060A4F81890207A20B1207AFCF782FD11
:10542000074603E0201DF5F76BF9074617B96FF043
:105430000300CDE70CB1206858B90FB1381D00E06A
:105440000020014611B96FF00300C1E70868206031
:1054500000BFB4F816B0E08A38B901F07FFAE082F4
:10546000E08A10B96FF00100B2E7204601F0AAFA15
:105470000546002060622565681E6064A065E065E1
:1054800040F6683060852085606AE06240F66830EA
:10549000A4F860004FF406706086608E221D3946C5
:1054A00000F034F960860120A4F84800C4F884A014
:1054B0000221204600F062F98046B8F1000F31D198
:1054C00002202075BBF1000F1BD000BF30480068E0
:1054D000A04205D12E480068C0682D4908600DE043
:1054E0002B49086806E0C168A14202D1E168C160A9
:1054F00002E0C0680028F6D100BF00BF0020E060D5
:1055000000BF00BF00BF23480068E060214804607E
:1055100003F0D4FF00BF01201F49087000BF2046E0
:1055200001F076FA404653E77463705F636F6E6E06
:105530006563743A20696E76616C69642070636299
:10554000000000007463705F636F6E6E6563743A91
:1055500020696E76616C69642069706164647200B0
:105560007463705F636F6E6E6563743A2063616E1F
:10557000206F6E6C7920636F6E6E65637420667247
:105580006F6D20737461746520434C4F5345440024
:10559000540200205C020020640200202DE9F05F2C
:1055A00080460D4691469A460A9F00BFB8F1000F0B
:1055B00004D100BF3EA0EFF775FC00BF00BF00BFE5
:1055C00025B900BF42A0EFF76DFC00BF00BF07F098
:1055D000010008B1042000E0002007F0020109B139
:1055E000002100E00021084407F0080109B1002172
:1055F00000E00021084407F0100109B1002100E09B
:10560000002146180320FAF761FC041E07D100BFF1
:1056100000BF2846FDF708FA0020BDE8F09F277379
:1056200000202060656000BF2889B04204DA00BF16
:1056300030A0EFF737FC00BF00BF2889801B208116
:105640000020608114212846FCF7C6FD30B100BF60
:1056500000BF204603F0D2F90020DEE76068406812
:105660002061B8F81600F9F7C0FB21690880B8F886
:105670001800F9F7BAFB216948805046F9F7A8FBF2
:1056800021694860B346F11706EB91718910491DF5
:105690004FF6FF7202EA013141EA0900F9F7A5FB72
:1056A000216988810020216948822046B5E70000F1
:1056B0007463705F6372656174655F7365676D6560
:1056C0006E743A20696E76616C6964207063620062
:1056D0007463705F6372656174655F7365676D6540
:1056E0006E743A20696E76616C69642070627566CA
:1056F00000000000702D3E746F745F6C656E203E7C
:105700003D206F70746C656E000000002DE9F04163
:1057100006460D46174600BF27B900BF0DA0EFF79C
:10572000C1FB00BF00BF15B93046BDE8F0812C8D2C
:1057300074B12820844202DD211A89B200E00021E0
:105740008846464501DA314600E041460E4600BF34
:105750003046EAE77463705F6566665F73656E6422
:105760005F6D73735F6E657469663A20696E76610A
:105770006C6964206473745F697000002DE9F843FC
:1057800004460D460027B94600BF00BF00BF05F024
:10579000030020B900BF5648EFF784FB00BF00BFED
:1057A00000BF24B900BF53A0EFF77CFB00BF00BFD0
:1057B00005F0020000B1012707F0010008B1042044
:1057C00000E0002007F0020109B1002100E0002103
:1057D000084407F0080109B1002100E00021084455
:1057E00007F0100109B1002100E0002100EB0109E0
:1057F0004FF4207249463620FCF740FDB0F1000816
:1058000009D100BF608B40F08000608300BF4FF083
:10581000FF30BDE8F88300BFB8F80A00484504DA55
:1058200000BF3CA0EFF73EFB00BF00BF00972A4639
:1058300041462046E36DFFF7B1FE061E07D100BFCB
:10584000608B40F08000608300BF701EE1E700BF06
:10585000307C00F0030020B100BF3DA0EFF722FB39
:1058600000BF00BF00BF308920B100BF3EA0EFF7EE
:1058700019FB00BF00BF00BF00BFE06E08B9E666BD
:1058800007E0E06E00E0006801680029FBD10660D7
:1058900000BF0020A4F8680005F0020010B905F070
:1058A000010010B1E06D401CE06505F0010028B179
:1058B00000BF608B40F02000608300BF7068FCF781
:1058C000CCFEB4F866100844A4F8660000BF00BF20
:1058D000B4F8660050B100BF206F30B9E06E20B957
:1058E00000BF2CA0EFF7DEFA00BF00BF002090E75A
:1058F000281602087463705F656E71756575655F63
:10590000666C6167733A20696E76616C69642070B9
:10591000636200007463705F656E71756575655FC5
:10592000666C6167733A20636865636B20746861B5
:105930007420666972737420706275662063616E8C
:1059400020686F6C64206F70746C656E00000000DE
:105950007365672D3E746370686472206E6F742087
:10596000616C69676E6564007463705F656E717504
:105970006575655F666C6167733A20696E76616C08
:105980006964207365676D656E74206C656E6774FD
:10599000680000007463705F656E71756575655FA2
:1059A000666C6167733A20696E76616C6964207118
:1059B00075657565206C656E6774680070B5044622
:1059C0000D465CB100BF207D012804D100BF04A0BA
:1059D000EFF768FA00BF00BFC4F88C5070BD00003C
:1059E000696E76616C696420736F636B6574207394
:1059F0007461746520666F72206572722063616CD9
:105A00006C6261636B00000070B525480078401C33
:105A10002349087000BF234804683DE0A07F204967
:105A20000978884237D01E480078A077A07E00F021
:105A3000010088B100BF00BF00BF608B40F00200D2
:105A4000608300BF204600F0E3FF00BF608B4FF68D
:105A5000FC710840608300BFA07E00F0080058B1D0
:105A600000BF00BF00BF608B4FF6F7710840608336
:105A700000BF2046FFF758FCE568606F48B1002082
:105A800009490870204602F003F90748007800B180
:105A9000C1E72C4600E0E468002CBFD170BD0000D7
:105AA000660200205C0200206402002010B504465B
:105AB00000BF207D012804D100BF05A0EFF7F2F957
:105AC00000BF00BF21460120FAF7B2F910BD000067
:105AD0007463705F667265653A204C495354454E55
:105AE000000000002DE9F04705460C469146984617
:105AF00032E000BF00BF264624687068FCF7ADFDA9
:105B0000074600BF00BF00BFB5F86600B84204DA20
:105B100000BF1FA0EFF7C6F900BF00BFB5F86600D1
:105B2000C01BA5F86600308923490988084422492A
:105B30000880304602F062FF00BF00BFB5F8660083
:105B400050B100BF3CB9B8F1000F04D100BF1BA099
:105B5000EFF7A8F900BF00BFB4B121694868F9F7B1
:105B600037F9824621698889F9F73FF900F0030087
:105B700008B1012000E00020218908445044174961
:105B80000968401A0028B4DD2046BDE8F08700000F
:105B90007063622D3E736E645F71756575656C65CB
:105BA0006E203E3D20706275665F636C656E286E88
:105BB0006578742D3E702900840200207463705F44
:105BC000726563656976653A2076616C69642071F7
:105BD00075657565206C656E6774680080020020CD
:105BE00010B5044600BF207D012804D100BF05A0E8
:105BF000EFF758F900BF00BF21460220FAF718F965
:105C000010BD00007463705F667265655F6C6973D8
:105C100074656E3A20214C495354454E00000000F3
:105C20000D4801880088401C0B4A10800B48006812
:105C300018B10B480088814205DA0A48006800F173
:105C40001402505C704706480078081AC2B2034834
:105C50000068805CF6E700007802002074020020F3
:105C6000720200206C02002070B50C48046812E03B
:105C7000E568A07E00F0080058B100BF00BF00BF7B
:105C8000608B4FF6F7710840608300BF2046FFF736
:105C90004BFB2C4600BF002CEAD170BD5C020020FB
:105CA00010B5EAF733FBC0F30D0000F540400149A1
:105CB000088010BD4C0200202DE9FE4F05468B46A2
:105CC00000BF25B900BFFBA0EFF7ECF800BF00BF95
:105CD000FE49686808606889142802DA00BF00BFBE
:105CE00090E3FB4A11685069F4F790F828B9F84836
:105CF000007D00F0F000E02800D183E3F34909685B
:105D00008889F9F772F800138700142F02DB2889BD
:105D1000B84202DA00BF00BF74E3A7F11400ED49F6
:105D200008800020EC4908606889B84208DBE9482F
:105D30000088EA49088039462846FCF7F9FF43E025
:105D400000BF286820B900BFE5A0EFF7ABF800BF9F
:105D500000BF14212846FCF7EBFF6889DF49088063
:105D6000DC4800880988401A1FFA80FADB4801885D
:105D70002846FCF7DDFF28684089504502DA00BF5D
:105D800000BF3FE328684068D3490860514628684F
:105D9000FCF7CEFF2889A0EB0A00288100BF6889A4
:105DA00020B100BFD2A0EFF77DF800BF00BF00BF59
:105DB000288929680989884204D000BFCFA0EFF75D
:105DC00071F800BF00BF00BFC04909680888F9F733
:105DD0000CF8BE4909680880BC4909684888F9F789
:105DE00004F8BA4909684880B84909684868F8F76A
:105DF000EFFFB64909684860C8490860B3490968B7
:105E00008868F8F7E5FFB14909688860C449086007
:105E1000AE490968C889F8F7E8FFAC490968C88144
:105E2000AA4909688889F8F7E0FF00F03F00BD49FA
:105E300008702889BC490880BA48007800F003003F
:105E400050B108460088401C08802889098888428B
:105E500002DD00BF00BFD5E24FF00009B34804687F
:105E600062E000BF207D20B900BFB1A0EFF71AF8B3
:105E700000BF00BF00BF207D0A2804D100BFB6A02C
:105E8000EFF710F800BF00BF00BF207D012804D14C
:105E900000BFBCA0EFF706F800BF00BF207A50B1EA
:105EA000217A8B48406890F83400401CC0B281428F
:105EB00001D0A14637E0208B8449096809888842CF
:105EC0002FD1E08A814909684988884229D18049CF
:105ED00060680969884224D17D49206849698842FF
:105EE0001FD100BFE068A04204D100BFAFA0EEF711
:105EF000D9FF00BF00BFB9F1000F07D0E068C9F8B3
:105F00000C008A480068E0608848046000BFE068D0
:105F1000A04204D100BFB0A0EEF7C4FF00BF00BF95
:105F200004E0A14600BFE468002C9AD100BF002C19
:105F300079D1B448046837E000BF207D0A2804D036
:105F400000BFB1A0EEF7AEFF00BF00BF207A48B19E
:105F5000217A5F48406890F83400401CC0B281420A
:105F600000D020E0208B594909680988884219D15E
:105F7000E08A564909684988884213D154496068C3
:105F8000096988420ED1524920684969884209D17D
:105F900000BF00BF204603F0ADFA2846FCF744FDE1
:105FA000BDE8FE8F00BFE468002CC5D1A146A24821
:105FB00006681FE0307A50B1317A4548406890F861
:105FC0003400401CC0B2814201D0B14611E0F08AD9
:105FD0003E4909684988884209D13D493068496984
:105FE000884200D108E00EB1306800B904E0B14643
:105FF00000BFF668002EDDD100BF9EB1B9F1000FE1
:1060000007D0F068C9F80C008B480068F0608A4837
:10601000066000BF00BF304600F06CFB2846FCF76E
:1060200003FDBDE7FFE7002C42D000208349086054
:1060300028890881084645602448006808610020D6
:106040007F4908607F4908707F490880354800789B
:1060500000F0080018B1687B40F001006873606FC1
:1060600080B1204601F014FE0D3028B1606F48B1B8
:106070002D480088002805DD608D10B9204602F00B
:10608000D7FC89E171480460204601F097FA804608
:1060900008F10D0000280CD06A48007800F00800D4
:1060A00020B100BFD4F88C0008B1D1E0DFE0D5E02A
:1060B00082E170E17463705F696E7075743A206993
:1060C0006E76616C69642070627566006C020020F7
:1060D000586A002070020020740200207202002022
:1060E000702D3E6E65787420213D204E554C4C003D
:1060F000702D3E6C656E203D3D203000702D3E744D
:106100006F745F6C656E203D3D20702D3E6E65782E
:10611000742D3E746F745F6C656E00007C0200200D
:106120008002002088020020860200205C020020FD
:106130007463705F696E7075743A20616374697618
:1061400065207063622D3E737461746520213D206B
:10615000434C4F53454400007463705F696E707523
:10616000743A20616374697665207063622D3E73B2
:106170007461746520213D2054494D452D57414996
:10618000540000007463705F696E7075743A20612A
:106190006374697665207063622D3E737461746503
:1061A00020213D204C495354454E00007463705FDC
:1061B000696E7075743A207063622D3E6E657874F6
:1061C00020213D2070636220286265666F72652021
:1061D00063616368652900007463705F696E707540
:1061E000743A207063622D3E6E65787420213D20E4
:1061F00070636220286166746572206361636865FC
:1062000029000000600200207463705F696E707581
:10621000743A2054494D452D5741495420706362CA
:106220002D3E7374617465203D3D2054494D452DCC
:106230005741495400000000580200203459012001
:106240008C0200208902002084020020900200209D
:106250006FF00D01D4F88C202069904700BF2146D3
:106260006B4801F0DFF82046FFF720FC93E04FF089
:10627000000868480088002817DD6648B0F800A0CC
:1062800000BFE06F30B152462146E36F2069984766
:10629000804601E04FF0000800BF08F10D0000B992
:1062A0007AE000205B49088000BF204600F0D4F867
:1062B00000B171E05848006878B300BF606F20B14A
:1062C00000BF56A0EEF7EEFD00BF00BFA07E00F0BD
:1062D000100038B150480068FCF7A6FB2046FEF7D6
:1062E0002FFE59E000BFD4F8800048B100234A498E
:1062F000D4F880C020690A682146E047804607E05C
:106300000023454821460268184602F0FBF8804603
:1063100000BF08F10D0008B93EE007E0B8F1000F3A
:1063200004D03D480068606700BF00BF4248007865
:1063300000F0200020B3606F30B1606F407B40F010
:106340002000616F48731BE0208D40F66831884261
:1063500002D0208D401C208500BFD4F8800040B1C1
:1063600000231A462146D4F880C02069E0478046C1
:1063700001E04FF0000800BF08F10D0000B90BE08C
:1063800000202E490860204600F066F800B103E0C6
:10639000204600F03DFB00BF0020284908601E4950
:1063A00008602748406850B325494868FCF73CFB23
:1063B00000202349486022E000BF00BF214909684E
:1063C0008889F8F712FD00F00400A8B91D4800689C
:1063D00000881C49096849881B4ACDE900210290C0
:1063E0001A4800681A4909884218174B1B1D19489A
:1063F0000168002002F0A0FA2846FCF715FB00BF58
:1064000000BFCDE52846FCF70FFB00BFC8E5000044
:106410005C020020840200208C0200207063622D48
:106420003E726566757365645F64617461203D3DAD
:10643000204E554C4C0000008902002090020020A4
:10644000345901206C020020686A00207C02002080
:10645000860200208002002010B5044600BF24B947
:1064600000BF12A0EEF71EFD00BF00BF1948007864
:1064700000F01000B8B1A07E00F0100050B900BFCD
:10648000D4F88C0028B16FF00E01D4F88C2020696C
:10649000904700BF2146104800F0C4FF2046FFF798
:1064A00005FB012010BD0020FCE700007463705F55
:1064B000696E7075745F64656C617965645F636C47
:1064C0006F73653A20696E76616C696420706362EF
:1064D00000000000890200205C0200202DE9F0414C
:1064E0000446002600BF24B900BF18A0EEF7DAFC6E
:1064F00000BF00BF00BF00BF00BF00BF00BF00BFA4
:1065000000BF00BF216D481EF8F762FC804643467D
:1065100000223146204600F0FBFB05462DB900BFA6
:1065200000BF4FF0FF30BDE8F08100231A46294636
:10653000204600F0D1FC231D22462946204600F0CB
:1065400081FC074600BF00BF3846ECE77463705F0C
:106550006B656570616C6976653A20696E76616C11
:1065600069642070636200002DE9F04107467F2FC7
:1065700001DD7F2000E0384606460EB9BDE8F08117
:10658000701EC6B24FF0000800251048046813E0E2
:10659000607DB04208DB607DB0420CD10C49206ABE
:1065A0000968081A404506D30949206A0968A1EB21
:1065B00000082546667DE468002CE9D125B100BFBE
:1065C00000BF2846FEF7BCFC00BFD7E75C020020F6
:1065D000500200202DE9F041054600BF082D06D0ED
:1065E000092D04D000BF12A0EEF75CFC00BF00BF75
:1065F00000270026124804680EE0207DA8420AD138
:106600001049206A0968081AB84204D30D49206A63
:1066100009680F1A2646E468002CEED12EB100BF9F
:1066200000BF00213046FEF7D9FBBDE8F081000035
:10663000696E76616C696420737461746500000032
:106640005C0200205002002070B5002600250C4896
:1066500004680BE00B49206A0968081AB04204D3A9
:106660000849206A09680E1A2546E468002CF1D111
:1066700025B100BF00BF2846FEF762FC70BD0000D8
:10668000600200205002002070B5044600BF24B90B
:1066900000BF0EA0EEF706FC00BF00BF00BF207DCC
:1066A000012804D000BF0CA0EEF7FCFB00BF00BF28
:1066B000012507E00E4951F825100868214601F030
:1066C000AFFF6D1C042DF5D370BD00007063622018
:1066D000213D204E554C4C007063622D3E73746119
:1066E0007465203D3D204C495354454E0000000048
:1066F000F01202082DE9FE4305465448007800F0E8
:10670000040008B1BDE8FE8300BF25B900BF50A05A
:10671000EEF7C8FB00BF00BF4C48007800F0100047
:10672000C0B100BF00BF52480068008850490968E6
:106730004988504ACDE9002102904F4800684F49EE
:10674000098842184B4B1B1D4D480168284602F032
:10675000F3F879E03D48007800F00200002873D09B
:1067600000BF00BF687DFEF7F3FB044684B900BF9D
:1067700000BF00BFA86938B14FF0FF320021AB69FC
:1067800028699847804601E06FF00F0800BFB9E71D
:106790003848103840692060364810380069606019
:1067A000E88AE08232480068008820830320207550
:1067B00031480068401C6062606AE062204600F078
:1067C00001F90646A66526656664E6652A480068FE
:1067D000401E606528692061A567687A00F00C009A
:1067E0006072287A207200BF00BF26480068E0600F
:1067F0002448046002F062FE00BF012022490870B4
:1068000000BF204600F0D6FC19480068C08924F873
:10681000600F20886080603C201DF3F771FF804688
:10682000608E221D4146FEF771FF608612212046D0
:10683000FEF7A4FF074627B100212046FEF7CEFA57
:1068400060E7204600F0E4F800BF5BE78802002024
:106850007463705F6C697374656E5F696E70757474
:106860003A20696E76616C69642070636200000092
:106870006C020020686A00207C0200208602002052
:10688000800200205C0200206402002070B50646F1
:106890000D46D6B13068C0B10C480168304600F0F2
:1068A0001BF80B480168304600F016F86DB12868F7
:1068B00058B10848046806E020683168884201D170
:1068C00028682060E468002CF6D170BD5C020020CE
:1068D00054020020580200202DE9F04105460E46E2
:1068E000344600BF25B900BF0BA0EEF7DBFA00BFAE
:1068F00000BF0CE020682968884207D1E76800BF24
:1069000000BF2046FEF71CFB3C4600E0E468002C7C
:10691000F0D1BDE8F08100007463705F6E6574694A
:10692000665F69705F616464725F6368616E67650A
:10693000645F7063626C6973743A20696E76616C2F
:106940006964206F6C645F616464720070B50546B1
:106950004020FEF7FDFA0446204670BD10B5002326
:1069600000BF16480088401C144C20802046008838
:106970004FF6FF74A04203D14FF440400F4C2080EB
:10698000002116E00E4850F8210002680DE0D08A80
:106990000A4C2488A04207D1581C83B2B3F5804F1B
:1069A00001DB002010BDDCE7D268002AEFD1481CD3
:1069B000C1B20429E6DB01480088F3E74C0200205D
:1069C000F012020810B5044600BF24B900BF07A0AA
:1069D000EEF768FA00BF00BF0B4800680B49096872
:1069E0000844094908600846006810BD7463705F78
:1069F0006E6578745F6973733A20696E76616C694D
:106A000064207063620000006802002050020020D1
:106A10002DE9F84F044600BF24B900BFA5A0EEF74A
:106A200041FA00BF00BF00BF207D012804D100BF94
:106A3000A6A0EEF737FA00BF00BFAE480068A0423C
:106A400002D10020BDE8F88FB4F86000B4F8481017
:106A5000884202DAB4F8600001E0B4F848008146E8
:106A6000E56E65B900BF00BF00BF00BFA07E00F0AB
:106A7000020018B1204601F0DBFFE3E710E100BFA0
:106A800000BF221D2146204601F046FF074617B9E8
:106A90006FF00300D6E70CB1206858B90FB1381D6C
:106AA00000E00020014611B96FF00300CAE7086852
:106AB000206000BF29694868F8F78AF9616C401ABC
:106AC00029890844484519D9B4F8600048450CD1D3
:106AD000206F50B994F8950038B9002004F8940F4D
:106AE000012060700020A070943CA07E00F00200A5
:106AF00018B1204601F09CFFA4E7D1E0002084F803
:106B00009500266F26B100E0366830680028FBD17A
:106B1000B3E000BF29698889F8F767F900F004003D
:106B200020B100BF74A0EEF7BDF900BF00BF206F19
:106B3000A0B1A07E00F0440080B9E06E38B1E06EF4
:106B4000006858B9E06E0089618E884206DAB4F8B0
:106B5000640018B1B4F86600582801DB012000E099
:106B6000002020B9A07E00F0A00000B991E0207DB7
:106B7000022807D01020F8F738F9296989890843D5
:106B8000296988813A462146284600F001FA00909A
:106B9000009838B100BF608B40F08000608300BF78
:106BA00000984FE7002068812868E066207D022871
:106BB00006D000BF608B4FF6FC710840608300BFB9
:106BC00029694868F8F704F9804629698889F8F73F
:106BD0000CF900F0030008B1012000E00020298931
:106BE000084408EB000A206DB0EB0A0001D5C4F898
:106BF00050A029698889F8F7F8F800F0030008B177
:106C0000012000E000202989084470B3002028609A
:106C1000206F10B925672E462EE029694868F8F7DD
:106C2000D7F8804631694868F8F7D2F8B8EB000029
:106C30001CD504F1700801E0D8F80080D8F80000F5
:106C400068B1D8F8001009694868F8F7C1F88346B8
:106C500029694868F8F7BCF8BBEB0000ECD4D8F819
:106C600000002860C8F8005006E002E03560366891
:106C700002E0284601F0C2FEE56E55B12969486878
:106C8000F8F7A6F8616C401A2989084448457FF650
:106C900040AF00BFE06E10B90020A4F8680000BF4C
:106CA00000BF608B4FF67F710840608300BF0020FB
:106CB000C8E600007463705F6F75747075743A2075
:106CC000696E76616C69642070636200646F6E2720
:106CD000742063616C6C207463705F6F7574707581
:106CE0007420666F72206C697374656E2D706362B8
:106CF0007300000090020020525354206E6F7420E5
:106D0000657870656374656420686572652100004C
:106D10002DE9FF4104460E461746984600BF24B9A8
:106D200000BF0EA0EEF7BEF800BF00BF608D1023BD
:106D3000218BE28ACDE901130092039043463A4643
:106D40003146606A00F01EF805461DB1618D606A2B
:106D50000844E062284604B0BDE8F0817463705FC7
:106D60006F75747075745F616C6C6F635F6865617B
:106D70006465723A20696E76616C69642070636242
:106D8000000000002DE9F05F82460D461746984648
:106D9000DDF830B005F11400384481B24FF42072B0
:106DA0002220FBF76BFA0646002E30D000BF718917
:106DB00005F11400814204DA00BF16A0EEF772F864
:106DC00000BF00BF74680A98F8F70FF820800B988E
:106DD000F8F70BF86080C4F804805046F7F7F8FF26
:106DE000A060A946E91705EB91718910491D4FF67E
:106DF000FF7202EA013141EA0B00F7F7F6FFA081CA
:106E00000D98F7F7F2FFE081002020826082304683
:106E1000BDE8F09F636865636B20746861742066E9
:106E20006972737420706275662063616E20686F8A
:106E30006C6420737472756374207463705F68642B
:106E4000720000002DE9FE4F04460E4692469B4616
:106E500000BF26B900BF15A0EEF724F800BF00BFA1
:106E60005A465146204601F057FD054615B96FF0C8
:106E7000030715E024B194F80B8094F80A9003E01E
:106E80004FF0FF084FF00009062043465A4651468E
:106E9000CDE9009002953046F3F72AFA074600BF85
:106EA0003046FBF7C1FD3846BDE8FE8F7463705F66
:106EB0006F75747075745F636F6E74726F6C5F73EF
:106EC00065676D656E743A20696E76616C696420E1
:106ED00070627566000000002DE9F04781460D469E
:106EE00014469A464FF0000800BF25B900BF19A00C
:106EF000EDF7D8FF00BF00BF6E6806F1140700BFB2
:106F0000384600EB880004F0010109B1042100E0DB
:106F10000021084404F0020109B1002100E0002131
:106F2000084404F0080109B1002100E000210844F0
:106F300004F0100109B1002100E000210844B8422A
:106F400004D000BF0DA0EDF7ADFF00BF00BFBDE84E
:106F5000F08700007463705F6F75747075745F669E
:106F6000696C6C5F6F7074696F6E733A20696E76CE
:106F7000616C696420706275660000006F707469EE
:106F80006F6E73206E6F742066696C6C65640000B0
:106F90002DE9FE4F04460D46164600BF24B900BF3A
:106FA00052A0EDF77FFF00BF00BF00BF25B900BFB3
:106FB00056A0EDF777FF00BF00BF00BF26B900BFA6
:106FC0005AA0EDF76FFF00BF00BF204600F0CCF8DD
:106FD00020B100BF00BF0020BDE8FE8F686AF7F750
:106FE000F7FE21698860688DF7F7FFFE2169C88187
:106FF000698D686A0844E862206900F11407207B03
:1070000000F0010068B12A1D314640F2B450FEF78D
:107010007DFB82464AF00170F7F7DAFE38603F1DCB
:1070200000BFB5F93000002801DA00202886686B1F
:1070300048B947480068686321694868F7F7C8FE9F
:10704000A86300BF00BF00BF00BF208A61688988B5
:10705000401A1FFA80F860684089A0EB0800616858
:10706000488160680089A0EB080061680881616858
:107070002069486000202169088200BF206914301F
:10708000217B01F0010109B1042100E00021084445
:10709000217B01F0020109B1002100E00021084438
:1070A000217B01F0080109B1002100E00021084422
:1070B000217B01F0100109B1002100E0002108440A
:1070C000B84204D000BF23A0EDF7ECFE00BF00BF24
:1070D0000621A87A8DE84300EB7A2A1D29466068CC
:1070E000F3F706F98146484676E700007463705F5F
:1070F0006F75747075745F7365676D656E743A2033
:10710000696E76616C696420736567007463705F93
:107110006F75747075745F7365676D656E743A2012
:10712000696E76616C696420706362007463705F7D
:107130006F75747075745F7365676D656E743A20F2
:10714000696E76616C6964206E6574696600000022
:10715000500200206F7074696F6E73206E6F742020
:1071600066696C6C6564000010B5044600BF24B904
:1071700000BF06A0EDF796FE00BF00BF6068807BF1
:10718000012801D0012010BD0020FCE77463705F6E
:107190006F75747075745F7365676D656E745F622B
:1071A0007573793A20696E76616C696420736567DE
:1071B000000000002DE9F041054600BF25B900BFE1
:1071C0002CA0EDF76FFE00BF00BF314800880028FB
:1071D0004DD000202F49088043E0FEF721FD0746EF
:1071E00027B1012F06D0022F28D106E000BF00BF33
:1071F000BDE8F08100BF00BF31E000BF00BFFEF777
:107200000FFD042806D123480088801C20490988E6
:10721000884202DD00BF00BFEAE7FEF701FD06027B
:10722000FEF7FEFC064340F2B450864200DC16B97D
:1072300040F2B45000E03046688610E000BF00BF66
:10724000FEF7EEFC0446022C02DA00BF00BFCFE7D7
:10725000A01E1049098808440E49088000BF00BFDD
:1072600000BF0C4800880A4909888842B5DB00BF86
:10727000BEE700007463705F70617273656F707455
:107280003A20696E76616C69642070636200000068
:1072900070020020780200202DE9F84F81460C464C
:1072A00017469846DDE90BAB0A9E009400BFB8F183
:1072B000000F04D100BF23A0EDF7F4FD00BF00BF15
:1072C00000BF26B900BF28A0EDF7ECFD00BF00BF4E
:1072D000BC421BDA0AF0020050B9B07E00F0400058
:1072E000A0B9BBF1000F03D0F06E08B9306F68B1E0
:1072F00004F2B75020F00300B84201D9384603E049
:1073000004F2B75020F0030080B200904FF42072D6
:1073100048460099FAF7B2FF054615B90020BDE8C6
:10732000F88F00BF286820B100BF17A0EDF7BAFDA5
:1073300000BF00BF6889001BA8F800002C816C8189
:107340002846ECE77463705F706275665F70726503
:10735000616C6C6F633A20696E76616C6964206F52
:1073600076657273697A65007463705F70627566C2
:107370005F707265616C6C6F633A20696E76616CE8
:1073800069642070636200006E65656420756E63D9
:107390006861696E656420706275660010B50446A8
:1073A00000BF2CB900BF18A0EDF77CFD00BF10BDD9
:1073B00000BF207D30B3207D0A2823D0207D012806
:1073C00020D000BF00BF606F30B100BF00BF606F52
:1073D000FBF72AFB00206067E06E08B100BF00BF2A
:1073E000206F08B100BF00BF4FF0FF302086E06E75
:1073F00001F011FB206F01F00EFB0020E06620671A
:10740000A4F8680000BFD2E77463705F7063625FC6
:1074100070757267653A20696E76616C6964207078
:107420006362000070B505460C4600BF24B900BF7A
:107430002AA0EDF737FD00BF00BF00BF25B900BF90
:107440002DA0EDF72FFD00BF00BF00BF2868A042B0
:1074500003D12868C06828600CE0286806E0C1688D
:10746000A14202D1E168C16002E0C0680028F6D103
:1074700000BF00BF0020E06000BF2046FFF78EFF86
:10748000207D0A280FD0207D01280CD0A07E00F09E
:10749000010040B100BF608B40F00200608300BF7C
:1074A0002046FFF7B5FA207D012811D000BFE06E1D
:1074B00020B100BF18A0EDF7F5FC00BF00BF00BF72
:1074C000206F20B100BF1AA0EDF7ECFC00BF00BF99
:1074D00000202075E08200BF00BF70BD7463705F44
:1074E0007063625F72656D6F76653A20696E766172
:1074F0006C696420706362007463705F7063625FC4
:1075000072656D6F76653A20696E76616C6964208C
:107510007063626C69737400756E73656E7420734A
:1075200065676D656E7473206C65616B696E67006D
:10753000756E61636B6564207365676D656E7473EA
:10754000206C65616B696E670000000070B50446D1
:107550000E46154600BF2CB900BF0AA0EDF7A2FCED
:1075600000BF70BD00BF00BF207D012804D100BF57
:107570000AA0EDF797FC00BF00BFC4F888606577EC
:1075800000BFEEE77463705F706F6C6C3A20696ED9
:1075900076616C696420706362000000696E7661D8
:1075A0006C696420736F636B6574207374617465B8
:1075B00020666F7220706F6C6C0000002DE9FE4336
:1075C00004460027002600BF24B900BFF4A0EDF751
:1075D00069FC00BF00BFF948007800F004000028F3
:1075E00046D0207D022806D1F549206D09688842E1
:1075F0001BD1012719E0F349606A0968884201D16B
:10760000012712E0EF49606A0968081A0DD4218D3C
:10761000606A0844EB490968081A002805DC00BFC5
:10762000608B40F00200608300BFDFB100BF00BF8D
:1076300000BF207D20B900BFE3A0EDF733FC00BF01
:1076400000BFE948007840F00800E749087000BF33
:10765000608B4FF6FE710840608300BF6FF00D0035
:10766000BDE8FE8300BF00BF00BF00BF0020F7E7FA
:10767000D248007800F0020068B1207D02280AD0CC
:10768000207D032807D000BF608B40F0020060839C
:1076900000BF0020E4E7A07E00F0100010B9D3483E
:1076A00000682062002084F8970084F89600204645
:1076B000FFF780FD207D801E08287BD2DFE800F0E8
:1076C00004CAFDFCFBFAF9F800BF00BFBB48007814
:1076D00000F0100000286ED0B848007800F00200DA
:1076E0000028F8D0606C401CB5490968884262D116
:1076F000B4480068401C6062606AE062B04800689C
:107700006064BB480068C089A4F86000B4F86000F9
:10771000A4F86200AB480068401E60650420207534
:10772000201DF2F7EDFF8046608E221D4146FDF7D9
:10773000EDFF6086608E8100400041F21C12904295
:1077400002D9608E400001E041F21C10814202D259
:10775000608E80000AE0608E400041F21C11884279
:1077600002D9608E400001E041F21C10A4F84800EC
:1077700000BF00BF00BFB4F86600002804DC00BFF3
:107780009CA0EDF78FFB00BF00BFB4F86600401E61
:10779000A4F8660000BF00BF256F6DB9E56E00BF9D
:1077A00025B900BF99A0EDF77DFB00BF00BF286899
:1077B000E06603E05BE228E028682067284601F0E5
:1077C0001DF9206F18B94FF0FF30208603E000202C
:1077D000208684F8420000BFD4F8840038B100222B
:1077E0002146D4F8843020699847064600E00026F8
:1077F00000BF06F10D0010B96FF00C0030E700BFBC
:10780000608B40F00200608323E06C48007800F059
:107810001000F0B176480068008875490968498809
:107820007F4ACDE900210290664800687D490988B9
:1078300042187B4B1B1D62480168204601F07CF812
:1078400094F84200062804DA00202086204600F042
:10785000B7FF0DE25948007800F01000002877D0FB
:10786000606C401C56490968081A73D45449206D4D
:107870000968081A00286DDC0420207500BF00BFCD
:10788000A06F10B96FF005061FE000BFA06F806900
:1078900020B900BF64A0EDF705FB00BF00BF00BF2B
:1078A000A06F806970B1A16F206900228B6905E02B
:1078B000C5E183E1CAE041E1DAE0C8E0214698474A
:1078C000064601E06FF00F0600BF46B106F10D005D
:1078D00010B12046FDF734FB6FF00C00C0E62046E7
:1078E00000F044FA5848008820B157480088401EEC
:1078F00055490880608E8100400041F21C12904280
:1079000002D9608E400001E041F21C10814202D297
:10791000608E80000AE0608E400041F21C118842B7
:1079200002D9608E400001E041F21C10A4F848002A
:1079300000BF00BF2C48007800F0200000B300BF5B
:10794000608B40F00200608300BF0720207526E0B6
:1079500017E0FFE72648006801882548006840884E
:107960002F4ACDE900200291164800682D49098868
:1079700042182B4B1B1D12480168204600F0DCFF0B
:107980000DE00E48007800F0020040B1606A401E31
:107990000C490968884202D1204600F06BFE67E17D
:1079A0007463705F70726F636573733A20696E768B
:1079B000616C69642070636200000000880200202E
:1079C000800200207C0200207463705F696E707515
:1079D000743A207063622D3E737461746520213D9A
:1079E00020434C4F534544008902002050020020A0
:1079F0006C0200207063622D3E736E645F7175656A
:107A000075656C656E203E20300000006E6F20733F
:107A100065676D656E7420746F2066726565000021
:107A2000686A0020860200207063622D3E6C6973D4
:107A300074656E65722D3E61636365707420213DCF
:107A4000204E554C4C0000008402002000BF204610
:107A500000F08CF98848007800F0200038B100BFB1
:107A6000608B40F00200608300BF07202075FFE0BC
:107A7000204600F07BF98048007800F02000E8B351
:107A80007E48007800F01000C8B37D49206D096879
:107A900088423BD1E06E90BB00BF00BF00BF608B4F
:107AA00040F00200608300BF2046FFF777FC00BF74
:107AB00000BF74480068A04205D172480068C068E1
:107AC000704908600DE06F49086806E0C168A1428E
:107AD00002D1E168C16002E0C0680028F6D100BFB1
:107AE00000BF0020E06000BF01206749087000BFB0
:107AF0000A20207500BF6548006801E00FE005E03E
:107B0000E0606248046001F0D9FC16E000BF608BC1
:107B100040F00200608300BF082020750DE0574848
:107B2000007800F0100040B15549206D0968884286
:107B300003D1E06E08B90620207599E0204600F0D8
:107B400015F94D48007800F02000B0B300BF00BF29
:107B500000BF608B40F00200608300BF2046FFF74B
:107B60001DFC00BF00BF47480068A04205D1454842
:107B70000068C068434908600DE04249086806E0B3
:107B8000C168A14202D1E168C16002E0C06800287A
:107B9000F6D100BF00BF0020E06000BF01203A49DD
:107BA000087000BF0A20207500BF38480068E060F8
:107BB0003648046001F082FC00BF59E0204600F026
:107BC000D5F82E48007800F01000B8B32C49206D8D
:107BD0000968884232D1E06E80BB00BF00BF2046FA
:107BE000FFF7DCFB00BF00BF26480068A04205D1BC
:107BF00024480068C068234908600DE021490868EE
:107C000006E0C168A14202D1E168C16002E0C0683B
:107C10000028F6D100BF00BF0020E06000BF0120B7
:107C20001949087000BF0A20207500BF1748006876
:107C3000E0601648046001F041FC00BF18E02046F7
:107C400000F094F80D48007800F0100070B10C4975
:107C5000206D0968884209D1E06E38B900BF00BFC5
:107C60000548007840F010000349087000E000BFAC
:107C700000BF0020F4E400008902002088020020F8
:107C8000800200205C0200206402002060020020CC
:107C90002DE9F041044600BF44B900BF29A0EDF72B
:107CA00001F900BF6FF00F00BDE8F08100BF606F09
:107CB000477B666F0020606700BF00BF00BFD4F83D
:107CC000800040B1002332462146D4F880C02069AC
:107CD000E047054606E0002332462146184600F0FC
:107CE00011FC054600BFFDB907F0200040B3208D10
:107CF00040F66831884202D0208D401C208500BFAC
:107D0000D4F8800040B100231A462146D4F880C040
:107D10002069E047054600E0002500BF05F10D00A1
:107D200070B96FF00C00BFE705F10D0020B900BF7E
:107D300000BF6FF00C00B7E766676FF00400B3E7B1
:107D40000020B1E77463705F70726F636573735F77
:107D5000726566757365645F646174613A20696E0B
:107D600076616C6964207063620000002DE9F05F49
:107D700004464FF0000A00BF24B900BFF7A0EDF79A
:107D800091F800BF00BF00BF207D042804DA00BFC7
:107D9000F9A0EDF787F800BF00BFFE48007800F0BB
:107DA0001000002872D0B4F86000A16D00EB01084B
:107DB000F949606D0968401A15D4F749606D096882
:107DC000884204D1F549A06D0968401A0BD4F349E3
:107DD000A06D096888421CD1F1480068C089B4F8D8
:107DE0006010884215D9EE480068C08924F8600FF9
:107DF000608834F86019884203DAB4F86000A4F8A7
:107E00006200E54800686065E4480068A06500BF5E
:107E100000BFE249606C0968081A00284ADCE148A2
:107E2000008890BBB4F86010A06D084440453AD17A
:107E3000B4F93000002836DBD849606C0968884204
:107E400031D14FF0010A94F84300401CC0B294F8BD
:107E50004310884204DD94F84300401C84F843003A
:107E600094F84300032817DD00BFB4F84800618E82
:107E7000084480B2B4F84810884208DBB4F84800DF
:107E8000618E0844A4F8480005E00CE035E14FF6A7
:107E9000FF70A4F8480000BF94F84300032802DBF9
:107EA000204600F037FCBAF1000F02D1002084F820
:107EB0004300F0E0606C401CB8490968081A6ED4B1
:107EC000B649206D0968081A002868DCA07E00F019
:107ED000040060B100BF608B4FF6FB710840608307
:107EE00000BF48346088208000206084483C002027
:107EF0002434A077608BB4F9181000EBE10000B2D5
:107F0000A083208CA5490988081A86B20020E07752
:107F1000A2480068206214F8100C243C042868DB96
:107F2000B4F84800B4F84A10884229DA628B02F4A7
:107F300000620AB1012200E002221146628E4A4329
:107F400092B2B24201DD324602E0628E4A4392B200
:107F5000104600BFB4F84820024492B2B4F848304A
:107F60009A4205DBB4F848200244A4F8482003E014
:107F70004FF6FF72A4F8482000BF00BF00BF38E0F2
:107F800000BFB4F86A00304480B2B4F86A10884286
:107F900006DBB4F86A003044A4F86A0004E077E035
:107FA0004FF6FF70A4F86A0000BFB4F86A00B4F896
:107FB000481088421BDB4834608C2188401A60845A
:107FC000483C00BFB4F84800618E084480B2B4F861
:107FD0004810884206DBB4F84800618E0844A4F8D3
:107FE000480003E04FF6FF70A4F8480000BF00BF50
:107FF00000BF00BF00BF6CA22046D4E91B31FDF7D3
:1080000071FD20676AA22046D4E91B13FDF76AFDC3
:10801000E066206F18B94FF0FF30208601E00020A5
:10802000208600202077E06E10B90020A4F86800B8
:10803000B4F86400604909880844A4F86400608BBF
:1080400000F4006018B3206F88B9E06E40B1E16EB3
:1080500009694868F6F7BCFEE16C081A002816DCCE
:1080600000BF608B4FF2FF71084060830FE0216F0B
:1080700009694868F6F7ACFEE16C081A002806DCCE
:1080800000BF608B4FF2FF710840608300BF02E0C9
:10809000204600F0CDFC00BF00BF606B68B33F49D5
:1080A000A06B0968401A28D5A08E44490988081A8F
:1080B00005B200BF00BFB4F93C00A5EBE00005B27B
:1080C000A08F284400B2A087002D01DA684205B2D3
:1080D000B4F93E00A5EBA00005B2E08F284400B241
:1080E000E087E08FB4F93C1000EBE10000B2A4F8A7
:1080F000400000BF00BF002060632A4800880028BD
:108100002BDD207D072828DA2348616A0068401C9F
:10811000081A67D42048616A0068224A128810440D
:10812000401E081A00285DDC254847681A49606A25
:108130000968A0EB010900BF2148406820B900BFD1
:1081400020A0ECF7AFFE00BF00BF00BF4FF6FF70EE
:1081500081454BD300BF1FA045E059E17463705FB8
:10816000726563656976653A20696E76616C6964EB
:1081700020706362000000007463705F7265636565
:108180006976653A2077726F6E67207374617465E3
:1081900000000000880200207C02002080020020F5
:1081A0006C02002086020020756E61636B656400BE
:1081B000756E73656E74000084020020500200200A
:1081C00034590120696E7365672E7020213D204E61
:1081D000554C4C00696E73616E65206F6666736501
:1081E0007421000033E0ECF75DFE00BF00BF1FFA12
:1081F00089F600BF914840680089B04204DA00BFA8
:108200008FA0ECF74FFE00BF00BF8C480089801B99
:108210008A490881084640680089801B1FFA80FB54
:1082200007E07889301A86B2A7F808B00020788174
:108230003F687889B042F4DB31463846FAF778FD7A
:108240008349606A08607D49096948600CE080499B
:10825000606A0968081A07D500BF00BF00BF608BBD
:1082600040F00200608300BF7949606A0968081A1B
:108270007ED4218D606A0844401E75490968081A39
:10828000002875DC7249606A0968884271D16B49BF
:1082900009698889F6F7A9FD00F0030008B10120FB
:1082A00000E000206549098908446A490880208D5A
:1082B0000988884252DA00BF00BF6049096988898D
:1082C000F6F793FD00F0010098B15C4909698889CF
:1082D000F6F78BFD00F03E063046F6F786FD57496F
:1082E000096989894CF2FF02114008435349096921
:1082F0008881208D5149088109698889F6F775FDC3
:1083000000F0020020B14D480089401E4B49088111
:108310004A4A11895068FAF76FFC48490969888907
:10832000F6F763FD00F0030008B1012000E0002033
:108330004249098908444749088000BF218D606A85
:10834000014443480068434A12881044814204D0E3
:1083500000BF41A0ECF7A6FD00BF00BF3C4800688D
:108360003C4909880844606200BF208D394901E01A
:108370004AE045E00988884204DA00BF44A0ECF7EF
:1083800091FD00BF00BF208D32490988401A208529
:10839000204601F039F9294840680089002806DDA7
:1083A0002648406842490860002024494860234923
:1083B00009698889F6F719FD00F0010038B100BF9E
:1083C00000BF3C48007840F020003A49087000BFE8
:1083D000A07E00F0010060B100BF608B4FF6FE711F
:1083E0000840608300BF00BF608B40F002006083E4
:1083F00005E000BF608B40F00100608300BF1BE020
:10840000204600F015FB17E0204600F011FB13E0BA
:108410000F49606A0968081A08D4218D606A084407
:10842000401E0B490968081A002805DD00BF608B53
:1084300040F00200608300BFBDE8F09F3459012086
:108440007062756620746F6F2073686F727421009C
:108450007C020020860200207463705F7265636591
:108460006976653A207365676D656E74206E6F740A
:10847000207472696D6D656420636F7272656374D8
:108480006C7920746F207263765F776E640A0000E7
:108490007463705F726563656976653A20746370B2
:1084A0006C656E203E207263765F776E640A000012
:1084B0008C0200208902002070B504460D465CB194
:1084C00000BF207D012804D100BF04A0ECF7EAFC26
:1084D00000BF00BFC4F8805070BD0000696E7661B7
:1084E0006C696420736F636B657420737461746569
:1084F00020666F7220726563762063616C6C6261C6
:10850000636B00002DE9F04107460D4614461E46F8
:1085100000BF45B900BF0CA0ECF7C4FC00BF6FF072
:108520000F00BDE8F08100BF3CB12189284600F072
:1085300019F82046FAF778FA04E01EB92846FCF745
:10854000F7FDEEE70020ECE77463705F7265637619
:108550005F6E756C6C3A20696E76616C6964207030
:10856000636200002DE9F04104460F4600BF34B9B4
:1085700000BF1BA0ECF796FC00BFBDE8F08100BF78
:1085800000BF207D012804D100BF1BA0ECF78AFCAE
:1085900000BF00BF208D384485B240F66830854268
:1085A00002DC208DA84205DD00BF00BF40F6683028
:1085B000208500E02585204601F026F8064640F299
:1085C000DA20864208D300BF608B40F0020060834F
:1085D00000BF2046FEF71CFA00BF00BF00BFCCE77B
:1085E0007463705F7265637665643A20696E766164
:1085F0006C69642070636200646F6E27742063612D
:108600006C6C207463705F72656376656420666F5E
:1086100072206C697374656E2D7063627300000064
:1086200070B506460D4600BF25B900BF07A0ECF7A0
:1086300039FC00BF00BF344605E0A06FA84201D15D
:108640000020A067E468002CF7D170BD7463705FF0
:1086500072656D6F76655F6C697374656E65723A8D
:1086600020696E76616C6964206C697374656E65EF
:10867000720000002DE9F041044600BF24B900BF9C
:108680001EA0ECF70FFC00BF00BF206F18B96FF001
:108690000500BDE8F081256F2846FEF765FD20B195
:1086A00000BF00BF6FF00500F3E72868206704F102
:1086B0006C0600E03668306858B13168096948686E
:1086C000F6F786FB074629694868F6F781FB381AF2
:1086D000F0D4306828603560286810B90020A4F80C
:1086E000680094F84200FF2804DA94F84200401C25
:1086F00084F842000020606300BFCAE77463705FC3
:108700007265786D69743A20696E76616C6964206F
:108710007063620010B5044600BF24B900BF20A0FA
:10872000ECF7C0FB00BF00BF206FC0B3A07E00F01D
:108730000400A0BB00BF00BF2046FFF79BFF70BB3B
:10874000B4F84810B4F86020914202DAB4F8481046
:1087500001E0B4F86010084601EBD071C1F34F019D
:10876000A4F84A10B4F84A00618E4900884206D243
:1087700000BF00BF608E4004000CA4F84A00B4F8AB
:108780004A00618E032202FB0100A4F8480000BFEA
:10879000608B40F00400608300BF0020208610BD85
:1087A0007463705F7265786D69745F666173743A43
:1087B00020696E76616C696420706362000000005D
:1087C00010B5044600BF24B900BF06A0ECF76AFB51
:1087D00000BF00BF204600F03DF810B9204600F071
:1087E0000FF810BD7463705F7265786D69745F72A5
:1087F000746F3A20696E76616C6964207063620000
:1088000010B5044600BF24B900BF09A0ECF74AFB2D
:1088100000BF00BF94F84200FF2804DA94F8420039
:10882000401C84F842002046FEF7F2F810BD00001C
:108830007463705F7265786D69745F72746F5F6383
:108840006F6D6D69743A20696E76616C6964207031
:108850006362000070B5044600BF24B900BF25A0C4
:10886000ECF720FB00BF00BF206F10B96FF00500D0
:1088700070BD256F09E02846FEF776FC20B100BFE9
:1088800000BF6FF00500F3E72D6828680028F2D1DB
:108890002846FEF769FC20B100BF00BF6FF005005D
:1088A000E6E7E06E2860E06E10B96889A4F8680019
:1088B000206FE0660020206700BF608B40F40060FE
:1088C000608300BF29694868F6F782FA064629697D
:1088D0008889F6F78AFA00F0030008B1012000E069
:1088E0000020298908443044E0640020606300BF10
:1088F000BEE700007463705F7265786D69745F72C3
:10890000746F5F707265706172653A20696E76612E
:108910006C6964207063620070B504460E461546AB
:108920002CB1207A18B1207AF9F7FCFA70BD2846EC
:10893000F1F7E6FEFAE700002DE9F04F85B0834637
:108940000E4617461D46DDF8388000BF25B900BF2A
:108950001CA0ECF7A7FA00BF00BF00BFB8F1000FE2
:1089600004D100BF1EA0ECF79DFA00BF00BF4FF07E
:10897000000A46F60B093046F6F72AFA142204904C
:10898000DDE90F018DE80702002251463846049BBD
:10899000FEF7F8F9044624B900BF00BF05B0BDE8F2
:1089A000F08F00231A4621465846FEF795FA4346B3
:1089B0002A4621465846FEF745FA00BF00BF00BFD1
:1089C000ECE700007463705F7273743A20696E762E
:1089D000616C6964206C6F63616C5F69700000009A
:1089E0007463705F7273743A20696E76616C696447
:1089F0002072656D6F74655F6970000010B5044684
:108A000044B1606810B16068FAF70EF8214603209F
:108A1000F7F70EFA10BD70B5044605E0256820464C
:108A2000FFF7ECFF2C4600BF002CF7D170BD000013
:108A30002DE9F04704460025A94600BF24B900BF30
:108A40002BA0ECF72FFA00BF00BF05F0010008B122
:108A5000042000E0002005F0020109B1002100E03F
:108A60000021084405F0080109B1002100E00021BF
:108A7000084405F0100109B1002100E0002100EBDD
:108A80000108206DF6F7A4F98246534600224146BC
:108A90002046FEF73DF906465EB900BF608B40F008
:108AA0000300608300BF00BF00BF6FF00100BDE89E
:108AB000F0874B462A4631462046FEF70DFA00BFA6
:108AC00000BF231D224631462046FEF7BBF907466C
:108AD0002FB100BF608B40F00300608306E000BF51
:108AE000608B4FF6FC710840608300BF3846DEE7BC
:108AF0007463705F73656E645F656D7074795F61D8
:108B0000636B3A20696E76616C6964207063620001
:108B100070B5044600BF24B900BF15A0ECF7C2F938
:108B200000BF00BFE06EE8B1E56E00E02D68286888
:108B30000028FBD129698889F6F757F900F007006A
:108B400078B90120F6F751F929698989084329691B
:108B5000888100BF608B40F02000608300BF002050
:108B600070BD00BF01212046FCF708FEF8E70000B9
:108B70007463705F73656E645F66696E3A20696ED8
:108B800076616C69642070636200000070B5044611
:108B90000D4654B100BF207D012804D100BF03A0C1
:108BA000ECF780F900BF00BFE56770BD696E7661C4
:108BB0006C696420736F636B657420737461746592
:108BC00020666F722073656E742063616C6C6261E5
:108BD000636B00002DE9F04F85B04FF00009F748B6
:108BE0000068401CF5490860F5480078401CF449CD
:108BF000087000BF0025F34804680CB900BF00BF2F
:108C00009EE200BF00BF00BF207D20B900BFEEA0E4
:108C1000ECF748F900BF00BF00BF207D012804D158
:108C200000BFF4A0ECF73EF900BF00BF00BF207DFD
:108C30000A2804D100BFFAA0ECF734F900BF00BF46
:108C4000A07FDF490978884202D12546E46877E2AF
:108C5000DB480078A0770026B046207D022807D1A7
:108C600094F84200062803DB701CC6B200BFCCE0BB
:108C700094F842000C2803DB701CC6B200BFC4E0AD
:108C800094F89500002853DD00BF206F20B100BF8D
:108C9000EFA0ECF707F900BF00BF00BFE06E20B9FE
:108CA00000BFF8A0ECF7FEF800BF00BF94F89600F4
:108CB0000C2802DB701CC6B2A7E094F89500401E99
:108CC000FE490F5C94F89400B84204DA94F89400DA
:108CD000401C84F8940094F89400B84227DB4FF0CD
:108CE000010AB4F8600030B9204601F091F970B182
:108CF0004FF0000A0BE0B4F86010204600F0AEFA26
:108D000028B92046FDF784FE08B94FF0000ABAF1F1
:108D1000000F0BD0002084F8940094F895000728E9
:108D200004D294F89500401C84F8950000BF6CE0D4
:108D3000B4F93000002809DBB4F9300047F6FF71C0
:108D4000884203DA208E401C00B22086B4F930003D
:108D5000B4F94010884258DB00BF00BF2046FFF73F
:108D600079FD18B1206F70BBE06E60B3207D0228E2
:108D70001ED094F842200C2A02D294F8422000E03F
:108D80000C221146B4F93E20B4F93C3002EBE30268
:108D9000CB4B5B5C02FA03F047F6FF72904201DABC
:108DA000024601E047F6FF7212B2A4F8402000BF6D
:108DB00000202086B4F84800B4F86010884203DA36
:108DC000B4F8480002E020E0B4F860000490049891
:108DD0004010A4F84A00B4F84A00618E4FF6FF72C2
:108DE00002EA4101884205DA608E114601EA40003C
:108DF000A4F84A00608EA4F8480000BF00BF00201D
:108E0000A4F86A002046FFF7FBFC207D06280DD160
:108E1000A07E00F0100048B16849206A0968081A6D
:108E2000282803D9701CC6B200BF00BF607A00F0CA
:108E30000800F8B1207D042802D0207D07283AD10F
:108E4000A049D4F8900008444FF4FA71B0FBF1F057
:108E50005A4A216A1268511A88420CD200BF00BFD8
:108E600000BF00BF00BF00BF701CC6B208F1010008
:108E700000F0FF081FE094F8971042F29F4211FBA8
:108E800002F1D4F8900000EBC1004FF4FA71B0FB8E
:108E9000F1F04A4A216A1268511A88420BD22046E0
:108EA000FDF71CFB8146B9F1000F04D194F897003F
:108EB000401C84F89700207D032809D13F49206A8F
:108EC0000968081A282803D9701CC6B200BF00BF61
:108ED000207D092809D13949206A0968081AF02833
:108EE00003D9701CC6B200BF00BF002E4AD0D4F810
:108EF0008CA02046FEF752FA6DB100BF31480068E1
:108F0000844204D100BF70A0EBF7CCFF00BF00BFCC
:108F1000E068E8600DE000BF2A480068A04204D085
:108F200000BF74A0EBF7BEFF00BF00BF2549E0689B
:108F30000860B8F1000F0BD0208BE18A221DCDE92B
:108F40000021029023462046626A216DFFF7F4FC5F
:108F5000D4F810B0207D03902746E4683846FCF72B
:108F6000A5FD00206E49087000BFBAF1000F03D0C4
:108F70006FF00C015846D04700BF6948007800B137
:108F800038E6DCE02546E468287F401C2877287F07
:108F9000697F884211DB0020287700BF00BF60494D
:108FA000087000BFD5F8880030B12946D5F8882070
:108FB000286990478146B7E0B4E0C0E05002002045
:108FC000660200205C0200207463705F736C6F7730
:108FD000746D723A20616374697665207063622DE6
:108FE0003E737461746520213D20434C4F534544CA
:108FF0000A0000007463705F736C6F77746D723A6F
:1090000020616374697665207063622D3E737461BC
:10901000746520213D204C495354454E0A00000000
:109020007463705F736C6F77746D723A20616374F0
:10903000697665207063622D3E73746174652021CA
:109040003D2054494D452D574149540A0000000028
:109050007463705F736C6F7774696D723A207065BA
:109060007273697374207469636B696E67207769C2
:10907000746820696E2D666C696768742064617419
:10908000610000007463705F736C6F7774696D7258
:109090003A2070657273697374207469636B696ECA
:1090A00067207769746820656D7074792073656EC8
:1090B000642062756666657200000000E9120208AD
:1090C000DC120208B84C0A007463705F736C6F772F
:1090D000746D723A206D6964646C652074637020ED
:1090E000213D207463705F6163746976655F7063AE
:1090F000627300007463705F736C6F77746D723AA3
:1091000020666972737420706362203D3D20746331
:10911000705F6163746976655F70636273000000FD
:10912000640200204FF0000900BF2948007800B118
:1091300060E5B9F1000F02D12846FDF769FC00BFD8
:10914000002C7FF45EAD0025224804683BE000BFA0
:10915000207D0A2804D000BF1FA0EBF7A3FE00BFAC
:1091600000BF00262849206A0968081AF02801D99A
:10917000701CC6B22EB32046FEF710F96DB100BFC9
:1091800014480068844204D100BF20A0EBF78AFE97
:1091900000BF00BFE068E8600DE000BF0D48006858
:1091A000A04204D000BF23A0EBF77CFE00BF00BFAD
:1091B0000849E06808602746E4683846FCF776FC12
:1091C00001E02546E468002CC1D105B0BDE8F08F70
:1091D00064020020600200207463705F736C6F771C
:1091E000746D723A2054494D452D574149542070B1
:1091F00063622D3E7374617465203D3D2054494D7A
:10920000452D574149540000500200207463705F9F
:10921000736C6F77746D723A206D6964646C65204D
:1092200074637020213D207463705F74775F706396
:10923000627300007463705F736C6F77746D723A61
:1092400020666972737420706362203D3D207463F0
:10925000705F74775F706362730000002DE9F04FF8
:1092600085B005460E4600270024A34600BF25B959
:1092700000BF75A0EBF716FE00BF00BFEC6E24B96F
:109280004FF0FF3005B0BDE8F08F4EB900BF00BF12
:1092900076A0EBF707FE00BF00BF6FF00500F1E717
:1092A0002089B04201DC0020ECE700BF688EB042AC
:1092B00004DA00BF76A0EBF7F5FD00BF00BF00BFEA
:1092C0002089002804DC00BF75A0EBF7EBFD00BF90
:1092D00000BF00BF00BF94F80C8008F0010008B187
:1092E000042000E0002008F0020109B1002100E0A4
:1092F0000021084408F0080109B1002100E0002124
:10930000084408F0100109B1002100E000210844E0
:1093100004902089801B1FFA80FA0498504481B27F
:109320004FF420723620F8F7A9FF8346BBF1000FF7
:1093300002D100BF00BF76E0606800892189401A31
:10934000304480B20290DBF80430049A99186068C7
:109350005246029BF9F7D8F9504502D000BF00BF32
:1093600061E021698889F5F740FD00F03F090020A0
:10937000039009F0080028B129F00809039840F08B
:109380000800039009F0010028B129F001090398B1
:1093900040F00100039021694868F5F719FD304459
:1093A0000346CDE9008059462846039AFCF7F6F8B3
:1093B000074627B94FF0000B00BF00BF33E06068DD
:1093C000F9F74BF935F8661F081A28806268128988
:1093D000A2EB0A0291B26068F9F70EFC2089A0EBBB
:1093E0000A0020814846F5F700FD21698989084374
:1093F00021698881002060816068F9F72EF9298849
:10940000084428807868F9F728F92988084425F85D
:109410006609206838602760386810B90020A5F810
:10942000680000202EE700BF27B100BF20A0EBF7A7
:1094300039FD00BF00BFBBF1000F02D05846F9F75D
:10944000F3FA4FF0FF301DE77463705F73706C695F
:10945000745F756E73656E745F7365673A20696ECD
:1094600076616C69642070636200000043616E275E
:10947000742073706C6974207365676D656E7420F9
:10948000696E746F206C656E677468203000000030
:1094900073706C6974203C3D206D73730000000094
:1094A000757365672D3E6C656E203E2030000000B0
:1094B000736567203D3D204E554C4C0010B5094862
:1094C000006868B90848006810B90848006838B1F1
:1094D00001200449086000220549FA20FBF724FB1B
:1094E00010BD00009C0200205C02002060020020F1
:1094F000ADA201083EB504462648007800F00400FD
:1095000000B13EBD00BF24B900BF23A0EBF7CAFCE9
:1095100000BF00BF1F48007800F0020018B32649C2
:10952000606A0968081A26D4218D606A08442249B5
:109530000968081A00281EDC2048006800881F49B6
:10954000096849881E4ACDE9002102901A4800683E
:109550001C49098842181A4B1B1D1B4801682046EC
:10956000FFF7EAF9CDE70B48007800F0010010B1F1
:1095700016480068206213480088002808DD00BFF4
:10958000608B40F00200608300BF2046FDF740FA88
:1095900000BFB6E7880200207463705F74696D6570
:1095A000776169745F696E7075743A20696E76616F
:1095B0006C696420706362007C0200206C020020F1
:1095C000686A0020860200208002002050020020ED
:1095D00010B5FCF719FA06480078401CC0B20449DF
:1095E000087000F0010008B1FFF7F4FA10BD0000A8
:1095F000650200200348007840F01000014908701F
:10960000704700008902002070B5044600BF24B9ED
:1096100000BF19A0EBF746FC00BF00BF218D606AB8
:109620004518608E40F2B452E16A904201DD104666
:1096300000E0608E0844281A04D4208D6085E06A1A
:10964000281A70BDE16A606A401A002802DD002015
:1096500060850EE0616AE06A461A00BFB6F5803F99
:1096600004D300BF0DA0EBF71DFC00BF00BF668553
:1096700000BF0020E5E700007463705F75706461EF
:1096800074655F7263765F616E6E5F776E643A20B9
:10969000696E76616C696420706362006E65775FE5
:1096A0007263765F616E6E5F776E64203C3D203042
:1096B00078666666660000002DE9FF4F91B00546AA
:1096C0008B46174600201090002482460F900E9083
:1096D00000260B900A9080460990089000BF4DB973
:1096E00000BFFEA0EBF7DEFB00BF6FF00F0015B070
:1096F000BDE8F08F00BFB5F8621001EBD1725210D7
:109700006B8E9A4201DD6A8E04E0B5F8620000EBD0
:10971000D072521092B20692069A0AB1069800E0F0
:10972000688E069000BF00BF00BFBBF1000F07D1DD
:1097300000BFF0A0EBF7B6FB00BF6FF00F00D6E75D
:1097400000BF3946284600F0C1FB0790079808B1D2
:109750000798CCE7B5F866000D9000200C90E86EF5
:1097600000287CD0EC6E00E0246820680028FBD143
:10977000207B00F0010008B1042000E00020217BE4
:1097800001F0020109B1002100E000210844217B21
:1097900001F0080109B1002100E000210844217B0B
:1097A00001F0100109B1002100E0002108440590FA
:1097B00000BF2189059801440698814204DD00BF5D
:1097C000D9A0EBF76FFB00BF00BF218905980144CA
:1097D0000698401A1FFA80F900BFB5F86800618941
:1097E000884204D000BFD6A0EBF75CFB00BF00BFEF
:1097F000B5F868000A90BDF8280000282DDD00BFEC
:10980000BDF82800484504DD00BFD9A0EBF74AFBAE
:1098100000BF00BFA246BDF82800B84202DABDF87A
:10982000280000E03846484501DD484607E0BDF81D
:109830002800B84202DABDF8280000E03846804629
:1098400006EB080086B2BDF82800A0EB080080B245
:109850000A90A9EB08001FFA80F900BF00E07CE045
:10986000BDF8280030B1BE4204D000BFC8A0EBF75D
:1098700019FB00BF00BFBE426EDAB9F1000F6BDD0D
:109880002089002868DDB81B484501DD484600E016
:10989000B81B80B20490A246149800F0010008B3EF
:1098A000012114980AAB4A46CDE9005002910020EC
:1098B0000499FDF7F1FC109010B900BF00BF83E2DE
:1098C000BDF8280009900BEB0601109A5068049A25
:1098D000E6F72EFD1098F8F7C0FE0D99084480B207
:1098E0000D9035E06068039002E0039800680390F3
:1098F000039800680028F8D10398007B00F0C000AE
:1099000080B9039841684089084458450AD100BF8E
:1099100026B100BFA6A0EBF7C5FA00BF00BF0498B0
:10992000089014E0012200200499F8F7A7FC109099
:1099300010B900BF00BF47E20BEB06011098416071
:109940001098F8F78AFE0D99084480B20D9000BF78
:109950000498304486B200BF09E000BFB5F8680043
:1099600020B100BF9DA0EBF79DFA00BF00BFA7E0AC
:10997000B81B80B205900C990698401A80B20490EA
:10998000DDE90410884201DA059800E004980390AC
:10999000149800F0010068B30E9808B9012100E0A6
:1099A00000211498CDE9005002910C9A03981044BC
:1099B00081B20AAB3620069AFDF76EFCB0F10009C1
:1099C00002D100BF00BFFFE100BFB9F80A10039841
:1099D000814204DA00BF8DA0EBF764FA00BF00BF3C
:1099E0000BEB0601D9F804300C9A9818039AE6F7A5
:1099F0009FFC2BE000BFBDF8280020B100BF93A062
:109A0000EBF750FA00BF00BF012236200399F8F7A8
:109A100035FC029010B900BF00BFD5E10BEB060189
:109A2000029841604FF4207236200C99F8F726FC1A
:109A3000B0F1000905D10298F8F7F6FF00BF00BFAA
:109A4000C2E148460299F8F78DFD00BF4846F8F795
:109A500004FE0D99084480B20D900D98582805D940
:109A600000BF00BF4846F8F7DFFFADE10B9800905C
:109A7000E86D8319002249462846FBF78FFDB0F1B7
:109A8000000A00D1A0E1BDF82800AAF80A000E984B
:109A900010B9CDF838A00BE000BF0F9820B900BF77
:109AA0006EA0EBF7FFF900BF00BF0F98C0F800A051
:109AB000CDF83CA000BF00BF0398304486B200BF81
:109AC000BE42FFF655AF2CB1099818B161890998CB
:109AD00008446081B8F1000FCAE000007463705F51
:109AE00077726974653A20696E76616C696420707A
:109AF000636200007463705F77726974653A206115
:109B00007267203D3D204E554C4C202870726F6787
:109B100072616D6D65722076696F6C61746573201A
:109B200041504929000000006D73735F6C6F6361E1
:109B30006C20697320746F6F20736D616C6C000012
:109B4000756E73656E745F6F76657273697A652082
:109B50006D69736D61746368202870636220767329
:109B60002E206C6173745F756E73656E74290000CE
:109B7000696E636F6E73697374656E74206F76655A
:109B80007273697A652076732E2073706163650045
:109B9000696E636F6E73697374656E74206F76653A
:109BA0007273697A652076732E206C656E000000F2
:109BB0007463705F77726974653A20524F4D2070FC
:109BC000627566732063616E6E6F74206265206FCC
:109BD00076657273697A656400000000756E73655E
:109BE0006E745F6F76657273697A65206D69736DE7
:109BF0006174636820287063622D3E756E73656EB4
:109C000074206973204E554C4C2900007463705FBA
:109C100077726974653A20636865636B2074686164
:109C20007420666972737420706275662063616E59
:109C300020686F6C642074686520636F6D706C655C
:109C40007465207365676C656E0000006F766572E1
:109C500073697A65203D3D203000000070726576A2
:109C60005F73656720213D204E554C4C000000007D
:109C70002FDDD4F8049017E0B9F808004044A9F8A3
:109C80000800D9F8000068B9B9F80A20D9F804101A
:109C9000881842465946E6F74BFBB9F80A0040449B
:109CA000A9F80A00D9F80090B9F1000FE4D1208991
:109CB0004044208100BF6089404504DA00BF54A0C1
:109CC000EBF7F0F800BF00BF6089A0EB08006081EF
:109CD00000BFBDF82800A5F86800109888B100BF43
:109CE00024B900BF55A0EBF7DDF800BF00BF6068E6
:109CF0001099F8F737FC21891098008908442081D1
:109D00002CE00898002829DD00BF0CB1606820B95C
:109D100000BF58A0EBF7C6F800BF00BFD4F804900E
:109D200007E0B9F8081008980844A9F80800D9F81D
:109D30000090D9F800000028F3D1B9F8081008986D
:109D40000844A9F80800B9F80A1008980844A9F8C6
:109D50000A00218908980844208100BF14B90E9890
:109D6000E86601E00E98206055F85C0F38442860E2
:109D70002889C01B28810D9868815C3D00BF00BF09
:109D8000B5F8660050B100BF286F30B9E86E20B951
:109D900000BF46A0EBF786F800BF00BFBAF1000F86
:109DA00010D0DAF8100068B1149800F0020048B939
:109DB0000820F5F71AF8DAF8101089890843DAF85C
:109DC00010108881002092E400BF688B40F0800072
:109DD000688300BF109810B11098F8F725FE0E9810
:109DE00010B10E98FEF717FEB5F8660050B100BF2F
:109DF000286F30B9E86E20B900BF2CA0EBF752F8FD
:109E000000BF00BF00BF00BF4FF0FF306FE4000095
:109E10006C6173745F756E73656E742D3E6F7665DD
:109E20007273697A655F6C656674203E3D206F765B
:109E3000657273697A655F75736564007463705FDA
:109E400077726974653A2063616E6E6F7420636F18
:109E50006E636174656E617465207768656E2070ED
:109E600063622D3E756E73656E7420697320656D37
:109E7000707479007463705F77726974653A2065F5
:109E80007874656E73696F6E206F662072656665A3
:109E900072656E6365207265717569726573207293
:109EA00065666572656E6365000000007463705FCF
:109EB00077726974653A2076616C696420717565A2
:109EC0007565206C656E67746800000070B50446A7
:109ED0000D4600BF24B900BF29A0EAF7E3FF00BF89
:109EE00000BF207D04280DD0207D07280AD0207DCA
:109EF000022807D0207D032804D000BF00BF6FF0E8
:109F00000A0070BD0DB90020FBE7B4F86400A84258
:109F10000ADA00BF00BF00BF608B40F080006083A2
:109F200000BF4FF0FF30ECE700BF00BFB4F86600A1
:109F300058280AD300BF00BF00BF608B40F08000EC
:109F4000608300BF4FF0FF30DBE7B4F8660050B12C
:109F500000BF206F30B9E06E20B900BF10A0EAF753
:109F6000A1FF00BF0AE000BF206F08B9E06E20B17A
:109F700000BF1AA0EAF796FF00BF00BF0020C0E7AD
:109F80007463705F77726974655F636865636B7330
:109F90003A20696E76616C6964207063620000002B
:109FA0007463705F77726974653A20706275667366
:109FB000206F6E207175657565203D3E20617420AF
:109FC0006C65617374206F6E6520717565756520B1
:109FD0006E6F6E2D656D7074790000007463705F34
:109FE00077726974653A206E6F20706275667320AF
:109FF0006F6E207175657565203D3E20626F7468D7
:10A000002071756575657320656D70747900000049
:10A010002DE9FC5F04460020009000BF24B900BF7A
:10A020003AA0EAF73FFF00BF00BF00BF00BF00BF7C
:10A0300000BF00BF00BF00BF00BFE56E15B9002024
:10A04000BDE8FC9F94F89600FF2804DA94F8960087
:10A05000401C84F8960029698889F4F7C6FE00F050
:10A06000010018B1288908B9012000E000208146CC
:10A07000B9F1000F01D1012000E0002082462869DB
:10A080004368524620460099FCF742FE064626B930
:10A0900000BF00BF4FF0FF30D2E77768B9F1000F83
:10A0A00009D01120F4F7A1FEB9894CF2FF0211404A
:10A0B0000843B8810DE0706800F1140B69680989E4
:10A0C0002A89891A8BB2012259466868F8F71CFB65
:10A0D00000BF29694868F4F77BFE00F10108206D94
:10A0E000B0EB080001D5C4F8508000231A46314671
:10A0F0002046FCF7F1FE231D224631462046FCF7A0
:10A10000A1FE019000BF00BF019899E77463705FE2
:10A110007A65726F5F77696E646F775F70726F6276
:10A12000653A20696E76616C696420706362000034
:10A130007CB504460D46F4F75FFE134804601348EF
:10A14000056008211248FAF757FA30B100BF00BF86
:10A1500010A0EAF7A7FE00BF00BF1748FAF706FBFA
:10A1600030B100BF00BF15A0EAF79CFE00BF00BFE2
:10A1700005204FF4006300221949009019A0FAF756
:10A1800091FC01907CBD0000DC010020E00100207A
:10A19000E40100206661696C656420746F2063725D
:10A1A000656174652074637069705F74687265615D
:10A1B00064206D626F780000E80100206661696CC0
:10A1C000656420746F20637265617465206C6F63D1
:10A1D0006B5F74637069705F636F7265000000008D
:10A1E000E5A201086C7769705F746872656164004C
:10A1F0002DE9F04105460E46174600BF124800689B
:10A2000020B900BF11A0EAF74DFE00BF00BF092032
:10A21000F5F75CFE04461CB94FF0FF30BDE8F08155
:10A22000002020706560A660E76021460648FAF7C6
:10A2300013FA30B121460920F5F7FAFD4FF0FF304F
:10A24000ECE70020EAE70000E4010020496E7661B7
:10A250006C6964206D626F780000000070B505467F
:10A260000C4694F8310000F0180028B1054A214648
:10A270002846FFF7BDFF70BD034A21462846FFF779
:10A28000B7FFF8E759960008ADA0000870B504467E
:10A290000D4616460448FAF725FA2846A047024814
:10A2A000FAF782FA002070BDE801002010B50446DC
:10A2B000FFF78EF90748006810B90748006828B111
:10A2C00000220649FA20FAF72FFC02E00020044998
:10A2D000086010BD5C02002060020020ADA20108F1
:10A2E0009C02002008B51048FAF7FCF90F480068F6
:10A2F00020B10F4800680D490968884713E0694696
:10A300000C4800F06DF8009848B900BF00BF00BFCE
:10A3100000BF09A0EAF7C6FD00BF00BF03E0009838
:10A3200000F01AF800BFEAE7E8010020DC01002095
:10A33000E0010020E401002074637069705F7468BC
:10A34000726561643A20696E76616C6964206D653E
:10A35000737361676500000010B50446207820B172
:10A36000012810D002281ED117E000BF00BF201D19
:10A3700007C8904710B16068F8F756FB21460920DE
:10A38000F5F756FD19E000BF00BFD4E9011088477A
:10A3900021460820F5F74CFD0FE000BF00BFD4E9CF
:10A3A0000110884709E000BF00BF00BF00BF04A044
:10A3B000EAF778FD00BF00BF00BF00BF10BD00007E
:10A3C00074637069705F7468726561643A20696E65
:10A3D00076616C6964206D65737361676500000068
:10A3E0002DE9F04106460F4600BFFAF755FC04463A
:10A3F000601C60B91148FAF7D7F900223946304697
:10A40000FAF70CF80D48FAF76DF9BDE8F08114B9C8
:10A41000FAF7C6F8E9E70948FAF7C6F922463946D5
:10A420003046F9F7FBFF05460448FAF75BF9681C6C
:10A4300010B9FAF7B5F8D8E700BFE6E7E801002061
:10A440002DE9F04105460E46174606B92E4E00BFCF
:10A4500045B900BF2DA0EAF725FD00BF6FF00F0042
:10A46000BDE8F08100BF00BF00BF00BF00BF00BF5C
:10A4700000BF4FF000082B48046805E0A54202D158
:10A480004FF0010802E0E468002CF7D100BF47B9A3
:10A4900000F060FA074607BB00BF00BF6FF007007F
:10A4A000DEE72048046816E0A54213D0608AB8426F
:10A4B00010D120683168884207D036B1306820B1A9
:10A4C0001CB1206808B100BF04E000BF00BF6FF0FE
:10A4D0000700C5E7E468002CE6D10EB9002000E0D3
:10A4E000306828606F82B8F1000F04D10D48006811
:10A4F000E8600C48056000BF00BF00BF00BF00BFA0
:10A5000000BF0020ACE70000341302087564705FE0
:10A5100062696E643A20696E76616C69642070636A
:10A5200062000000A40200202DE9F04104460D461F
:10A53000174600BF44B900BF21A0EAF7B3FC00BF33
:10A540006FF00F00BDE8F08100BF00BF3DB900BF54
:10A5500022A0EAF7A7FC00BF6FF00F00F2E700BFF0
:10A56000608A58B9628A21462046FFF769FF804613
:10A57000B8F1000F01D04046E4E700BF0DB900205C
:10A5800000E028686060A782207C40F0040020740E
:10A5900000BF00BF00BF00BF00BF00BF1648066875
:10A5A00004E0B44201D10020CCE7F668002EF8D1D7
:10A5B00011480068E060104804600020C2E7000015
:10A5C0007564705F636F6E6E6563743A20696E7652
:10A5D000616C696420706362000000007564705FE4
:10A5E000636F6E6E6563743A20696E76616C696440
:10A5F0002069706164647200A402002010B5E5F760
:10A6000085FEC0F30D0000F540400149088010BDF3
:10A61000A00200202DE9FE4F05460E4600200190C5
:10A6200000BF25B900BF6AA0EAF73CFC00BF00BF2D
:10A6300000BF26B900BF6CA0EAF734FC00BF00BF22
:10A640006889082805DA00BF00BF2846F8F7ECF94A
:10A65000BBE0D5F804A06B4A11685069EFF7D6FB50
:10A66000074600BF00BFBAF80000F4F7BEFB834600
:10A67000BAF80200F4F7B9FB029000BF00BF00BFB8
:10A6800000BF00BF00BF00BF00BF00BF00BF00246D
:10A69000A046A1465C48046843E000BF00BF00BF7D
:10A6A00000BF00BF00BF00BF00BF00BF00BF618A86
:10A6B0000298814233D13A463146204600F0B4F840
:10A6C00068B3207C00F0040098B9B9F1000F01D103
:10A6D000A1460EE06FB14B484069401C48B9D9F81B
:10A6E00000007168884204D020687168884200D1F7
:10A6F000A146A08A584512D1606820B141496068DE
:10A70000096988420BD1B8F1000F07D0E068C8F89A
:10A710000C003D480068E0603B48046003E0A04650
:10A72000E468002CB9D100BF04B94C4614B1012033
:10A73000019008E0334970684969884201D10120DD
:10A7400000E0002001900198D0B300BF00BF0821B5
:10A750002846F8F7EDFA50B100BF00BF2BA0EAF78A
:10A76000A1FB00BF00BF2846F8F75EF92DE07CB1E1
:10A77000A06948B1CDF800B0224B10332A462146DB
:10A78000D4E906C0E0471FE02846F8F74DF91CE081
:10A7900000BF00BF87B91B48007D00F0F000E02833
:10A7A0000AD018488089083001B22846F8F7E6F93F
:10A7B00003212846EFF750F92846F8F735F903E06A
:10A7C000FFE72846F8F730F900BFBDE8FE8F00002C
:10A7D0007564705F696E7075743A20696E76616C2D
:10A7E00069642070627566007564705F696E70756B
:10A7F000743A20696E76616C6964206E657469666E
:10A8000000000000586A0020A402002070627566F3
:10A810005F72656D6F76655F6865616465722066FD
:10A8200061696C65640A000070B504460D46164601
:10A8300000BF24B900BF1CA0EAF734FB00BF00BF73
:10A8400000BF25B900BF21A0EAF72CFB00BF00BF65
:10A85000207A50B1217A2748406890F83400401C93
:10A86000C0B2814201D0002070BD8EB174B12068A9
:10A8700060B120484069401C40B12068A968084088
:10A880001C494969AA68114088420BD10120EBE7B5
:10A8900034B1206820B1174920684969884201D144
:10A8A0000120E1E70020DFE77564705F696E707575
:10A8B000745F6C6F63616C5F6D617463683A20698B
:10A8C0006E76616C69642070636200007564705F0D
:10A8D000696E7075745F6C6F63616C5F6D617463DA
:10A8E000683A20696E76616C6964206E6574696689
:10A8F00000000000586A002010B5024682B11368BB
:10A9000073B169B10B685BB1064B186806E0036868
:10A910001468A34201D10B680360C0680028F6D117
:10A9200010BD0000A402002010B50020F5F7CEFAFB
:10A9300004462CB120212046E5F721FDFF20E072DE
:10A94000204610BD70B50546FFF7EEFF04462046D1
:10A9500070BD000010B5002200BF124803880088B7
:10A96000401C104C20804FF6FF70834203D14FF4FF
:10A970004040234618800C4801680EE0488A094B85
:10A980001B88984208D1501C80B20246B0F5804F17
:10A9900001DB002010BDE0E7C9680029EED10148C5
:10A9A0000088F7E7A0020020A402002070B504464A
:10A9B0000E46154600BF2CB900BF05A0EAF772FA93
:10A9C00000BF70BD00BFA661E56100BFF9E70000F0
:10A9D0007564705F726563763A20696E76616C6942
:10A9E000642070636200000070B5054600BF2DB999
:10A9F00000BF12A0EAF756FA00BF70BD00BF1548AD
:10AA00000068A84205D113480068C0681149086071
:10AA10000EE01048046808E0E06828B1E068A84249
:10AA200002D1E868E06002E0E468002CF4D100BFE5
:10AA300029460020F5F7FCF900BFDEE77564705F7A
:10AA400072656D6F76653A20696E76616C69642017
:10AA500070636200A40200202DE9F84305460F460A
:10AA60001646984600BF45B900BF1FA0EAF71AFA7C
:10AA700000BF6FF00F00BDE8F88300BF00BF3FB913
:10AA800000BF1FA0EAF70EFA00BF6FF00F00F2E759
:10AA900000BF00BF3EB900BF20A0EAF703FA00BF25
:10AAA0006FF00F00E7E700BF00BF00BF287A20B1BA
:10AAB000287AF7F737FA044603E03046EFF720FE2E
:10AAC000044644B900BF00BF00BF00BF00BF00BFC5
:10AAD0006FF00300CFE743463246394628460094DC
:10AAE00000F02AF8C7E700007564705F73656E6454
:10AAF000746F3A20696E76616C69642070636200DD
:10AB00007564705F73656E64746F3A20696E766108
:10AB10006C69642070627566000000007564705F87
:10AB200073656E64746F3A20696E76616C69642037
:10AB30006473745F697000002DE9FC4704460F469A
:10AB4000904699460A9D00BF44B900BF23A0EAF78A
:10AB5000A9F900BF6FF00F00BDE8FC8700BF00BF80
:10AB60003FB900BF24A0EAF79DF900BF6FF00F00C6
:10AB7000F2E700BF00BFB8F1000F07D100BF25A06A
:10AB8000EAF790F900BF6FF00F00E5E700BF00BFE4
:10AB90003DB900BF27A0EAF785F900BF6FF00F00AD
:10ABA000DAE700BF34B1206820B1207800F0F0006F
:10ABB000E02801D12E1D07E020686968884202D094
:10ABC0006FF00300C8E726464B464246394620460A
:10ABD000CDE9005600F03EF8BEE700007564705FF6
:10ABE00073656E64746F5F69663A20696E76616C36
:10ABF00069642070636200007564705F73656E64E1
:10AC0000746F5F69663A20696E76616C6964207062
:10AC1000627566007564705F73656E64746F5F69FA
:10AC2000663A20696E76616C6964206473745F694A
:10AC3000700000007564705F73656E64746F5F69A7
:10AC4000663A20696E76616C6964206E6574696627
:10AC5000000000002DE9FF4F85B004460D469146E7
:10AC6000DDF848A000BF4CB900BF55A0EAF71AF9BB
:10AC700000BF6FF00F0009B0BDE8F08F00BF00BF4C
:10AC80003DB900BF56A0EAF70DF900BF6FF00F0005
:10AC9000F1E700BF00BFB9F1000F07D100BF58A016
:10ACA000EAF700F900BF6FF00F00E4E700BF00BF54
:10ACB000139838B900BF5BA0EAF7F4F800BF6FF053
:10ACC0000F00D8E700BF00BFBAF1000F07D100BFE7
:10ACD0005DA0EAF7E7F800BF6FF00F00CBE700BF19
:10ACE000608A70B900BF00BF628A21462046FFF724
:10ACF000A7FB8046B8F1000F03D000BF00BF40465D
:10AD0000B9E72889083080B22989884202DA4FF0F1
:10AD1000FF30B0E708212846F7F75EFAA0B14FF4FC
:10AD2000207208212220F7F7A9FA064626B900BFAB
:10AD300000BF4FF0FF309EE7288918B12946304602
:10AD4000F7F77EFC00BF02E02E4600BF00BF00BF49
:10AD50007089082804D200BF44A0EAF7A3F800BF16
:10AD600000BF7768608AF4F740F838800898F4F7F5
:10AD70003CF878800020F88000BF00BF00BF00BF13
:10AD80003089F4F732F8B8804FF0110BE07A049074
:10AD900000BF00BF00BF00BFA07ACDE901BA00909C
:10ADA0004A463046049B1399EFF7BEFA8046AE42FE
:10ADB00003D03046F7F738FE002640465BE7000038
:10ADC0007564705F73656E64746F5F69665F7372DC
:10ADD000633A20696E76616C69642070636200007A
:10ADE0007564705F73656E64746F5F69665F7372BC
:10ADF000633A20696E76616C6964207062756600E2
:10AE00007564705F73656E64746F5F69665F73729B
:10AE1000633A20696E76616C6964206473745F695B
:10AE2000700000007564705F73656E64746F5F69B5
:10AE3000665F7372633A20696E76616C6964207331
:10AE400072635F69700000007564705F73656E64A3
:10AE5000746F5F69665F7372633A20696E76616CC6
:10AE60006964206E6574696600000000636865634C
:10AE70006B207468617420666972737420706275E7
:10AE8000662063616E20686F6C64207374727563F2
:10AE900074207564705F68647200000000B52DED69
:10AEA000048B85B027480068012847D126492748E8
:10AEB000ECF7EFFE2548007800EE100AB8EE400AE5
:10AEC000234880ED000A2048007800EE100AB8EE12
:10AED000400A204880ED000A9FED1F0A1C4880EDC3
:10AEE000000A9FED1E0A1B4880ED000A0068E5F786
:10AEF00031FC41EC180B16480068E5F72BFC41ECDF
:10AF0000190B8DED008B53EC192B15491548E9F7FA
:10AF1000D9FF1448E5F75CFA13490860002013498B
:10AF20000123CDE90030CDE902100F48008883B23B
:10AF30000C4A0FA11D480068F6F70EF905B0BDECEC
:10AF4000048B00BDE00200202B0000202A0000201E
:10AF5000D4020020D80200206666BE4166666042C8
:10AF6000E4170208D05A0120DC020020491301082E
:10AF70002F7379732F6B3077796451416F6C30394F
:10AF80002F616C695F7365727665725F7465737447
:10AF90002F7468696E672F6576656E742F70726F97
:10AFA00070657274792F706F73740000D002002086
:10AFB00010B5044609480A49086008464460002163
:10AFC0008160C160016181610C214161E7F7E2FDAF
:10AFD000012204490248E7F75DFF10BD001001405F
:10AFE000300400203A00002030B595B0054613AB80
:10AFF00012AA09A9284600F03FFA044614B12046D7
:10B0000015B030BD0020149026E0224909689DF853
:10B01000502001EBC20113AB11AA486801A900F04E
:10B020002BFA04460CB12046EAE709A901A800F072
:10B03000AFFC60B99DF844009DF84810884201DDDE
:10B040000220DDE79DF85000124988750AE09DF85E
:10B050005000401CC0B214900E48007D9DF8501066
:10B060008842D2DC00BF0B48007D9DF8501088421A
:10B0700001D10420C4E714A9284600F0DDFA0446F3
:10B080000CB12046BCE79DF85000024948750020ED
:10B09000B6E70000B00000202DE9F0419AB09C48CE
:10B0A000847D007DA04202DC1AB0BDE8F0819849A1
:10B0B000096801EBC40106AB07AA486808A900F0BB
:10B0C000DBF908A993A0E9F7EDFE002644E09048DB
:10B0D000008B0121B1400840D8B122218FA0E9F7AF
:10B0E000E1FE304600F042FB8949243147183946D9
:10B0F0008BA0E9F7D7FE222188A0E9F7D3FE3046DE
:10B1000000F034FB82492431084410A941F826009C
:10B1100018E0304600F02AFB7D492431085810A978
:10B1200041F826007A48C07D30B910A850F82610A2
:10B130007CA0E9F7B7FE05E010A850F826107AA029
:10B14000E9F7B0FE9DF81C00401EB04202D078A086
:10B15000E9F7A8FE701CC6B29DF81C008642B6DB5B
:10B1600074A0E9F79FFE01F009F86948407D0B28BB
:10B170000DD2DFE800F0060D151E27323F4E5F723C
:10B1800087006349096851F834008047054690E01C
:10B190005F4A126852F8341010988847054688E0D4
:10B1A0005B4B1B6853F83420DDE9100190470546DE
:10B1B0007FE0574F3F6857F8343010A807C89847CA
:10B1C000054676E0DFF848C1DCF800C05CF8347072
:10B1D00010A80FC8B84705466BE01498DFF830C1D7
:10B1E0000090DCF800C05CF8347010A80FC8B847B5
:10B1F00005465EE0DDE91401DFF814C1CDE9000188
:10B20000DCF800C05CF8347010A80FC8B8470546D9
:10B210004FE0DDE914121698DFF8F4C0CDE9001212
:10B220000290DCF800C05CF8347010A80FC8B84772
:10B2300005463EE0DDE91423DDE91610DFF8D0C055
:10B24000CDE90023CDE90210DCF800C05CF83470D1
:10B2500010A80FC8B84705462BE0DDE91523DDE946
:10B260001710CDE90123CDE903101498DFF8A0C031
:10B270000090DCF800C05CF8347010A80FC8B84724
:10B28000054616E0DDE91623DDE91810CDE90223B5
:10B29000CDE90410DDE91401DFF874C0CDE9000147
:10B2A000DCF800C05CF8347010A80FC8B847054639
:10B2B00000BF00BF00F00EFF9DF8180001280CD160
:10B2C0001348C07D20B929461BA0E9F7EBFD07E034
:10B2D00029461BA0E9F7E6FD02E018A0E9F7E2FD28
:10B2E0000B4890F8EC0088B10948D0F8F0000A212A
:10B2F000B0FBF1F201FB12070548D0F8F000B0FBFB
:10B30000F1F83A46414611A0E9F7CCFD00BFCBE683
:10B31000B00000200D0A25732800000025630000FE
:10B3200025730000256C640030582558000000008B
:10B330002C000000290000003D256C753B0D0A0023
:10B340003D305825583B0D0A0000000046756E63DD
:10B3500074696F6E2052756E2054696D653A25646C
:10B360002E2531646D730D0A00000000F0B5034610
:10B37000154600200022002600245BE01F782C2FB9
:10B3800001D104B901221F78292F01D01F780FB9EC
:10B3900004B950E0002E3AD11F78302F02DB1F781D
:10B3A000392F17DD1F782D2F14D01F782B2F11D098
:10B3B0001F78612F02DB1F78662F0BDD1F78412F6E
:10B3C00002DB1F78462F05DD1F78582F02D01F782B
:10B3D000782F0CD102B12EE01F78612F03DB1F788C
:10B3E000203F0F7001E01F780F70491C1FE01F788D
:10B3F000222F04D102B11EE00126012417E01F789C
:10B40000202F14D01F782C2F11D0FF2613E01F7887
:10B41000222F00D1002402B10DE044B11F785C2F2F
:10B4200002D15B1C471CF8B21F780F70491C471CE7
:10B43000F8B25B1CA2E700BF00270F702E70F0BDB2
:10B4400010B50446002010700BE020780870641CD2
:10B45000491C1078401C10701078984201DB0120C4
:10B4600010BD2078202802D020780028EDD10020BF
:10B47000087000BFF4E700002DE9FF4F85B080465B
:10B4800089460027002004900390012002904FF08D
:10B49000000B002544461DE02078202816D005F03A
:10B4A0007F00052812DA0DB945F0800505F07F0010
:10B4B000042803D120782A2800D00EE0207805F057
:10B4C0007F010DF80100681CC5B202E0852D00D196
:10B4D00003E0641C20780028DED100BF8DB100207D
:10B4E00005F07F010DF8010051A1684600F050FA07
:10B4F00018B900210898017002E001210898017034
:10B5000000254FF0000A444614E0641C0AF10100D3
:10B5100000F0FF0A2078202802D020782A2809D1BC
:10B52000204600F0A7F90646282E03D02A2E01D087
:10B53000CDF810A02078282802D020780028E4D167
:10B540004446049810B10498401C04444FF0000A8B
:10B55000002654E0207810B94FF0010A50E020781E
:10B56000282803D116B9781CC7B213E020782928FF
:10B5700008D13EB917B1781EC7B201E04FF0010AF9
:10B5800047B93DE02078222804D10EB9012000E01F
:10B590000020064647B9207820282FD0207889F847
:10B5A000000009F1010929E020782C2804D10120AC
:10B5B0000290681CC5B214E02078202811D02078B1
:10B5C00028280ED04DB9BBF1050F06DA20780DF80A
:10B5D0000B000BF1010000F0FF0B0298401CC0B201
:10B5E0000290012F0AD10298022807D10298401C2C
:10B5F000C0B202900398401CC0B20390641CA9E73B
:10B6000000BF0398012809D100200DF80B0008A104
:10B61000684600F0BDF908B9002003900799039827
:10B620000870002089F80000504609B0BDE8F08F8E
:10B63000766F6964000000002DE9F043B5B005465F
:10B640000F460024002604E000213D488155701C6F
:10B65000C6B20A2EF8DB06E06D1C287818B9012066
:10B6600035B0BDE8F08328782828F5D16D1C61E05D
:10B6700034AA69462846FFF779FE064635449DF808
:10B68000D00020B1012827D0FF284CD149E09DF8F7
:10B69000000000B333A9684600F0F7F806460EB183
:10B6A0000220DDE7204600F061F825490A31339A8F
:10B6B0000A50A1F12400008B0121A14088432049B8
:10B6C0001A39088304211E480155601CC4B20A2C93
:10B6D00001DD0320C4E726E0684600F075F9401C50
:10B6E00000F0FF08204600F041F815490A3100EB50
:10B6F00001094946684600F05CF911481A38018B87
:10B700000120A040014388B20D491A3908830C4832
:10B7100000F80480601CC4B20A2C01DD03209FE7FE
:10B7200001E002209CE700BF2878292801D0287872
:10B7300000B900E09CE700BF3C70002090E70000EB
:10B74000CA0000200020074A128802F400423AB1E1
:10B75000044A11780022044B5A541846014B1A80AF
:10B7600070470000380000206803002002460020D7
:10B77000002105E0044B5B5C0344D8B24B1CD9B2FA
:10B780009142F7DB70470000CA00002010B5044664
:10B7900004EBC40000EB04100122C2EB800081B274
:10B7A0004FF47A7000F0B8FC01200149C87510BD53
:10B7B000B000002010B50246012000E050430B1EEF
:10B7C000A1F10104E1B2F9D110BD000070B500266D
:10B7D000FFF7B8FF064606B970BD174881683046C6
:10B7E000884704461CB91449C868804721E03046A0
:10B7F00000F0F6F80546012D00D02C46CCB1012C06
:10B8000006D0022C08D0032C0AD0042C10D10BE057
:10B810000AA0E9F747FB0BE00BA0E9F743FB07E0C1
:10B820000CA0E9F73FFB03E00DA0E9F73BFB00BFED
:10B8300000BF00BFD0E70000B0000020BAAFCAFDD3
:10B84000B4EDCEF3210D0A00B2CECAFDB4EDCEF3B5
:10B85000210D0A00B2CECAFDCCABB6E0210D0A0024
:10B86000CEB4D5D2B5BDC6A5C5E4B5C4BAAFCAFD80
:10B87000210D0A000146491C00E0491C08782028D7
:10B8800001D10029F9D1087870472DE9F04F05461C
:10B890000F4600264FF00A09B3462C4600203860B8
:10B8A00034E02078392802DC2078302811DA287832
:10B8B0002D2802D028782B2800D156B12078462890
:10B8C00002DC2078412804DA2078582817D1012E8C
:10B8D00015D12078412801DB4FF0100928782D2858
:10B8E00003D14FF0020B6D1C0FE028782B2803D1F9
:10B8F0004FF0010B6D1C08E0701CC6B205E020780B
:10B9000000B904E00120BDE8F08F641CC9E700BF66
:10B910002C46B9F1100F0FD1032E01DA0220F2E705
:10B920002078302806D16078582803D1A41CB01E96
:10B93000C6B204E00320E6E70EB90420E3E71BE00B
:10B940000EB1701EC6B22078392806DC2078302867
:10B9500003DB2078A0F1300A02E02078A0F1370A5A
:10B9600031464846FFF726FF39680AFB0010386069
:10B97000641C207800B900E0E2E700BFBBF1020FD1
:10B9800004D13868C0F10008C7F800800020BAE789
:10B9900002460AE010780B78984201D001207047E7
:10B9A000107800B902E0521C491CF3E700BF0020E8
:10B9B000F5E706E002780A70027802B902E0401C5E
:10B9C000491CF7E700BF70470146002005E00A78F0
:10B9D00002B903E0421CD0B2491CF8E700BF70472F
:10B9E00010B58CB004461E230BAA03A92046FFF70E
:10B9F00027FD0090009810B101200CB010BD9DF8FB
:10BA00002C00044400200B900EE040489DF82C20B0
:10BA100050F8221003A8FFF7BBFF00B908E09DF81B
:10BA20002C00401CC0B20B909DF82C000728ECD3D2
:10BA300000BF9DF82C00072863D2DFE800F0040562
:10BA40003C5E6564630000BF31A0E9F72BFA31A0CA
:10BA5000E9F728FA3FA0E9F725FA4EA0E9F722FA1C
:10BA60005CA0E9F71FFA6BA0E9F71CFA79A0E9F7E7
:10BA700019FA87A0E9F716FA8CA0E9F713FA94A04F
:10BA8000E9F710FA98A0E9F70DFA9DA0E9F70AFA8C
:10BA9000A2A0E9F707FAA8A0E9F704FAB4A0E9F729
:10BAA00001FAC1A0E9F7FEF9CCA0E9F7FBF9D8A0AB
:10BAB000E9F7F8F9A2E216A0E9F7F4F9E4A0E9F74A
:10BAC000F1F900200B900EE0F14800689DF82C2061
:10BAD00000EBC2004168EFA0E9F7E4F99DF82C0003
:10BAE000401CC0B20B90EA48007D9DF82C108842A3
:10BAF000EADC07A0E9F7D6F980E205A0E9F7D2F978
:10BB0000CCE179E24DE221E2F4E1000064000020A2
:10BB10000D0A00002D2D2D2D2D2D2D2D2D2D2D2DF2
:10BB20002D2D2D2D2D2D2D2D2D2D2D2D55534D41C3
:10BB300052542056332E352D2D2D2D2D2D2D2D2DBE
:10BB40002D2D2D2D2D2D2D2D2D2D2D2D2D2D2D2032
:10BB50000D0A00002020202055534D415254CAC7E1
:10BB6000D3C9414C49454E54454BBFAAB7A2B5C4B1
:10BB7000D2BBB8F6C1E9C7C9B5C4B4AEBFDAB5F730
:10BB8000CAD4BBA5BDBBD7E9BCFE2CCDA8B9FD204E
:10BB90000D0A0000CBFC2CC4E3BFC9D2D4CDA8B998
:10BBA000FDB4AEBFDAD6FACAD6B5F7D3C3B3CCD09C
:10BBB000F2C0EFC3E6B5C4C8CEBACEBAAFCAFD2C48
:10BBC000B2A2D6B4D0D02ED2F2B4CB2CC4E3BFC92B
:10BBD0000D0A0000D2D4CBE6D2E2B8FCB8C4BAAFAA
:10BBE000CAFDB5C4CAE4C8EBB2CECAFD28D6A7B315
:10BBF000D6CAFDD7D62831302F3136BDF8D6C62C5F
:10BC0000D6A7B3D6B8BACAFD29A1A2D7D6B7FBB476
:10BC1000AE0D0A00A1A2BAAFCAFDC8EBBFDAB5D813
:10BC2000D6B7B5C8D7F7CEAAB2CECAFD292CB5A5CE
:10BC3000B8F6BAAFCAFDD7EEB6E0D6A7B3D6313064
:10BC4000B8F6CAE4C8EBB2CECAFD2CB2A2D6A7B3EE
:10BC5000D60D0A00BAAFCAFDB7B5BBD8D6B5CFD49A
:10BC6000CABE2ED6A7B3D6B2CECAFDCFD4CABEBDE9
:10BC7000F8D6C6C9E8D6C3B9A6C4DC2CD6A7B3D6B5
:10BC8000BDF8D6C6D7AABBBBB9A6C4DC2E0D0A0028
:10BC9000BCBCCAF5D6A7B3D63A7777772E6F706556
:10BCA0006E6564762E636F6D0D0A000055534D412D
:10BCB0005254D3D037B8F6CFB5CDB3C3FCC1EE28BC
:10BCC000B1D8D0EBD0A1D0B4293A0D0A00000000C1
:10BCD0003F3A202020202020BBF1C8A1B0EFD6FAA7
:10BCE000D0C5CFA20D0A000068656C703A202020F4
:10BCF000BBF1C8A1B0EFD6FAD0C5CFA20D0A0000A3
:10BD00006C6973743A202020BFC9D3C3B5C4BAAFDD
:10BD1000CAFDC1D0B1ED0D0A0A00000069643A20E5
:10BD200020202020BFC9D3C3BAAFCAFDB5C449443F
:10BD3000C1D0B1ED0D0A0A006865783A20202020B4
:10BD4000B2CECAFD3136BDF8D6C6CFD4CABE2CBAE3
:10BD5000F3B8FABFD5B8F12BCAFDD7D6BCB4D6B468
:10BD6000D0D0BDF8D6C6D7AABBBB0D0A0A000000CA
:10BD70006465633A20202020B2CECAFD3130BDF880
:10BD8000D6C6CFD4CABE2CBAF3B8FABFD5B8F12BF9
:10BD9000CAFDD7D6BCB4D6B4D0D0BDF8D6C6D7AAC3
:10BDA000BBBB0D0A0A00000072756E74696D653ABE
:10BDB000312CBFAAC6F4BAAFCAFDD4CBD0D0BCC612
:10BDC000CAB13B302CB9D8B1D5BAAFCAFDD4CBD0AB
:10BDD000D0BCC6CAB13B0D0A0A000000C7EBB0B424
:10BDE000D5D5B3CCD0F2B1E0D0B4B8F1CABDCAE475
:10BDF000C8EBBAAFCAFDC3FBBCB0B2CECAFDB2A29B
:10BE0000D2D4BBD8B3B5BCFCBDE1CAF82E0D0A0034
:10BE10002D2D2D2D2D2D2D2D2D2D2D2D2D2D2D2D52
:10BE20002D2D2D2D2D2D2D2D2D2DD5FDB5E3D4AD65
:10BE3000D7D32D2D2D2D2D2D2D2D2D2D2D2D2D2DE2
:10BE40002D2D2D2D2D2D2D2D2D2D2D200D0A0000CC
:10BE50002D2D2D2D2D2D2D2D2D2D2D2D2D2D2D2D12
:10BE60002D2D2D2D2D2D2D2D2DBAAFCAFDC7E5B5AC
:10BE7000A52D2D2D2D2D2D2D2D2D2D2D2D2D2D2D7A
:10BE80002D2D2D2D2D2D2D2D2D2D2D2D200D0A005F
:10BE9000B000002025730D0A0000000059A0E9F74A
:10BEA00001F800200B901AE0664909689DF82C20E3
:10BEB00001EBC20101AB02AA486803A9FFF7DCFA53
:10BEC000604800689DF82C1050F8312003A95EA04E
:10BED000E8F7E8FF9DF82C00401CC0B20B905948D1
:10BEE000007D9DF82C108842DEDCAFF2DC30E8F7F4
:10BEF000D9FF83E0AFF2E830E8F7D4FF0BAA03A93B
:10BF00002046FFF733FA9DF82C00C8B9694603A80C
:10BF1000FFF7BBFC0B909DF82C0020B94FA00099B7
:10BF2000E8F7C0FF0EE09DF82C00042801D00220A5
:10BF300063E54DA0E8F7B6FF01204249C87501E06E
:10BF400002205AE547A0E8F7ADFF57E045A0E8F723
:10BF5000A9FF0BAA03A92046FFF708FA9DF82C00B9
:10BF6000C8B9694603A8FFF790FC0B909DF82C0018
:10BF700020B942A00099E8F795FF0EE09DF82C004B
:10BF8000042801D0022038E53FA0E8F78BFF00200D
:10BF90002C49C87501E002202FE532A0E8F782FFA6
:10BFA0002CE030A0E8F77EFF0BAA03A92046FFF79C
:10BFB000DDF99DF82C00C8B9694603A8FFF765FCB8
:10BFC0000B909DF82C0078B91E49009881F8EC0080
:10BFD000084690F8EC0018B130A0E8F763FF07E0DE
:10BFE00035A0E8F75FFF03E0022006E5022004E544
:10BFF0001CA0E8F757FF01E00120FEE400BF00208D
:10C00000FBE400002D2D2D2D2D2D2D2D2D2D2D2D35
:10C010002D2D2D2D2D2D2D2D2D2D2D2D2DBAAFCAA4
:10C02000FD204944202D2D2D2D2D2D2D2D2D2D2D57
:10C030002D2D2D2D2D2D2D2D2D2D2D2D2D2D2D2D30
:10C04000200D0A00B0000020257320696420697368
:10C050003A0D0A3058253038580D0A004845583AEC
:10C06000305825580D0A00003136BDF8D6C6B2CE7C
:10C07000CAFDCFD4CABE210D0A0000004445433A90
:10C08000256C750D0A0000003130BDF8D6C6B2CE61
:10C09000CAFDCFD4CABE210D0A00000052756E2021
:10C0A00054696D652043616C63756C6174696F6E72
:10C0B000204F4E0D0A00000052756E2054696D65C8
:10C0C0002043616C63756C6174696F6E204F4646E6
:10C0D0000D0A00000E480068006900F0010040B140
:10C0E0000C48D0F8F0004FF6FF7108440949C1F838
:10C0F000F0000848D0F8F00005490968496A08448A
:10C100000449C1F8F0000846D0F8F000704700007C
:10C11000440F0020B000002038B505460C4600BF93
:10C1200000BF002000901248006840F00400104951
:10C1300008600846006800F00400009000BF00BFDF
:10C1400000BF0C480C49086008464460002181602B
:10C15000C5600161E6F76CFB0748E6F79DFB03222B
:10C1600011461E20E5F7D7FE1E20E5F7C4FE38BDB8
:10C170004038024000080040440F00206FF00100EA
:10C1800009490968086100BF000C07490968C862CD
:10C1900001460548C16000BF0020034909684862A4
:10C1A0000249C1F8F0007047440F0020B0000020A1
:10C1B00001460A69D1E901309860D1E9010358606C
:10C1C0005068884201D1886850600020086110687A
:10C1D000401E10601068704700F1080141604FF088
:10C1E000FF31816000F10801C1600161002101603F
:10C1F000704700210161704710B502460B685C1C56
:10C200000CB9106907E002F1080000E040684468DA
:10C2100024689C42FAD944684C604C68A1608860EC
:10C2200041600A611468641C146010BD42684A6071
:10C2300093688B60936859609160086103685B1C28
:10C240000360704710B500BF502080F31188BFF322
:10C250004F8FBFF36F8F00BF0B480068401C0A4927
:10C2600008600846006801280DD108480068C0B27F
:10C2700008B9012000E0002028B94FF4DB7204A1C6
:10C2800012A0E8F70FFE10BD5803002004ED00E0F7
:10C290002E2E5C2E2E5C4D6964646C657761726530
:10C2A000735C4672656552544F535C706F72746173
:10C2B000626C655C525644535C41524D5F434D3451
:10C2C000465C706F72742E63000000004572726FDE
:10C2D000723A2025732C2025640D0A0010B50B48F6
:10C2E000006828B940F2BD1209A118A0E8F7DAFDEC
:10C2F00006480068401E054908600846006820B9E5
:10C30000002080F3118800BF00BF10BD580300203B
:10C310002E2E5C2E2E5C4D6964646C6577617265AF
:10C32000735C4672656552544F535C706F727461F2
:10C33000626C655C525644535C41524D5F434D34D0
:10C34000465C706F72742E63000000004572726F5D
:10C35000723A2025732C2025640D0A0070B506461C
:10C360003546002E3AD0083D2C461D4960680968C4
:10C37000084008B1012000E0002028B94FF4927273
:10C3800018A126A0E8F78EFD206808B9012000E07A
:10C39000002028B940F2251212A120A0E8F782FD62
:10C3A0000F49606809680840C0B12068B0B90C49FD
:10C3B000606809688843606000F0D6FB1B496068CC
:10C3C00009680844194908602046F7F7F5F9184844
:10C3D0000068401C1649086001F07CFD70BD00003B
:10C3E000540300202E2E5C2E2E5C4D6964646C6517
:10C3F00077617265735C4672656552544F535C7029
:10C400006F727461626C655C4D656D4D616E675CE9
:10C41000686561705F342E63000000004572726FC2
:10C42000723A2025732C2025640D0A004403002055
:10C430005003002000204FF0E02108618861064889
:10C4400000684FF47A71B0FBF1F0401E4FF0E0212C
:10C4500048610720086170470000002070B5E3F7CD
:10C46000FBFE0546102D11D305F1E02090F8F043B6
:10C4700010480078844201DB012000E0002028B948
:10C4800040F217320CA11BA0E8F70CFD1D48006814
:10C4900000F4E0601C490968884201D8012000E0EE
:10C4A000002028B940F2273203A112A0E8F7FAFCD5
:10C4B00070BD00005C0300202E2E5C2E2E5C4D69AA
:10C4C00064646C6577617265735C4672656552542D
:10C4D0004F535C706F727461626C655C525644536A
:10C4E0005C41524D5F434D34465C706F72742E63F5
:10C4F000000000004572726F723A2025732C2025CF
:10C50000640D0A000CED00E0600300202DE9F0410D
:10C5100006460F462EB940F6C82211A119A0E8F729
:10C52000C1FC0025BFB1002412E01A4800EBC40092
:10C530004068B04203D1174800EBC4050AE035B9A2
:10C54000144850F8340010B9124800EBC405641CBC
:10C55000082CEAD300BF0DB12F606E60BDE8F081FA
:10C560002E2E5C2E2E5C4D6964646C65776172655D
:10C57000735C4672656552544F535C7175657565A1
:10C580002E6300004572726F723A2025732C2025AD
:10C59000640D0A00B45B012070B5044625462DB930
:10C5A0004FF4016205A10EA0E8F77CFC284600F0DC
:10C5B0001FF82846FFF7D2FE70BD00002E2E5C2E1D
:10C5C0002E5C4D6964646C6577617265735C46725C
:10C5D000656552544F535C71756575652E63000037
:10C5E0004572726F723A2025732C2025640D0A0063
:10C5F00070B505462DB940F616320CA114A0E8F727
:10C6000051FC00240EE0164800EBC4004068A8422C
:10C6100007D10020124941F8340001EBC401486001
:10C6200002E0641C082CEED300BF70BD2E2E5C2EE1
:10C630002E5C4D6964646C6577617265735C4672EB
:10C64000656552544F535C71756575652E630000C6
:10C650004572726F723A2025732C2025640D0A00F2
:10C66000B45B01202DE9F04105460E4617462C46E5
:10C67000FFF7E8FD94F94400401C10B9002084F84D
:10C68000440094F94500401C10B9002084F845008E
:10C69000FFF724FEA06B28B93A46314604F1240086
:10C6A00000F01EF92046F7F728FBBDE8F0810000F6
:10C6B00070B504460025ACB10F48006808B90120E8
:10C6C00000E0002028B940F249520CA114A0E8F77C
:10C6D000E9FB00F049FA00212046F6F74FFD01F092
:10C6E000F9FB05463DB94FF0805011490860BFF392
:10C6F0004F8FBFF36F8F70BD200300202E2E5C2E56
:10C700002E5C4D6964646C6577617265735C46721A
:10C71000656552544F535C7461736B732E630000F4
:10C720004572726F723A2025732C2025640D0A0021
:10C7300004ED00E070B50546FFF784FD15B92F48FC
:10C74000006800E028460446201DFFF731FD78B957
:10C75000E06A00EB80002A4951F8200040B994F8C3
:10C760002C10012088402749096881432548016031
:10C77000A06A18B104F11800FFF71AFD22480068FA
:10C78000401C214908601D480068844209D1211DD0
:10C790001E48FFF74BFD1E480068401C1C490860FE
:10C7A00006E01C480068401E1A490860F7F708FABE
:10C7B000FFF794FD11480068844202D02046F6F746
:10C7C00063FE15480068C0B10C480068844214D16B
:10C7D0001248006808B9012000E0002028B940F2A2
:10C7E000DC420FA117A0E8F75DFB4FF0805019491C
:10C7F0000860BFF34F8FBFF36F8F70BDE40200205E
:10C80000F45B0120FC02002010030020B05E012038
:10C81000F0020020F402002000030020200300208A
:10C820002E2E5C2E2E5C4D6964646C65776172659A
:10C83000735C4672656552544F535C7461736B73DD
:10C840002E6300004572726F723A2025732C2025EA
:10C85000640D0A0004ED00E0034909680160034922
:10C8600009684160704700000C030020F8020020B6
:10C8700001200149086070470803002070B5044694
:10C880000D462CB940F61C4207A110A0E8F70AFBA0
:10C890001248016818312046FFF7AEFC01212846F6
:10C8A000F6F76CFC70BD00002E2E5C2E2E5C4D69E0
:10C8B00064646C6577617265735C46726565525439
:10C8C0004F535C7461736B732E6300004572726F1B
:10C8D000723A2025732C2025640D0A00E402002002
:10C8E00070B504460E4615462CB940F6524211A1C9
:10C8F00019A0E8F7D7FA60681B490968C8611A49A6
:10C90000826809680A6218490968183182685160AA
:10C910001549096818318160134909688C622168DA
:10C92000491C21600DB14FF0FF3629463046F6F71D
:10C9300025FC70BD2E2E5C2E2E5C4D6964646C65EA
:10C9400077617265735C4672656552544F535C74CF
:10C9500061736B732E6300004572726F723A20250B
:10C96000732C2025640D0A00E40200202DE9F04715
:10C9700006460F4634464FF00109002E70D0206D58
:10C9800028B941F29F0237A13FA0E8F78BFAE06C8B
:10C99000B84201D23D4600E0E56CE06AA8425FD0B3
:10C9A000206D01285CD13C480068844201D0012000
:10C9B00000E0002028B941F2BA022AA132A0E8F72B
:10C9C00071FAD4F82C80E562A06900F0004010B93B
:10C9D000C5F12000A06108EB8801304A02EB81011B
:10C9E0006069884201D1012000E00020C0B3201D11
:10C9F000FFF7DEFB40B994F82C100120884028494D
:10CA0000096881432648016094F82C100120884071
:10CA100023490968084322490860E16A01EB810162
:10CA20001E4A02EB81014868A0608268E260211D15
:10CA3000826851608160E16A01EB8101174A02EB73
:10CA400081026261E16A01EB8101144A52F821100E
:10CA5000491CE26A02EB8202104B43F8221000BF2D
:10CA6000BDE8F0872E2E5C2E2E5C4D6964646C65EB
:10CA700077617265735C4672656552544F535C749E
:10CA800061736B732E6300004572726F723A2025DA
:10CA9000732C2025640D0A00E4020020F45B0120C1
:10CAA000FC0200201CB51B4800210B468022CDE96A
:10CAB000001019A11A4800F029FF0446012C02D1E8
:10CAC00001F0F4FA0446012C15D100BF502080F388
:10CAD0001188BFF34F8FBFF36F8F00BF4FF0FF3050
:10CAE0001049086001201049086000200F490860C3
:10CAF00000F0A0F80BE0601C08B1012000E000206D
:10CB000028B94FF404620AA112A0E8F7CBF915483E
:10CB100000681CBD1803002049444C45000000007B
:10CB2000553501081403002000030020F8020020FE
:10CB30002E2E5C2E2E5C4D6964646C657761726587
:10CB4000735C4672656552544F535C7461736B73CA
:10CB50002E6300004572726F723A2025732C2025D7
:10CB6000640D0A001C03002002480068401C0149B3
:10CB7000086070472003002010B51B48006818B1FA
:10CB800001201A4908602DE0002018490860184863
:10CB90000068B0FA80F0C0F11F0404EB840015496E
:10CBA00051F8200008B1012000E0002028B940F62B
:10CBB000024211A119A0E8F775F904EB84010D4AAE
:10CBC00002EB810041684968416000F10801426858
:10CBD0008A4202D14168496841604168C968134A84
:10CBE000116000BF10BD00002003002008030020DA
:10CBF000FC020020F45B01202E2E5C2E2E5C4D6981
:10CC000064646C6577617265735C467265655254E5
:10CC10004F535C7461736B732E6300004572726FC7
:10CC2000723A2025732C2025640D0A00E4020020AE
:10CC3000016070471CB5504800685049884201D0D7
:10CC4000012000E0002028B940F243124CA15BA073
:10CC5000E8F728F9484800684849491E884201D049
:10CC6000012000E0002028B94FF4A27244A153A093
:10CC7000E8F718F9554C204600780190FF2021462E
:10CC800008700846007800909DF8000000F0F00061
:10CC90009DF80010884201D1012000E0002028B951
:10CCA00040F25D1236A145A0E8F7FCF89DF80000BF
:10CCB00000F050004649087007204649086009E026
:10CCC00044480068401E434908609DF80000400643
:10CCD000000E00909DF8000000F080008028EFD04A
:10CCE0003C480068C0F10700042801D1012000E0A1
:10CCF000002028B940F2711221A130A0E8F7D2F843
:10CD000034480068C0F10700042801D1012000E088
:10CD1000002028B94FF4BD7219A128A0E8F7C2F885
:10CD20002C48006800022B4908600846008800F47F
:10CD3000E06008602549019808700F4820300068BD
:10CD400040F470000C49203108600846006840F04B
:10CD500070400860FFF76EFB00201F490860E3F792
:10CD600043FA1E48006840F040401C490860E3F761
:10CD700027FA00201CBD000000ED00E071C20F4149
:10CD80002E2E5C2E2E5C4D6964646C657761726535
:10CD9000735C4672656552544F535C706F72746178
:10CDA000626C655C525644535C41524D5F434D3456
:10CDB000465C706F72742E63000000004572726FE3
:10CDC000723A2025732C2025640D0A0000E400E04F
:10CDD0005C030020600300205803002034EF00E0D3
:10CDE00010B500BF502080F31188BFF34F8FBFF301
:10CDF0006F8F00BF00F0D6FD18B14FF0805004498E
:10CE0000086000BF002080F3118800BF10BD000043
:10CE100004ED00E02DE9F0410446012600272246FA
:10CE20000021012000F008F805462846F6F7A6FB89
:10CE30002846BDE8F08100002DE9F84305460E467E
:10CE400017460024E5B1601EB0FBF5F0B04217D3E1
:10CE500005FB06F010F1550F12D805FB06F909F194
:10CE60005400F6F7C7FF04468CB1A04608F15408F9
:10CE70003B464246314628460094F6F78EFB06E0D4
:10CE80002CB94FF4E37203A10BA0E8F70BF820468E
:10CE9000BDE8F8832E2E5C2E2E5C4D6964646C65B3
:10CEA00077617265735C4672656552544F535C716D
:10CEB000756575652E6300004572726F723A2025A4
:10CEC000732C2025640D0A002DE9F04105460E461D
:10CED00001272C462CB94FF488722CA134A0E7F717
:10CEE000E1FF002C42D0E06B00283FD04FF0FF3133
:10CEF000E06BB1FBF0F0216C884237D3FFF7A2F969
:10CF0000D4E90F12206801FB0200A0600020A0639A
:10CF100020686060E06B401E226C216800FB0211FB
:10CF2000E160FF2084F8440084F845009EB9206940
:10CF300008B9012000E00020A8B904F1100000F0B9
:10CF400023FF80B14FF080501D490860BFF34F8F21
:10CF5000BFF36F8F07E004F11000FFF73DF904F114
:10CF60002400FFF739F9FFF7B9F900E000270FB106
:10CF7000012000E0002028B940F2451203A10CA0D6
:10CF8000E7F790FF3846BDE8F08100002E2E5C2EBA
:10CF90002E5C4D6964646C6577617265735C467282
:10CFA000656552544F535C71756575652E6300005D
:10CFB0004572726F723A2025732C2025640D0A0089
:10CFC00004ED00E02DE9FF4782B0064688461D4685
:10CFD0004FF0000934462CB940F22E3264A16DA006
:10CFE000E7F760FFB8F1000F01D1206C08B901200C
:10CFF00000E0002028B940F22F325DA165A0E7F7DC
:10D0000051FF022D02D1E06B012801D1012000E087
:10D01000002028B94FF44C7255A15EA0E7F742FFFB
:10D0200000F0AAFC08B9049808B9012000E000202B
:10D0300028B940F233324EA156A0E7F733FF00BFC4
:10D04000FFF700F9A06BE16B884201D3022D3ED1BE
:10D05000D4F838A02A4641462046F6F7D6F90746C6
:10D06000A06C88B1022D02D1BAF1000F29D120465F
:10D07000F6F71EFC28B34FF080504A490860BFF312
:10D080004F8FBFF36F8F1CE0606A08B9012000E08A
:10D09000002068B904F1240000F076FE88B14FF05A
:10D0A000805040490860BFF34F8FBFF36F8F08E097
:10D0B0003FB14FF080503B490860BFF34F8FBFF343
:10D0C0006F8FFFF70BF9012006B0BDE8F0870498D9
:10D0D00018B9FFF703F90020F6E7B9F1000F04D102
:10D0E0006846FFF7B9FB4FF00109FFF7F7F8FFF7C4
:10D0F0003BFDFFF7A7F894F94400401C10B900204D
:10D1000084F8440094F94500401C10B9002084F8CC
:10D110004500FFF7E3F804A9684600F091FBF8B971
:10D120002046F6F7B6FBA8B104F110000499FFF70A
:10D13000A5FB2046F6F7E1FD00F0CCFE00287FF4C9
:10D140007FAF4FF0805017490860BFF34F8FBFF398
:10D150006F8F75E72046F6F7D0FD00F0BBFE6FE756
:10D160002046F6F7CAFD00F0B5FE0020ACE700004F
:10D170002E2E5C2E2E5C4D6964646C657761726541
:10D18000735C4672656552544F535C717565756585
:10D190002E6300004572726F723A2025732C202591
:10D1A000640D0A0004ED00E02DE9F84F80468B463F
:10D1B00015461E4644462CB940F202423EA147A005
:10D1C000E7F770FEBBF1000F01D1206C08B9012018
:10D1D00000E0002028B940F2034237A13FA0E7F762
:10D1E00061FE022E02D1E06B012801D1012000E096
:10D1F000002028B940F204422FA138A0E7F752FEE0
:10D20000FFF72CF900BF5021EFF3118081F3118853
:10D21000BFF34F8FBFF36F8F00BF0746A06BE16B6B
:10D22000884201D3022E3ED194F945A0A06B009014
:10D23000324659462046F6F7E8F80AF10100E8B907
:10D24000A06C60B1022E02D10098002828D120469F
:10D25000F6F72EFB20B31DB30120286020E0606AA2
:10D2600008B9012000E00020D0B904F1240000F04A
:10D270008BFDA8B1A5B10120286011E0BAF17F0FA4
:10D2800001D0012000E0002028B940F28D420AA11F
:10D2900012A0E7F707FE0AF1010040B284F845004A
:10D2A0004FF0010901E04FF0000900BF87F311883A
:10D2B00000BF4846BDE8F88F2E2E5C2E2E5C4D69CF
:10D2C00064646C6577617265735C4672656552541F
:10D2D0004F535C71756575652E6300004572726F02
:10D2E000723A2025732C2025640D0A002DE9F047A1
:10D2F00007460D463C462CB940F2AD4237A140A04E
:10D30000E7F7D0FD206C08B9012000E0002028B923
:10D3100040F2B14231A13AA0E7F7C4FD206808B954
:10D32000A06808B9012000E0002028B940F2B64208
:10D330002AA133A0E7F7B6FDFFF790F800BF502110
:10D34000EFF3118081F31188BFF34F8FBFF36F8F1D
:10D3500000BF0646D4F838A0E06B504535D994F9A3
:10D3600045900AF10100A06309F10100C0B9A06C69
:10D3700038B12046F6F79CFA20B31DB3012028608F
:10D3800020E0606A08B9012000E00020D0B904F173
:10D39000240000F0F9FCA8B1A5B10120286011E03B
:10D3A000B9F17F0F01D0012000E0002028B940F240
:10D3B00035520AA112A0E7F775FD09F1010040B24C
:10D3C00084F845004FF0010801E04FF0000800BF6D
:10D3D00086F3118800BF4046BDE8F0872E2E5C2EF4
:10D3E0002E5C4D6964646C6577617265735C46722E
:10D3F000656552544F535C71756575652E63000009
:10D400004572726F723A2025732C2025640D0A0034
:10D4100070B505462C462CB940F283220CA115A00C
:10D42000E7F740FD00F0A2FAA16888420CD1E0685D
:10D43000401EE060E06828B900231A4619462046DD
:10D44000FFF7C0FD012600E00026304670BD000059
:10D450002E2E5C2E2E5C4D6964646C65776172655E
:10D46000735C4672656552544F535C7175657565A2
:10D470002E6300004572726F723A2025732C2025AE
:10D48000640D0A002DE9F74183B005460E464FF0C2
:10D4900000082C462CB940F251524CA154A0E7F799
:10D4A00001FD0EB9206C08B9012000E0002028B968
:10D4B00040F2555245A14EA0E7F7F4FC00F05CFAAB
:10D4C00008B9059808B9012000E0002028B940F209
:10D4D0005A523EA146A0E7F7E5FC00BFFEF7B2FEB8
:10D4E000A76BF7B131462046F5F77AFF781EA063A7
:10D4F000206908B9012000E0002060B904F11000A3
:10D5000000F042FC38B14FF080503D490860BFF355
:10D510004F8FBFF36F8FFEF7E1FE012006B0BDE82D
:10D52000F081059818B9FEF7D9FE0020F6E7B8F1AA
:10D53000000F04D101A8FFF78FF94FF00108FEF7A3
:10D54000CDFEFFF711FBFEF77DFE94F94400401C71
:10D5500010B9002084F8440094F94500401C10B92B
:10D56000002084F84500FEF7B9FE05A901A800F0E7
:10D5700067F9F0B92046F6F77FF9A0B104F124006D
:10D580000599FFF77BF92046F6F7B7FB00F0A2FC00
:10D590000028A3D14FF0805019490860BFF34F8F86
:10D5A000BFF36F8F9AE72046F6F7A7FB00F092FCD7
:10D5B00094E72046F6F7A1FB00F08CFC2046F6F736
:10D5C0005BF900288AD00020A8E700002E2E5C2EF0
:10D5D0002E5C4D6964646C6577617265735C46723C
:10D5E000656552544F535C71756575652E63000017
:10D5F0004572726F723A2025732C2025640D0A0043
:10D6000004ED00E02DE9F34182B005464FF000083B
:10D610002C4600262CB940F2E3525DA165A0E7F745
:10D6200041FC206C08B9012000E0002028B940F23C
:10D63000E75257A15FA0E7F735FC00F09DF908B964
:10D64000039808B9012000E0002028B940F2EC520C
:10D650004FA158A0E7F726FC00BFFEF7F3FDA76B2C
:10D66000FFB1781EA063206810B9F6F78DFCA060AA
:10D67000206908B9012000E0002060B904F1100021
:10D6800000F082FB38B14FF080504E490860BFF384
:10D690004F8FBFF36F8FFEF721FE012004B0BDE86E
:10D6A000F081039870B90EB9012000E0002028B97C
:10D6B00040F2326236A13FA0E7F7F4FBFEF70EFE20
:10D6C0000020EBE7B8F1000F04D16846FFF7C4F87B
:10D6D0004FF00108FEF702FEFFF746FAFEF7B2FD33
:10D6E00094F94400401C10B9002084F8440094F9D7
:10D6F0004500401C10B9002084F84500FEF7EEFDFF
:10D7000003A9684600F09CF840BB2046F6F7B4F841
:10D71000F0B1206838B9FEF795FDA06800F0BEFAB8
:10D720000646FEF7DBFD04F124000399FFF7A6F897
:10D730002046F6F7E2FA00F0CDFB00288DD14FF03D
:10D74000805020490860BFF34F8FBFF36F8F84E78D
:10D750002046F6F7D2FA00F0BDFB7EE72046F6F74A
:10D76000CCFA00F0B7FB2046F6F786F80028EED09A
:10D770005EB1FEF767FD2046F5F78FFE0746394696
:10D78000A068FFF7F3F8FEF7A9FD002086E7000088
:10D790002E2E5C2E2E5C4D6964646C65776172651B
:10D7A000735C4672656552544F535C71756575655F
:10D7B0002E6300004572726F723A2025732C20256B
:10D7C000640D0A0004ED00E02DE9F04106460F4625
:10D7D00034462CB940F2BB220CA115A0E7F762FB3E
:10D7E00000F0C4F8A168884204D1E068401CE06001
:10D7F000012508E039462046FFF704FF054615B12C
:10D80000E068401CE0602846BDE8F0812E2E5C2ECA
:10D810002E5C4D6964646C6577617265735C4672F9
:10D82000656552544F535C71756575652E630000D4
:10D830004572726F723A2025732C2025640D0A0000
:10D8400070B506460C462EB940F6FD421FA128A031
:10D85000E7F728FB2CB940F6FE421CA124A0E7F70D
:10D8600021FBFEF7EFFC264802687068131A254872
:10D87000006890F8590030B100202249096881F809
:10D88000590001251EE02068401C08B9002519E058
:10D890001D4930680968884206D07068904203D8F4
:10D8A0000125002020600DE02068984207D92068FB
:10D8B000C01A20603046FEF7CFFF002502E00020AE
:10D8C00020600125FEF70AFD284670BD2E2E5C2E35
:10D8D0002E5C4D6964646C6577617265735C467239
:10D8E000656552544F535C7461736B732E63000013
:10D8F0004572726F723A2025732C2025640D0A0040
:10D90000F8020020E40200200C0300202DE9FF4F64
:10D9100085B0804689461746DDE912ABB800F6F7B8
:10D9200069FA064656B15C20F6F764FA04460CB173
:10D93000266304E03046FEF711FD00E000247CB1D0
:10D940000020CDE900ABCDE902403A4649464046C9
:10D95000089BF5F739FE2046F5F776FC012501E036
:10D960004FF0FF35284609B0BDE8F08F014908683F
:10D9700070470000E40200200549096809B9012048
:10D9800005E00449096809B9022000E00020704759
:10D9900000030020200300200149086870470000B0
:10D9A000F80200202DE9F0414FF000085F480068C0
:10D9B00000287DD15E480068451C5D480560002D4B
:10D9C0001DD15C480068006808B9012000E0002013
:10D9D00028B940F6C72258A160A0E7F763FA554876
:10D9E00007686248006853490860604807606048FB
:10D9F0000068401C5E490860F6F7E2F800BF5D4829
:10DA00000068854277D300BF4A480068006808B9BB
:10DA1000012000E0002020B14FF0FF3055490860A0
:10DA200068E044480068C068C4686668B54202D2CD
:10DA3000504806605EE06069D4E902128A60D4E969
:10DA400002214A60211D42688A4201D1E168416099
:10DA5000002262610168491E0160A06A98B1A06A53
:10DA6000D4E907128A60D4E907214A6004F1180159
:10DA700042688A4201D1216A41600022A2620168A3
:10DA8000491E016000BF94F82C10012088403A49DB
:10DA90000968084338490860E16A01EB8101374AA7
:10DAA00002EB81014868A0608268E260211D00E00D
:10DAB00033E0826851608160E16A01EB81012F4AA5
:10DAC00002EB81026261E16A01EB81012B4A52F8AB
:10DAD0002110491CE26A02EB8202284B43F8221013
:10DAE0002749E06A0968C96A88428DD34FF0010866
:10DAF0008AE700E000BF22480068C06A00EB8000AF
:10DB00001E4951F82000012801D94FF001081D4895
:10DB1000006808B14FF0010804E01B480068401C91
:10DB2000194908604046BDE8F0810000200300204C
:10DB3000F8020020E80200202E2E5C2E2E5C4D699B
:10DB400064646C6577617265735C46726565525496
:10DB50004F535C7461736B732E6300004572726F78
:10DB6000723A2025732C2025640D0A00EC02002057
:10DB70000C03002014030020FC020020F45B0120B1
:10DB8000E4020020080300200403002070B50546CD
:10DB90002C460026002D5ED030480068844201D11A
:10DBA000012000E0002028B941F24F022CA135A04D
:10DBB000E7F778F9206D28B941F2500228A131A089
:10DBC000E7F770F9206D401E2065E16CE06A88423D
:10DBD00041D0206D00283ED1201DFEF7E9FA40B962
:10DBE00094F82C10012088402A490968814329486B
:10DBF0000160E06CE062E06AC0F12000A06194F88E
:10DC00002C100120884023490968084321490860F5
:10DC1000E16A01EB8101204A02EB81014868A060C2
:10DC20008268E260211D826851608160E16A01EBD7
:10DC30008101194A02EB81026261E16A01EB810113
:10DC4000154A52F82110491CE26A02EB8202124B7B
:10DC500043F822100126304670BD0000E402002087
:10DC60002E2E5C2E2E5C4D6964646C657761726546
:10DC7000735C4672656552544F535C7461736B7389
:10DC80002E6300004572726F723A2025732C202596
:10DC9000640D0A00FC020020F45B012070B505460B
:10DCA0002C460026002D67D03449E06A0968C96A0D
:10DCB00088425AD2A06900F0004028B92F48006875
:10DCC000C06AC0F12000A061E16A01EB81012C4A29
:10DCD00002EB81016069884201D1012000E000204F
:10DCE000E0B3201DFEF764FA40B994F82C1001202F
:10DCF0008840244909688143224801601F48006820
:10DD0000C06AE06294F82C10012088401D4909681F
:10DD100008431C490860E16A01EB8101184A02EBE3
:10DD200081014868A0608268E260211D82685160BC
:10DD30008160E16A01EB8101114A02EB81026261BB
:10DD4000E16A01EB81010E4A52F82110491CE26A96
:10DD500002EB82020A4B43F8221004E0FFE7074877
:10DD60000068C06AE062012606E00449E06C0968C8
:10DD7000C96A884200D20126304670BDE402002004
:10DD8000F45B0120FC02002070B50646F068C46810
:10DD90002CB940F682423CA144A0E7F783F8A06A80
:10DDA000D4E907128A60D4E907214A6004F1180116
:10DDB00042688A4201D1216A41600022A262016860
:10DDC000491E01603D48006800283DD16069D4E9E2
:10DDD00002128A60D4E902214A60211D42688A4207
:10DDE00001D1E1684160002262610168491E016061
:10DDF00094F82C10012088403149096808433049C3
:10DE00000860E16A01EB81012E4A02EB810148685A
:10DE1000A0608268E260211D826851608160E16AD1
:10DE200001EB8101274A02EB81026261E16A01EBA9
:10DE30008101244A52F82110491CE26A02EB820255
:10DE4000204B43F8221010E01F494868E0618268C7
:10DE5000226204F118018268516081601A4AA2624C
:10DE600011460968491C116000BF1849E06A096839
:10DE7000C96A884204D9012501201549086000E0DB
:10DE80000025284670BD00002E2E5C2E2E5C4D69AC
:10DE900064646C6577617265735C46726565525443
:10DEA0004F535C7461736B732E6300004572726F25
:10DEB000723A2025732C2025640D0A0020030020CF
:10DEC000FC020020F45B01209C5E0120E4020020A3
:10DED0000803002070B5002400265048006828B9C7
:10DEE00040F6B3024EA157A0E6F7DCFFFEF7AAF911
:10DEF0004A480068401E49490860084600680028F2
:10DF00007ED15448006800287AD05BE05248C0684F
:10DF1000C468A06AD4E907128A60D4E907214A607C
:10DF200004F1180142688A4201D1216A416000224D
:10DF3000A2620168491E01606069D4E902128A6028
:10DF4000D4E902214A60211D42688A4201D1E16878
:10DF50004160002262610168491E016094F82C1042
:10DF6000012088403D49096808433C490860E16A4E
:10DF700001EB81013A4A02EB81014868A0608268A6
:10DF8000E260211D826851608160E16A01EB8101DC
:10DF9000334A02EB81026261E16A01EB8101304A9E
:10DFA00052F82110491CE26A02EB82022C4B43F822
:10DFB00022102C49E06A0968C96A884202D301200C
:10DFC000294908602448006808B9012000E00020C1
:10DFD00000289BD00CB1F5F7F3FD2448056865B126
:10DFE00000BFFFF7DFFC10B101201F4908606D1E64
:10DFF000002DF6D100201D4908601B48006800E094
:10E0000008E038B10126300719490860BFF34F8F87
:10E01000BFF36F8FFEF762F9304670BD200300201A
:10E020002E2E5C2E2E5C4D6964646C657761726582
:10E03000735C4672656552544F535C7461736B73C5
:10E040002E6300004572726F723A2025732C2025D2
:10E05000640D0A00F40200209C5E0120FC020020F6
:10E06000F45B0120E40200200803002004030020E8
:10E0700004ED00E02DE9FC4705460E46174698469C
:10E08000DDF828902C20F5F7B5FE044654B10020A9
:10E0900084F8280043463A4631462846CDE90094A4
:10E0A000F5F714FB2046BDE8FC8700001CB50024F2
:10E0B000F5F740F90B48006858B10B481F210023C1
:10E0C0004FF48072CDE9001008A10A48FFF71EFC4A
:10E0D00004462CB940F2191207A110A0E6F7E2FE9F
:10E0E00020461CBD2C03002030030020546D7220FC
:10E0F00053766300E13C01082E2E5C2E2E5C4D69A8
:10E1000064646C6577617265735C467265655254D0
:10E110004F535C74696D6572732E63004572726F44
:10E12000723A2025732C2025640D0A002DE9FF4743
:10E1300004460D4616461F46DDF830804FF00009B4
:10E140002CB940F28B1217A11FA0E6F7ABFE2248B4
:10E15000006810B3009501960294062D15DAFFF7BA
:10E160000BFC022808D10023424669461A48006881
:10E17000FEF728FF814610E000231A46694616483C
:10E180000068FEF71FFF814607E000233A46694614
:10E1900011480068FFF708F88146484604B0BDE81A
:10E1A000F08700002E2E5C2E2E5C4D6964646C6539
:10E1B00077617265735C4672656552544F535C7447
:10E1C000696D6572732E63004572726F723A202515
:10E1D000732C2025640D0A002C0300200000000091
:10E1E0000000000001020304060708090000000007
:10E1F0000102030400000000000000000000000015
:10E20000000000003F40000000000000000030005F
:10E21000400030004000000009000BC03D000BC072
:10E220003D00090018C024407FE0224031800000FA
:10E23000180024C01B000D803240018003801C4068
:10E2400027401C80074000401000600000000000D4
:10E25000000000000000000000001F80204040205F
:10E260000000402020401F80000000000900060040
:10E270001F80060009000000040004003F80040025
:10E28000040000000010006000000000000000001A
:10E29000040004000400040004000000000000402A
:10E2A0000000000000000000002001C0060038004F
:10E2B000400000001F802040204020401F800000C0
:10E2C000000010403FC000400000000018C0214086
:10E2D0002240244018400000108020402440244068
:10E2E0001B80000002000D0011003FC00140000033
:10E2F0003C80244024402440238000001F80244090
:10E3000024403440038000003000200027C0380043
:10E31000200000001B802440244024401B8000007B
:10E320001C0022C0224022401F800000000000008C
:10E330000840000000000000000000000460000031
:10E3400000000000000004000A001100208040408E
:10E350000900090009000900090000000000404010
:10E36000208011000A00040018002000234024002F
:10E37000180000001F802040274029401F40000057
:10E38000004007C039000F0001C0004020403FC0DE
:10E39000244024401B8000001F802040204020405B
:10E3A0003080000020403FC0204020401F800000FF
:10E3B00020403FC024402E4030C0000020403FC0DD
:10E3C00024402E00300000000F001080204022402A
:10E3D0003380020020403FC0040004003FC02040C2
:10E3E000204020403FC0204020400000006020200E
:10E3F00020203FC02000200020403FC024400B00D0
:10E4000030C0204020403FC020400040004000C0BD
:10E410003FC03C0003C03C003FC0000020403FC064
:10E420000C4023003FC020001F802040204020409F
:10E430001F80000020403FC024402400180000003E
:10E440001F802140214020E01FA0000020403FC04D
:10E450002440260019C0004018C024402440224017
:10E4600031800000300020403FC0204030000000DC
:10E4700020003F80004000403F80200020003E0000
:10E4800001C0070038002000380007C03C0007C06A
:10E4900038000000204039C0060039C0204000008C
:10E4A0002000384007C0384020000000304021C024
:10E4B0002640384020C00000000000007FE04020DF
:10E4C00040200000000070000C00038000400000AD
:10E4D0000000402040207FE00000000000002000FD
:10E4E000400020000000000000100010001000108C
:10E4F00000100010000000004000000000000000BC
:10E50000000002800540054003C0004020003FC0DD
:10E5100004400440038000000000038004400440E5
:10E520000640000000000380044024403FC000403B
:10E530000000038005400540034000000000044047
:10E540001FC0244024402000000002E00550055078
:10E550000650042020403FC00440040003C0004097
:10E560000000044027C00040000000000010001020
:10E57000041027E00000000020403FC001400700D9
:10E5800004C00440204020403FC000400040000044
:10E5900007C0040007C0040003C00000044007C017
:10E5A0000440040003C00040000003800440044015
:10E5B00003800000041007F00450044003800000B2
:10E5C000000003800440045007F00010044007C01E
:10E5D0000240040004000000000006400540054021
:10E5E00004C00000000004001F8004400040000040
:10E5F000040007800040044007C0004004000700FA
:10E6000004C0018006000400060001C0070001C02C
:10E6100006000000044006C0010006C004400000DF
:10E620000410071004E0018006000400000004400C
:10E6300005C00640044000000000000004007BE02C
:10E6400040200000000000000000FFF0000000007B
:10E65000000040207BE0040000000000400080003B
:10E6600040002000200040000000000000000000EA
:10E6700000000000000000000000000000001FCCAF
:10E68000000C0000000000000000080030006000E6
:10E690000800300060000000022003FC1E20022061
:10E6A00003FC1E200220000000000E1811043FFF92
:10E6B00010840C78000000000F0010840F3800C098
:10E6C000077818840078000000780F8410C41124A3
:10E6D0000E9800E400840008080068007000000044
:10E6E000000000000000000000000000000007E043
:10E6F00018182004400200000000400220041818EE
:10E7000007E00000000000000240024001800FF01E
:10E7100001800240024000000080008000800FF86D
:10E7200000800080008000000001000D000E00004D
:10E730000000000000000000000000800080008059
:10E7400000800080008000800000000C000C0000B1
:10E75000000000000000000000000006001800603B
:10E760000180060018002000000007F008081004CF
:10E770001004080807F000000000080408041FFC4B
:10E78000000400040000000000000E0C101410240F
:10E79000104411840E0C000000000C181004110429
:10E7A000110412880C700000000000E00320042413
:10E7B00008241FFC0024000000001F98108411048E
:10E7C0001104108810700000000007F00888110480
:10E7D000110418880070000000001C00100010FCDC
:10E7E00013001C001000000000000E3811441084BB
:10E7F000108411440E38000000000700088C1044FB
:10E800001044088807F00000000000000000030C1E
:10E81000030C0000000000000000000000010106E1
:10E820000000000000000000000000800140022005
:10E830000410080810040000022002200220022018
:10E84000022002200220000000001004080804102A
:10E85000022001400080000000000E001200100C99
:10E86000106C10800F00000003E00C1813E4142457
:10E8700017C4082807D000000004003C03C41C4053
:10E88000074000E4001C000410041FFC11041104E4
:10E8900011040E880070000003E00C18100410042E
:10E8A000100410081C10000010041FFC10041004B9
:10E8B0001004080807F0000010041FFC11041104E4
:10E8C00017C410040818000010041FFC11041100E4
:10E8D00017C010000800000003E00C18100410041A
:10E8E00010441C780040000010041FFC10840080BD
:10E8F000008010841FFC10040000100410041FFC92
:10E9000010041004000000000003000110011001B9
:10E910001FFE10001000000010041FFC11040380F3
:10E920001464181C1004000010041FFC10040004E0
:10E9300000040004000C000010041FFC1F0000FC79
:10E940001F001FFC1004000010041FFC0C04030037
:10E9500000E010181FFC100007F008081004100455
:10E960001004080807F0000010041FFC1084108039
:10E97000108010800F00000007F0081810241024E9
:10E98000101C080A07F2000010041FFC11041100FB
:10E9900011C011300E0C000400000E1C1104108474
:10E9A000108410441C3800001800100010041FFCD4
:10E9B000100410001800000010001FF810040004DC
:10E9C000000410041FF8100010001E0011E0001CCD
:10E9D000007013801C0010001FC0103C00E01F00DE
:10E9E00000E0103C1FC000001004180C163401C0D9
:10E9F00001C01634180C100410001C00130400FC95
:10EA000013041C00100000000804101C1064108483
:10EA100013041C04101800000000000000007FFE1A
:10EA20004002400240020000000030000C00038061
:10EA30000060001C00030000000040024002400291
:10EA40007FFE0000000000000000000020004000E9
:10EA50004000400020000000000100010001000112
:10EA60000001000100010001000040004000200002
:10EA70000000000000000000000000980124014494
:10EA80000144014400FC000410001FFC0088010444
:10EA9000010400880070000000000070008801047C
:10EAA00001040104008800000000007000880104D7
:10EAB000010411081FFC0004000000F80144014497
:10EAC0000144014400C800000000010401040FFCDF
:10EAD0001104110411001800000000D601290129B9
:10EAE000012901C90106000010041FFC0084010077
:10EAF0000100010400FC000400000104190419FCD9
:10EB000000040004000000000000000300010101F7
:10EB1000190119FE0000000010041FFC0024004031
:10EB200001B4010C010400000000100410041FFCDB
:10EB30000004000400000000010401FC01040100C5
:10EB400001FC0104010000FC010401FC008401003F
:10EB50000100010400FC0004000000F801040104AD
:10EB60000104010400F80000010101FF0085010417
:10EB7000010400880070000000000070008801049B
:10EB80000104010501FF00010104010401FC0084EE
:10EB90000104010001800000000000CC01240124D8
:10EBA000012401240198000000000100010007F881
:10EBB0000104010400000000010001F80004000449
:10EBC0000004010801FC0004010001800170000C38
:10EBD000001001600180010001F0010C003001C053
:10EBE0000030010C01F0010000000104018C0074F0
:10EBF0000170018C01040000010101810171000E0E
:10EC0000001801600180010000000184010C013442
:10EC100001440184010C000000000000000000001D
:10EC200001003EFC40024002000000000000000025
:10EC3000FFFF0000000000000000400240023EFC18
:10EC40000100000000000000000060008000800063
:10EC500040004000200020000000000000000000F4
:10EC600000000000000000000000000000000000A4
:10EC70000000000000000000000000000000000094
:10EC800000000000000000000000000F80380FFEB0
:10EC9000380F803800000000000000000000000075
:10ECA0000000000000000100000600000C00003819
:10ECB00000003100000600000C00003800003000A9
:10ECC000000000000000000061800067F807F98084
:10ECD0000061800061800061800061800067F8074A
:10ECE000F98000618000000000000000000001C009
:10ECF000E003E0F00630080418081FFFFE040E08C9
:10ED00000787F00381E000000000000001F000062A
:10ED10000C00040408060C7001F9C0000E00003B52
:10ED2000E000EC18070808040C180003E0000000DD
:10ED30000001E00007F003F818041C080417080796
:10ED4000E1D003C0E00023B0003C08002008000030
:10ED5000100000000000000100003100003200003F
:10ED60001C00000000000000000000000000000087
:10ED70000000000000000000000000000000000093
:10ED800000000000000000007F0001FFC00780F0CD
:10ED90000C001810000420000200000000000020F9
:10EDA00000021000040C00180780F001FFC0007F73
:10EDB0000000000000000000000000000000000053
:10EDC000000000004200006600006600003C0000F9
:10EDD000180003FFC0001800003C00006600006639
:10EDE00000004200000000000800000800000800C9
:10EDF00000080000080001FFC00008000008000033
:10EE000008000008000008000000000000010000E9
:10EE10003100003200001C00000000000000000073
:10EE200000000000000000000000000000000000E2
:10EE300008000008000008000008000008000008A2
:10EE400000000800000800000800000800000000A2
:10EE5000000000000000000038000038000038000A
:10EE600000000000000000000000000000000000A2
:10EE70000000000000000000000600001C00007000
:10EE8000000180000E0000380000C0000700001CD8
:10EE90000000300000000000000000007F8001FF43
:10EEA000E00380700600180400080400080600183B
:10EEB00003807001FFE0007F800000000000000080
:10EEC000000001000801000801000803FFF807FF27
:10EED000F800000800000800000800000000000022
:10EEE00000000001C03802C0580400980401180452
:10EEF0000218040418061C1803F81801E0F80000B2
:10EF00000000000000000001C0E003C0F0040008A1
:10EF100004080804080806180803F41801E7F000BC
:10EF200001E0000000000000000000000300000DF0
:10EF30000000110000610000810803010807FFF8CC
:10EF40000FFFF800010800010800000000000000A9
:10EF500000E007FCD0060808061008061008061096
:10EF600008061838060FF00607C000000000000071
:10EF7000000000003F8001FFE00384300208180415
:10EF80001008041008041008071810030FF00007F9
:10EF9000C000000000000000000003C000070000E7
:10EFA0000600000600F80607F806180006E000074D
:10EFB000000006000000000000000001E1E003F78F
:10EFC000F0063410041808041808040C08040C088F
:10EFD00006161803F3F001C1E00000000000000075
:10EFE000F80003FC30030638040208040208040297
:10EFF000080404100308F001FFC0007F00000000B7
:10F000000000000000000000000000000000000000
:10F0100070380070380070380000000000000000F8
:10F0200000000000000000000000000000000000E0
:10F0300000000000301A00301C000000000000003A
:10F0400000000000000000000000000000000008B8
:10F0500000001400002200004100008080010040F8
:10F06000020020040010080008000000000000005A
:10F0700021000021000021000021000021000021CA
:10F0800000002100002100002100002100000000FC
:10F090000000000000000800080400100200200129
:10F0A00000400080800041000022000014000008A1
:10F0B0000000000000000003C00004C000040000C5
:10F0C000080038080F380808380810000C3000070E
:10F0D000E00003C000000000000000003F8000FFCF
:10F0E000E0038070020F1006708804C08804830853
:10F0F000047F8802C09003012000FE400000080049
:10F1000000180001F8003E0801C20007020007E2F3
:10F110000000FE00001FC80001F8000038000008D1
:10F1200004000807FFF807FFF804080804080804AB
:10F13000080804080806180803F41801E7F000019D
:10F14000E0000000000000003F8001FFE00380704D
:10F150000200180400080400080400080400100657
:10F1600000200780C000000004000807FFF807FF28
:10F17000F804000804000804000804001802001045
:10F1800003807001FFE0007F80000000040008079A
:10F19000FFF807FFF8040808040808040808040832
:10F1A00008043E0804000806001801006000000082
:10F1B00004000807FFF807FFF80408080408000423
:10F1C0000800040800043E0006000006000001805C
:10F1D00000000000000000003F8001FFE00380709D
:10F1E0000600180400080402080402080203F007DD
:10F1F00083F000020000020004000807FFF807FF88
:10F20000F8040808000800000800000800000800D2
:10F2100004080807FFF807FFF804000800000000D2
:10F22000000004000804000804000807FFF807FFB6
:10F23000F8040008040008040008000000000000B2
:10F2400000000000000600000700000104000104A7
:10F25000000104000307FFFE07FFFC040000040098
:10F260000004000004000807FFF807FFF8040C087A
:10F27000001800003E0004C7800503C80600F8041B
:10F28000003804001800000804000807FFF807FF12
:10F29000F80400080000080000080000080000084A
:10F2A00000000800001800006000000004000807CB
:10F2B000FFF807800807FC00007FC00003F8000784
:10F2C000C000780007800807FFF807FFF80400086F
:10F2D00004000807FFF807000803C00000E0000072
:10F2E0003800001E000007000001C00400F007FF06
:10F2F000F8040000000000007F8001FFE003807040
:10F300000600180400080400080600180300300175
:10F31000FFE0007F8000000004000807FFF807FFFF
:10F32000F8040408040400040400040400040400B5
:10F33000060C0003F80001F00000000000000000CF
:10F340007F8001FFE00380700600880400880400CD
:10F35000C806003C03003E01FFE6007F8400000079
:10F3600004000807FFF807FFF80408080408000471
:10F370000C00040F00040BC00610F003F03801E08D
:10F380000800000800000001E0F803F0300630102B
:10F39000041808041808040C08040C0802061802D3
:10F3A00007F00781E0000000018000060000040073
:10F3B0000004000004000807FFF807FFF804000835
:10F3C00004000004000006000001800004000007A3
:10F3D000FFE007FFF004001800000800000800002C
:10F3E0000800000800000804001007FFE004000007
:10F3F00004000006000007E00007FE00041FE00014
:10F4000001F80000380001E0043E0007C0000600DB
:10F410000004000004000007E00007FFC0041FF81C
:10F420000007C007F80007FF80043FF80007C0048A
:10F43000F8000700000400000000000400080600B7
:10F440001807C07805F1C8003E00001F800463E87B
:10F450000780F806001804000800000004000006F9
:10F46000000007800007E008047C08001FF8000780
:10F47000F800180804E00807000006000004000077
:10F480000000000100080600380400F80403E80446
:10F490000F08047C0805F00807C0080700180400DE
:10F4A00060000000000000000000000000000000FC
:10F4B0000000003FFFFE200002200002200002208A
:10F4C0000002200002000000000000000000080010
:10F4D0000007000000C0000038000006000001C066
:10F4E00000003000000E00000100000000000000DD
:10F4F0000000200002200002200002200002200064
:10F50000023FFFFE000000000000000000000000BD
:10F5100000000000000000000008000010000030A3
:10F520000000200000300000100000080000000073
:10F5300000000000000001000001000001000001C7
:10F5400000000100000100000100000100000100B6
:10F5500000010000010000010000000000000000A8
:10F56000002000002000001000001000000000003B
:10F57000000000000000000000000000000000008B
:10F5800000F00019F8001B180022080026080024CB
:10F5900008002410003FF8001FF8000008000018C1
:10F5A00000000004000007FFF80FFFF0001818002B
:10F5B0001008002008002008003018001FF0000F7D
:10F5C000C00000000000000007C0001FF00018305D
:10F5D000002008002008002008003C08001C100043
:10F5E00000600000000000000000000007C0001FD5
:10F5F000F00038180020080020080020080410102F
:10F6000007FFF80FFFF000001000000000000000EE
:10F6100000000007C0001FF0001230002218002276
:10F6200008002208003208001E10000E2000000012
:10F6300000000000200000200800200801FFF8035F
:10F64000FFF8062008042008042008072000030013
:10F650000000000000000000000E000E6E001FF30E
:10F660000031B10020B10020B1003191001F130022
:10F670002E1E00200E00300000000004000807FFCE
:10F68000F80FFFF8001008002000002000002008FC
:10F69000003FF8001FF80000080000000000000014
:10F6A0000000002008002008002008063FF8063F60
:10F6B000F80000080000080000080000000000003A
:10F6C0000000000000000000030000030020010013
:10F6D0002001002003063FFE063FFC000000000062
:10F6E0000000000000000004000807FFF80FFFF80A
:10F6F000000188000300002FC00038F80020380007
:10F7000020080000080000000000000000000400C5
:10F710000804000804000807FFF80FFFF8000008BD
:10F7200000000800000800000000000000200800A1
:10F730003FF8003FF8001008002000003FF8003FAD
:10F74000F8001008002000003FF8003FF800000813
:10F75000000000002008003FF8003FF800100800FB
:10F760001000002000002008003FF8001FF80000F3
:10F77000080000000000000007C0000FF000183073
:10F780000030080020080020080030080018300071
:10F790000FF00007C0000000000000002001003F43
:10F7A000FF003FFF00101100200900200800200882
:10F7B000003038001FF0000FC00000000000000003
:10F7C00007C0001FF00038180020080020080020A3
:10F7D00009001011001FFF003FFF000001000000A2
:10F7E000002008002008002008003FF8003FF80033
:10F7F0000808001008002008002000003000003039
:10F8000000000000000000000000000C78001E183E
:10F8100000330800230800210800218800219800F7
:10F8200030F00038600000000000000020000020E0
:10F830000000200000FFF003FFF80020080020086F
:10F840000020080000300000000000000000000060
:10F850002000003FF0007FF80000180000080000C2
:10F8600008002010003FF8007FF0000010000000AA
:10F87000000000002000003000003C00003F80003D
:10F8800023F0000078000070002380003C0000306E
:10F8900000002000002000003C00003FE00023F8B2
:10F8A0000000E0002700003E00003FE00021F800DB
:10F8B00001E0003E000020000000000020080020C1
:10F8C00008003838003E680027800003C8002CF884
:10F8D0000038380020180020080000000000000058
:10F8E0002000003003003C01003F830023EC0000B7
:10F8F00070002380003C0000200000200000000079
:10F900000000000000000038080020380020F80047
:10F9100023E8002F88003E08003808002018000067
:10F920007000000000000000000000000000000067
:10F930000000000008000014001FF7FC3000062043
:10F9400000020000000000000000000000000000B5
:10F9500000000000000000000000FFFFFF000000AA
:10F960000000000000000000000000000000000097
:10F9700000002000023000061FF7FC001400000801
:10F980000000000000000000000000000000000077
:10F99000000000180000600000400000400000204F
:10F9A00000001000000800000400000400000C002B
:10F9B0000010000000000000000000000000000037
:10F9C0000000000000000000000000000000000037
:10F9D0000000000000000000000000000000000027
:10F9E0000000000000000000000000000000000017
:10F9F0000000000000000000000000000000000007
:10FA000000000000000000000000000007F000C03F
:10FA100007FFE1E007F001E0000000C00000000087
:10FA200000000000000000000000000000000000D6
:10FA300000000000000000000000000000200000A6
:10FA400001C00000078000001F0000001E00000031
:10FA50001C20000001C00000078000001F00000003
:10FA60001E0000001C00000000000000000000005C
:10FA7000000000000000000000180C0000180C003E
:10FA800000180FE0001FFC0003F80C0000180C0029
:10FA900000180C0000180C0000180C0000180FE0F3
:10FAA000001FFC0003F80C0000180C0000180C00EC
:10FAB00000000000000000000000000000000780BF
:10FAC000007807C000FC0640010E0020030700205C
:10FAD000020380200FFFFFFC0201C0200200E06053
:10FAE0000130704001F03F8000F01F000000000076
:10FAF0000000000000FE000001FF00000301800084
:10FB000002008060030181C001FF070000FE1800B1
:10FB10000000E0000003BF00000CFFC00071806027
:10FB200001C10020030180600000FFC000003F0011
:10FB30000000000000001F0000007FC000FCC0C0EB
:10FB400001FF80600303E0200202782002061E20ED
:10FB500003FC074001F00380000103C000011C60AA
:10FB60000001E020000100200001004000000180B1
:10FB70000000000000000000002000001C600000E9
:10FB80001C4000001F8000000F000000000000006B
:10FB90000000000000000000000000000000000065
:10FBA0000000000000000000000000000000000055
:10FBB0000000000000000000000000000000000045
:10FBC0000000000000000000000000000000000035
:10FBD0000007F800003FFF00007807C001C000E008
:10FBE00003000030040000080800000410000002B8
:10FBF00000000000000000001000000208000004E7
:10FC0000040000080300003001C000E0007807C0D5
:10FC1000003FFF000007F8000000000000000000A7
:10FC200000000000000000000000000000000000D4
:10FC3000000000000000000000000000000C1800A0
:10FC4000000E3800000E380000063000000360008F
:10FC50000061438000FFFF800061430000036000FB
:10FC600000063000000E3800000E3800000C1800AE
:10FC70000000000000000000000000000000800004
:10FC80000000800000008000000080000000800074
:10FC900000008000007FFF00000080000000800066
:10FCA0000000800000008000000080000000800054
:10FCB000000000000000000000000001000000E360
:10FCC000000000E2000000FC0000007800000000DE
:10FCD0000000000000000000000000000000000024
:10FCE0000000000000000000000000000000000014
:10FCF0000000000000000000000080000000800004
:10FD000000008000000080000000800000008000F3
:10FD100000008000000080000000800000008000E3
:10FD200000008000000080000000800000008000D3
:10FD3000000000000000000000000000000000C003
:10FD4000000001E0000001E0000000C00000000031
:10FD500000000000000000000000000000000000A3
:10FD60000000000000000000000000000000000093
:10FD700000000000000000000000000C000000383F
:10FD8000000000E00000038000000E0000003800CA
:10FD90000000E00000038000000E000000380000BA
:10FDA00000E00000038000000E00000018000000CA
:10FDB000000000000000000000000000000FF8003C
:10FDC000007FFF0000F00780018000C0030000609A
:10FDD000020000200200002002000020030000605A
:10FDE000018000C000E00380007FFF00000FF800EA
:10FDF0000000000000000000000000000000000003
:10FE00000080002000800020008000200080006032
:10FE100001FFFFE003FFFFE00000006000000020A2
:10FE20000000002000000020000000000000000092
:10FE3000000000000000000000000000007800E06A
:10FE40000098016001000260020004600200086086
:10FE50000200106002002060020040600300806029
:10FE60000183006001FE00E0007C078000000000CC
:10FE700000000000000000000000000000F007800B
:10FE800001F007C001000040020000200201002034
:10FE9000020100200201002003038020018680402F
:10FEA00001FCC0C000787F8000001E000000000040
:10FEB0000000000000000000000008000000380002
:10FEC000000048000001880000060800000C08102F
:10FED000003008100040081001FFFFF003FFFFF0A2
:10FEE00003FFFFF0000008100000081000000810D9
:10FEF000000000000000000000000000000007807B
:10FF0000001F864003E100200302002003040020BC
:10FF10000304002003040020030400200306004023
:10FF2000030301C00301FF8003007E000000000006
:10FF30000000000000000000000000000007FC00BE
:10FF4000003FFF000070C380008180C0010100609D
:10FF50000302002002020020020200200202002010
:10FF60000203004001C180C000C0FF8000007E008D
:10FF700000000000000000000000000000F0000091
:10FF800003C000000380000003000000030007E03E
:10FF900003003FE00301C000030600000318000057
:10FFA0000360000003800000030000000000000068
:10FFB000000000000000000000001F0000783F80EB
:10FFC00000FC60C0018EC0400307802002030020B7
:10FFD00002018020020180200201C0200301E040D4
:10FFE000018670C000FC3F8000781F000000000008
:10FFF0000000000000000000003F000000FF81C082
:020000040802F0
:1000000001C0C1C0010060200200202002002020A9
:100010000200202002002060020040C00100C180D8
:1000200000C18F00007FFE00001FF00000000000F4
:1000300000000000000000000000000000000000C0
:10004000000000000000000000000000000300C0ED
:10005000000781E0000781E0000300C0000000000D
:100060000000000000000000000000000000000090
:100070000000000000000000000000000000000080
:100080000000000000000000000000000006006604
:1000900000060078000000000000000000000000E2
:1000A0000000000000000000000000000000000050
:1000B00000000000000000000000000000008000C0
:1000C0000001C0000003600000063000000C1800B2
:1000D00000180C00003006000060030000C0018022
:1000E0000100004002000020040000100000000099
:1000F00000000000000000000004100000041000D8
:10010000000410000004100000041000000410009F
:10011000000410000004100000041000000410008F
:10012000000410000004100000041000000410007F
:1001300000000000000000000000000004000010AB
:10014000020000200100004000C0018000600300A8
:100150000030060000180C00000C180000063000EB
:10016000000360000001C0000000800000000000EB
:100170000000000000000000000000000078000007
:1001800001F800000238000002000000040000C076
:10019000040079E0040081E0040100C004030000D1
:1001A000020200000306000001FC000000F800004D
:1001B0000000000000000000000FF800003FFE00FB
:1001C0000070078000C000C00101F8400307FC2058
:1001D000021E04200230082002203020023FFC20B2
:1001E000013F044001800CC000E03180001FC200CC
:1001F000000000000000002000000060000003E09C
:1002000000003E200003E020003E200003E020002C
:100210000380200007FC2000003FE0000003FE20D8
:1002200000003FE0000001E000000020000000208E
:10023000000000000000000002000020020000207A
:1002400003FFFFE003FFFFE00201002002010020A6
:10025000020100200201002002010020030300200F
:100260000186806001FCC0C000F87F8000001F0094
:1002700000000000000000000007F800003FFF0041
:100280000070078000C000C0010000400300002093
:1002900002000020020000200200002002000020D6
:1002A00001000040018000C003C001800030060052
:1002B00000000000000000000200002002000020FA
:1002C00003FFFFE003FFFFE0020000200200002028
:1002D0000200002002000020030000600100004036
:1002E000018000C000F00780007FFE00000FF800D2
:1002F00000000000000000000200002002000020BA
:1003000003FFFFE003FFFFE00201002002010020E5
:1003100002010020020100200201002002038020CF
:10032000020FE0200300006003C000E00060030053
:100330000000000000000000020000200200002079
:1003400003FFFFE003FFFFE00201002002010020A5
:100350000201000002010000020100000201000091
:1003600002038000030FE0000300000003C0000050
:1003700000600000000000000007F800003FFE00E1
:100380000070078001C001C0010000400300002090
:1003900002000020020000200200002001002020B6
:1003A0000100204003C03F8000303F80000020005B
:1003B00000002000020000200200002003FFFFE0F8
:1003C00003FFFFE002008020020080200000800088
:1003D00000008000000080000200802002008020D9
:1003E00003FFFFE003FFFFE0020000200200002007
:1003F00000000000000000000000000000000000FD
:100400000200002002000020020000200200002064
:1004100003FFFFE003FFFFE00200002002000020D6
:100420000200002002000020000000000000000088
:1004300000000000000000000000000E0000000F9F
:100440000000000F00000001020000010200000196
:10045000020000030200000603FFFFFC03FFFFF899
:100460000200000002000000020000000200000084
:100470000000000000000000020000200200002038
:1004800003FFFFE003FFFFE00200C02002010020A5
:1004900000078000000FE0000030F80002603E20FE
:1004A00003800F20030003E0020000E002000020B0
:1004B00000000020000000000200002002000020D8
:1004C00003FFFFE003FFFFE0020000200200002026
:1004D000000000200000002000000020000000209C
:1004E0000000002000000060000000E000000300A9
:1004F00000000000020000200200002003FFFFE0D7
:1005000003E0002003FF0020001FF0000001FF8037
:1005100000000FE000001E000003E000003E00208D
:1005200003E0002003FFFFE003FFFFE002000020E4
:1005300002000020020000200200002003FFFFE074
:100540000380002003F0002000FC0000001F0000DA
:100550000007C0000001F00000007C0002001F80C6
:10056000020007E003FFFFE00200000002000000BD
:100570000000000000000000000FF800003FFE0037
:1005800000F00780018000C0010000400200002050
:1005900002000020020000200200002001000040B4
:1005A000018000C000F00380003FFE00000FF80053
:1005B00000000000000000000200002002000020F7
:1005C00003FFFFE003FFFFE0020080200200802025
:1005D0000200800002008000020080000200800013
:1005E000030180000183000000FE0000007C000089
:1005F0000000000000000000000FF800007FFF0076
:1006000000F00380018001C00100064002000420C8
:100610000200042002000620020003E0010000F8AE
:100620000180005C00E0038C003FFF0C000FFC1811
:100630000000000000000000020000200200002076
:1006400003FFFFE003FFFFE00201002002010020A2
:10065000020180000201E0000201FC0003033F8070
:10066000018607E001FC00E000F800200000002007
:1006700000000000000000000000000000780600FC
:1006800000FE01E0018600C00303004002030020D9
:1006900002018020020180200201C0200200C0204F
:1006A0000100E060018070C003E03F8000001F0097
:1006B0000000000000000000006000000380000057
:1006C00003000000020000000200002002000020E1
:1006D00003FFFFE003FFFFE0020000200200002014
:1006E00002000000020000000380000000E00000A3
:1006F00000000000020000000200000003FFFF00F5
:1007000003FFFFC002000040020000600000002064
:100710000000002000000020000000200200004037
:100720000200008003FFFF00020000000200000042
:1007300000000000000000000200000002000000B5
:1007400003C0000003FC0000023FC0000003F800EB
:1007500000007F80000007E00000078000007800B4
:100760000203C000023C000003C0000002000000C1
:10077000020000000200000003C0000003FF800030
:10078000023FFE0002007FE000000F000200F000C8
:1007900003EF000003FF8000020FFE0000003FE0B7
:1007A00000001F000207E00003F800000300000043
:1007B00002000000000000000200002002000020F3
:1007C000038000E003F0032002FC0C20021F300035
:1007D0000007C0000007F00002187C0002601F2024
:1007E000038003E0020000E002000020000000207F
:1007F00000000000000000000200000003000000F4
:1008000003C0000003F80000023E0020020FC020D9
:100810000001FFE000007FE000038020021C0020B8
:1008200002700000038000000200000002000000CF
:10083000000000000000000000000020006000E058
:10084000038003E003000FA002003E200200F82016
:100850000203E020020F8020023E002002780020E8
:1008600003E00060038000E00200030000000000DD
:100870000000000000000000000000000000000078
:100880000000000000000000000000001FFFFFFC4F
:100890001000000410000004100000041000000408
:1008A000100000041000000410000004000000000C
:1008B0000000000000000000000000000000000038
:1008C0000700000003C0000000780000001E0000C8
:1008D0000003C0000000F00000001E0000000780C0
:1008E000000000F00000003C0000000600000000D6
:1008F00000000000000000000000000010000004E4
:100900001000000410000004100000041000000497
:1009100010000004100000041FFFFFFC0000000096
:1009200000000000000000000000000000000000C7
:1009300000000000000000000000000000000000B7
:100940000000000002000000040000000800000099
:10095000180000001000000018000000180000003F
:100960000400000002000000000000000000000081
:100970000000000000000001000000010000000174
:100980000000000100000001000000010000000163
:100990000000000100000001000000010000000153
:1009A0000000000100000001000000010000000143
:1009B0000000000100000000000000000000000036
:1009C00010000000100000001000000018000000DF
:1009D000080000000400000000000000000000000B
:1009E0000000000000000000000000000000000007
:1009F00000000000000000000000038000018FC024
:100A000000038C6000061820000410200004102051
:100A10000004202000042040000620400003FFC006
:100A20000001FFE00000002000000020000000C0E6
:100A300000000000000000000200000002000000B2
:100A400003FFFFE007FFFFC0000180C0000200605D
:100A50000002002000040020000400200004002008
:100A600000060040000300C00001FF800000FE00FF
:100A700000000000000000000000000000007E00F8
:100A80000001FF80000381C000020040000600203A
:100A900000040020000400200004002000060020C4
:100AA0000003C0400001C0800000030000000000FF
:100AB00000000000000000000000000000007E00B8
:100AC0000001FF80000380C00006006000040020D9
:100AD0000004002000040020020400400202008004
:100AE00003FFFFE007FFFFC00000004000000040E0
:100AF00000000000000000000000000000007E0078
:100B00000001FF80000311C00002104000041060CB
:100B10000004102000041020000410200006102003
:100B2000000310400001F0C0000071000000000050
:100B300000000000000000000000000000040000B1
:100B4000000400200004002000040020007FFFE0DB
:100B500001FFFFE001040020030400200204002044
:100B600002040020020400000200000001C0000096
:100B700001C0000000000000000000000000001C98
:100B80000000E33E0003FFC200020CC3000404C1E6
:100B9000000404C1000404C1000404C100060CC127
:100BA0000003F8C30005F0620006007E0006003C6A
:100BB00000000000000000000200002002000020F1
:100BC00003FFFFE007FFFFE000010020000200201C
:100BD00000060000000400000004000000040020E3
:100BE000000600200003FFE00001FFE000000020FD
:100BF00000000020000000000000000000000000D5
:100C00000004002000040020000400200004002054
:100C10000387FFE0038FFFE0038000200000002037
:100C20000000002000000020000000000000000084
:100C300000000000000000000000000000000000B4
:100C40000000000600000007000000010000000195
:100C50000004000100040001000400030004000679
:100C60000387FFFC038FFFF80380000000000000F3
:100C70000000000000000000020000200200002030
:100C800003FFFFE007FFFFE0000008200000102046
:100C9000000030000000FC0000058E00000707A0E7
:100CA000000601E0000400E0000400200000002035
:100CB0000000000000000000000000000000000034
:100CC000020000200200002002000020020000209C
:100CD00003FFFFE007FFFFE000000020000000200E
:100CE00000000020000000200000000000000000C4
:100CF0000000000000000000000400200007FFE0EA
:100D0000000FFFE0000200200004000000040020AB
:100D10000007FFE00003FFE00002002000040000E5
:100D2000000400200007FFE00003FFE000000020B7
:100D3000000000000000000000040020000400206B
:100D40000007FFE0000FFFE000010020000200208C
:100D50000002000000040000000400000004002065
:100D6000000600200003FFE00001FFE0000000207B
:100D700000000020000000000000000000007E00D5
:100D80000000FF80000381C0000200400006002038
:100D900000040020000400200004002000060020C1
:100DA00000020040000381C00001FF8000007E00BF
:100DB0000000000000000000000400010004000129
:100DC0000007FFFF000FFFFF000100C1000200410C
:100DD0000004002000040020000400200004002083
:100DE00000060040000301C00001FF8000007E00FB
:100DF00000000000000000000000000000007E0075
:100E00000001FF80000380C0000200600004002099
:100E10000004002000040020000400200002004123
:100E2000000300C10003FFFF0007FFFF00000001F7
:100E30000000000100000000000400200004002069
:100E40000004002000040020000FFFE0000FFFE07E
:100E50000000C02000010020000200200006002049
:100E60000004000000040000000700000003000070
:100E7000000000000000000000000000000003E08F
:100E80000001C0E00003E0400006302000043020F4
:100E900000041820000418200004182000040C206E
:100EA00000020C60000307C0000783800000000000
:100EB000000000000000000000000000000400002E
:100EC0000004000000040000000C0000001FFF8070
:100ED00000FFFFC0000400600004002000040020A8
:100EE0000004002000040040000001800000000019
:100EF00000000000000000000004000000040000EA
:100F00000007FF80000FFFC000000060000000200D
:100F1000000000200000002000000020000400402D
:100F2000000400800007FFE0000FFFC00000004049
:100F30000000004000000000000400000004000069
:100F4000000780000007F0000004FE0000041FC03E
:100F5000000003E00000038000001C0000046000AB
:100F600000078000000600000004000000000000F0
:100F70000000000000040000000600000007C000A0
:100F80000007FC0000043F80000003E000040F8025
:100F90000006F0000007F0000007FF8000040FE0EB
:100FA0000000038000043C000007C00000060000B1
:100FB00000040000000000000000002000040020E9
:100FC00000040060000700E0000783200007E6003F
:100FD0000004F80000003C0000045E20000587A02B
:100FE000000601E000040060000400200000002072
:100FF00000000000000000000004000000040003E6
:10100000000700030007E0010004F80100041F02CC
:10101000000007FC000000E00000070000043800AA
:101020000007C000000600000004000000040000EB
:1010300000000000000000000000000000078060C9
:10104000000600E0000403E0000407A000040E20F6
:1010500000043C20000470200005E02000078020F0
:1010600000070060000400E00000038000000000B2
:101070000000000000000000000000000000000070
:101080000000000000000000000000000000000060
:1010900000008000000080000001400007FE3FF8D3
:1010A0000800000410000002100000020000000010
:1010B0000000000000000000000000000000000030
:1010C0000000000000000000000000000000000020
:1010D00000000000FFFFFFFF000000000000000014
:1010E0000000000000000000000000000000000000
:1010F00000000000000000000000000010000002DE
:10110000100000020800000407FE3FF80001400044
:1011100000008000000080000000000000000000CF
:1011200000000000000000000000000000000000BF
:101130000000000000000000180000003000000067
:1011400040000000400000004000000020000000BF
:101150003000000008000000040000000200000051
:1011600002000000020000000C0000001800000057
:10117000000000008002000080070000803E0000A8
:1011800020000000200000002000000000500000AF
:1011900000F0000000D007002C1502082000040019
:1011A00083CE0020080200202415020898000400C5
:1011B00006CF00200C020020841502081C0002004B
:1011C00069D1002010020020501502081400780098
:1011D000A4D10020140200201815020820000500E8
:1011E00007DB0020180200203C15020818000F0041
:1011F000AADB00201C020020481502081000020093
:1012000015DD002020020020941502082C000400A7
:1012100038DD0020240200205815020810000800C4
:10122000EBDD0020280200209C15020810000800B9
:101230006EDE00202C020020AC1502081000060013
:10124000F1DE0020300200203415020834010100D4
:1012500054DF0020340200207415020810000F0033
:101260008BE000203802002068150208FC051400FD
:101270007EE100203C02002098110208A81102081B
:10128000B8110208C8110208D8110208E8110208B2
:10129000F81102080812020818120208281202089F
:1012A000381202084812020858120208681202088E
:1012B000DC1502088C1502081C160208E415020849
:1012C000D0150208B8150208C41502081016020845
:1012D000F0150208F81502080416020801020304BA
:1012E00005060707070707070703060C183060788D
:1012F00058020020540200205C02002060020020FE
:10130000FA000000D1950108E803000045AF00088D
:10131000E8030000C993000860EA0000796500084E
:10132000F4010000DD690008E803000057880008A8
:101330000600000000000000FFFFFFFFFFFFFFFFAF
:10134000FFFF0000000000000040404040404040DF
:101350004040414141414140404040404040404088
:10136000404040404040404040050202020202022C
:10137000020202020202020202202020202020207B
:10138000202020020202020202029090909090908F
:10139000101010101010101010101010101010104D
:1013A00010101010020202020202888888888888C1
:1013B00008080808080808080808080808080808AD
:1013C000080808080202020240000000491302084F
:1013D0003F000000646563006964000072756E740C
:1013E000696D650068656C70000000006C6973745D
:1013F0000000000068657800766F6964202A6D79C6
:101400006D616C6C6F632875696E74385F74206DE4
:10141000656D782C2075696E7433325F7420736942
:101420007A652900766F69642077726974655F61F7
:101430006464722875696E7433325F742061646409
:10144000722C75696E7433325F742076616C29007A
:1014500075696E7433325F7420726561645F6164B4
:1014600064722875696E7433325F742061646472CB
:1014700029000000766F6964206D796672656528C1
:1014800075696E74385F74206D656D782C20766F89
:101490006964202A7074722900000000766F696404
:1014A0002064656C61795F6D732875696E7431367F
:1014B0005F74206E6D732900766F69642064656CBB
:1014C00061795F75732875696E7433325F74206E4D
:1014D000757329004C5749505F434F4E53545F4337
:1014E000415354206E6F7420696D706C656D656E2C
:1014F00074656420636F72726563746C792E204327
:101500006865636B20796F7572206C774950207025
:101510006F72742E000000005245415353444154F1
:10152000410000005443505F504342005544505F17
:10153000504342004E455444420000004652414749
:101540005F504255460000004E455442554600004B
:101550005443505F5345470054435049505F4D53E7
:10156000475F415049000000504255465F504F4F81
:101570004C000000504255465F5245462F524F4D99
:10158000000000005443505F5043425F4C495354A5
:10159000454E00004E4554434F4E4E005443504973
:1015A000505F4D53475F494E504B54005359535F62
:1015B00054494D454F55540046494E5F5741495493
:1015C0005F31000046494E5F574149545F32000089
:1015D00045535441424C495348454400434C4F53B2
:1015E0004544000053594E5F5243564400000000EA
:1015F000434C4F53494E47004C4153545F41434B7A
:101600000000000054494D455F5741495400000017
:10161000434C4F53455F57414954000053594E5F67
:1016200053454E54000000007463705F656E717521
:101630006575655F666C6167733A206E65656420E9
:10164000656974686572205443505F53594E206F2A
:1016500072205443505F46494E20696E20666C618B
:101660006773202870726F6772616D6D6572207686
:10167000696F6C6174657320415049290000000056
:10168000646863705F6F7074696F6E3A206F707416
:10169000696F6E735F6F75745F6C656E202B20329F
:1016A000202B206F7074696F6E5F6C656E203C3DFF
:1016B00020444843505F4F5054494F4E535F4C4570
:1016C0004E0000006E657469662D3E687761646443
:1016D000725F6C656E206D7573742062652074682E
:1016E000652073616D65206173204554485F4857DC
:1016F000414444525F4C454E20666F7220657468C9
:1017000061727021000000006D7174745F636C6918
:10171000656E745F636F6E6E6563743A20636C69A7
:10172000656E745F696E666F2D3E636C69656E747D
:101730005F75736572206C656E677468206D757374
:1017400074206265203E2030000000006D717474CA
:101750005F636C69656E745F636F6E6E6563743A28
:1017600020636C69656E745F696E666F2D3E636C95
:1017700069656E745F70617373206C656E67746801
:10178000206D757374206265203E203000000000DB
:10179000636C69656E744964616C695F73657276C8
:1017A00065725F746573746465766963654E616DB7
:1017B00065616C695F7365727665725F7465737479
:1017C00070726F647563744B65796B3077796451AF
:1017D000416F6C303974696D657374616D70373841
:1017E000390000007B22706172616D73223A7B22A6
:1017F00043757272656E7454656D7065726174754F
:101800007265223A2B25302E31662C2252656C618E
:101810007469766548756D6964697479223A253012
:101820002E31667D2C226D6574686F64223A2274B5
:1018300068696E672E6576656E742E70726F70655E
:101840007274792E706F7374227D00006C18020818
:101850000000002068030000480900080819020879
:101860006803002098EB0100584F000811033D2445
:10187000F43210420122F80316FFFF1ED0130208B3
:10188000E4041AEC041AD8041AF4041AD4041ADC76
:1018900004180ED53F01085014020831CC01082469
:1018A00008132D631B089C081A45081AB8081E7DEA
:1018B0001B0108F8281A59081A74102280180F20E2
:1018C0008DB70108E9AF010899B00108CD0C5A069F
:1018D0008301D8100B2D1A0108051B0108C00F3217
:1018E0002032101C68C05F0C1AF00C0489D0076805
:1018F000021AC00B3C6E1954057001031C06023B12
:081900001F1AAA01C10000003A
:040000050800018965
:00000001FF
